key,en,zh-Hans,zh-Hant,ja-JP,ko-KR,ms-MY,th-TH,vi-VN,hi-IN,de-DE,fr-FR,pt-PT,es-ES,it-IT,nl-NL,no-NO,sv-SE,ro-RO,cs-CZ
common.more,View More,查看更多,查看更多,もっと見る,더보기,Lihat Lagi,ดูเพิ่มเติม,Xem thêm,और देखें,Mehr anzeigen,Voir plus,Ver mais,Ver más,Visualizza di più,Meer weergeven,Se mer,Visa mer,Vezi mai mult,Zobrazit více
common.hello,{msg} World,{msg} 世界,{msg} 世界,{msg}の世界,세계,{msg} Dunia,{msg} โลก,{msg} Thế giới,{msg} दुनिया,{msg} Welt,{msg} Monde,{msg} Mundo,{msg} Mundo,{msg} Mondo,{msg} Wereld,{msg} Verden,{msg} Världen,{msg} Lumea,{msg} Svět
common.confirm,Confirm,确认,確認,確認,확인,Sahkan,ยืนยัน,Xác nhận,पुष्टि करें,Bestätigen,Confirmer,Confirmar,Confirmar,Conferma,Bevestigen,Bekreft,Bekräfta,Confirmă,Potvrdit
common.cancel,Cancel,取消,取消,キャンセル,취소,Batal,ยกเลิก,Hủy,रद्द करें,Abbrechen,Annuler,Cancelar,Cancelar,Annulla,Annuleren,Avbryt,Avbryt,Anulează,Zrušit
common.save,Save,保存,儲存,保存,저장,Simpan,บันทึก,Lưu,सहेजें,Speichern,Enregistrer,Salvar,Guardar,Salva,Opslaan,Lagre,Spara,Salvează,Uložit
common.done,Done,完成,完成,完了,완료,Selesai,เสร็จสิ้น,Hoàn tất,हो गया,Fertig,Terminé,Concluído,Completado,Completato,Voltooien,Fullført,Färdig,Finalizat,Dokončeno
common.loading,Loading...,加载中...,加載中...,読み込み中...,로딩 중...,Memuatkan...,กำลังโหลด...,Đang tải...,लोड हो रहा है…,Wird geladen…,Chargement…,Carregando…,Cargando…,Caricamento in corso…,Laden...,Laster inn...,Laddar...,Se încarcă...,Načítání...
common.doSuccess,Operation successful,操作成功,操作成功,操作が成功しました,작업이 성공했습니다,Operasi berjaya,ดำเนินการสำเร็จ,Thao tác thành công,ऑपरेशन सफल रहा,Vorgang erfolgreich,Opération réussie,Operação bem-sucedida,Operación exitosa,Operazione riuscita,Actie geslaagd,Handling vellykket,Åtgärd lyckades,Operațiune reușită,Akce byla úspěšná
faq.title,FAQ,常见问题,常見問題,よくある質問,자주 묻는 질문,Soalan Lazim,คำถามที่พบบ่อย,Câu hỏi thường gặp,अक्सर पूछे जाने वाले प्रश्न,Häufig gestellte Fragen,Questions fréquentes,Perguntas frequentes,Preguntas frecuentes,Domande frequenti,Veelgestelde vragen,Vanlige spørsmål,Vanliga frågor,Întrebări frecvente,Často kladené dotazy
faq.faq1,What is 9M AI?,什么是 9M AI？,什麼是 9M AI？,9M AIとは何ですか？,9M AI는 무엇인가요?,Apakah itu 9M AI?,9M AI คืออะไร?,9M AI là gì?,9M AI क्या है?,Was ist 9M AI?,Qu’est-ce que 9M AI ?,O que é 9M AI?,¿Qué es 9M AI?,Che cos’è 9M AI?,Wat is 9M AI?,Hva er 9M AI?,Vad är 9M AI?,Ce este 9M AI?,Co je 9M AI?
faq.faq1Content,"9M AI is a New York–based AI fintech company founded by former Goldman Sachs executives, Columbia University AI scientists, and top quantitative engineers. It delivers fully automated investment and asset-management solutions using proprietary AI trading models.",9M AI 是一家总部位于纽约的 AI 金融科技公司，由前高盛高管、哥伦比亚大学 AI 科学家及顶尖量化工程师创立，专注于通过专有 AI 交易模型提供全自动的投资与资产管理解决方案。,9M AI 是一家總部位於紐約的 AI 金融科技公司，由前高盛高層、哥倫比亞大學 AI 科學家與頂尖量化工程師創立，致力於提供透過專屬 AI 交易模型所驅動的全自動投資與資產管理解決方案。,9M AIは、元ゴールドマン・サックス幹部、コロンビア大学のAI科学者、トップクラスのクオンツエンジニアによって設立された、ニューヨーク拠点のAIフィンテック企業です。独自開発のAI取引モデルを用いて、完全自動化された資産運用ソリューションを提供します。,"9M AI는 전 골드만삭스 임원, 콜롬비아대학교 AI 과학자, 그리고 최고의 퀀트 엔지니어들이 설립한 뉴욕 기반의 AI 핀테크 기업입니다. 독자적인 AI 트레이딩 모델을 기반으로 완전 자동화된 투자 및 자산 관리 솔루션을 제공합니다.","9M AI ialah syarikat fintech AI yang berpangkalan di New York, diasaskan oleh bekas eksekutif Goldman Sachs, saintis AI dari Universiti Columbia, dan jurutera kuantitatif terbaik. Ia menyediakan penyelesaian pelaburan dan pengurusan aset automatik sepenuhnya menggunakan model dagangan AI milik sendiri.",9M AI คือบริษัทฟินเทคด้าน AI สัญชาติอเมริกันในนิวยอร์ก ก่อตั้งโดยอดีตผู้บริหาร Goldman Sachs นักวิทยาศาสตร์ AI จากมหาวิทยาลัยโคลัมเบีย และวิศวกรควอนตัมชั้นนำ โดยให้บริการระบบลงทุนและบริหารสินทรัพย์แบบอัตโนมัติผ่านโมเดลการเทรด AI ที่พัฒนาเอง,"9M AI là công ty fintech trí tuệ nhân tạo có trụ sở tại New York, được sáng lập bởi các cựu giám đốc Goldman Sachs, nhà khoa học AI của Đại học Columbia và kỹ sư định lượng hàng đầu thế giới. Công ty cung cấp giải pháp đầu tư và quản lý tài sản tự động hóa hoàn toàn dựa trên mô hình giao dịch AI độc quyền.","9M AI न्यूयॉर्क स्थित एक AI फिनटेक कंपनी है, जिसकी स्थापना पूर्व गोल्डमैन सैक्स अधिकारियों, कोलंबिया विश्वविद्यालय के AI वैज्ञानिकों और शीर्ष क्वांट इंजीनियरों ने की थी। यह पूरी तरह से स्वचालित निवेश और एसेट मैनेजमेंट समाधान प्रदान करती है।","9M AI ist ein in New York ansässiges Fintech-Unternehmen für künstliche Intelligenz, das von ehemaligen Führungskräften von Goldman Sachs, KI-Wissenschaftlern der Columbia University und führenden quantitativen Ingenieuren gegründet wurde. Es konzentriert sich auf vollständig automatisierte Investment- und Vermögensverwaltungslösungen auf Basis proprietärer KI-Handelsmodelle.","9M AI est une entreprise de fintech en intelligence artificielle basée à New York, fondée par d’anciens dirigeants de Goldman Sachs, des chercheurs en IA de l’Université Columbia et des ingénieurs quantitatifs de haut niveau. Elle se spécialise dans la fourniture de solutions entièrement automatisées d’investissement et de gestion d’actifs à l’aide de modèles de trading basés sur l’IA propriétaire.","9M AI é uma empresa de tecnologia financeira em inteligência artificial sediada em Nova York, fundada por ex-executivos da Goldman Sachs, cientistas de IA da Universidade Columbia e engenheiros quantitativos de ponta. É especializada em fornecer soluções totalmente automatizadas de investimento e gestão de ativos através de modelos proprietários de negociação com IA.","9M AI es una empresa de tecnología financiera de inteligencia artificial con sede en Nueva York, fundada por exejecutivos de Goldman Sachs, científicos de IA de la Universidad de Columbia y destacados ingenieros cuantitativos. Se enfoca en ofrecer soluciones completamente automatizadas para la inversión y la gestión de activos mediante modelos de trading con IA propios.","9M AI è una società fintech di intelligenza artificiale con sede a New York, fondata da ex dirigenti di Goldman Sachs, scienziati dell’IA della Columbia University e ingegneri quantistici di alto livello. Si concentra sulla fornitura di soluzioni completamente automatizzate per l’investimento e la gestione patrimoniale tramite modelli di trading AI proprietari.","9M AI is een AI-fintechbedrijf gevestigd in New York, opgericht door voormalige Goldman Sachs-executives, AI-wetenschappers van Columbia University en topkwantitatieve ingenieurs. Het biedt volledig geautomatiseerde investerings- en vermogensbeheeroplossingen via eigen AI-handelsmodellen.","9M AI er et AI-finansselskap med hovedkontor i New York, grunnlagt av tidligere Goldman Sachs-ledere, AI-forskere fra Columbia University og ledende kvantitative ingeniører. De tilbyr helautomatiserte investerings- og formuesforvaltningsløsninger basert på proprietære AI-handelsmodeller.","9M AI är ett AI-finansiellt teknikföretag med huvudkontor i New York, grundat av tidigare Goldman Sachs-chefer, AI-forskare från Columbia University och ledande kvantingenjörer. De tillhandahåller helautomatiserade investerings- och kapitalförvaltningslösningar via egna AI-handelsmodeller.","9M AI este o companie de tehnologie financiară bazată pe inteligență artificială, cu sediul la New York, fondată de foști directori Goldman Sachs, oameni de știință AI de la Universitatea Columbia și ingineri cuantici de top. Oferă soluții complet automate pentru investiții și administrarea activelor, bazate pe modele AI proprii.","9M AI je fintech společnost se sídlem v New Yorku, kterou založili bývalí vedoucí pracovníci Goldman Sachs, odborníci na AI z Kolumbijské univerzity a špičkoví kvantitativní inženýři. Nabízí plně automatizovaná řešení pro investice a správu aktiv prostřednictvím vlastních AI modelů."
faq.faq2,What is 9M’s mission?,9M 的使命是什么？,9M 的使命是什麼？,注文失敗のお知らせ9Mのミッションは何ですか？,9M의 미션은 무엇인가요?,Apakah misi 9M?,พันธกิจของ 9M คืออะไร?,Sứ mệnh của 9M là gì?,9M का मिशन क्या है?,Was ist die Mission von 9M?,Quelle est la mission de 9M ?,Qual é a missão da 9M?,¿Cuál es la misión de 9M?,Qual è la missione di 9M?,Wat is de missie van 9M?,Hva er oppdraget til 9M?,Vad är 9M:s uppdrag?,Care este misiunea 9M?,Jaké je poslání 9M?
faq.faq2Content,"To reshape the connection between people and capital through AI, enabling every user to have a 24/7, ever-evolving AI wealth partner.",通过 AI 重塑人类与资本之间的连接，使每位用户都能拥有一个 24/7 不断进化的 AI 财富伙伴。,透過 AI 改變人類與資本之間的連結，讓每一位用戶都能擁有 24 小時持續進化的 AI 財富夥伴。,AIによって人と資本のつながりを再構築し、すべてのユーザーが24時間進化し続けるAIパートナーを持てるようにすることです。,"AI를 통해 사람과 자본 간의 연결 방식을 재정의하고, 모든 사용자가 24시간 진화하는 AI 자산 파트너를 갖도록 하는 것이 목표입니다.","Untuk mentransformasikan hubungan antara manusia dan modal melalui AI, membolehkan setiap pengguna memiliki rakan kekayaan AI yang sentiasa beroperasi dan sentiasa berkembang, 24/7.",เปลี่ยนวิธีการเชื่อมโยงระหว่างผู้คนและเงินทุนผ่าน AI ให้ทุกคนมีคู่หูด้านความมั่งคั่งที่ฉลาดล้ำและพร้อมใช้งานตลอด 24 ชั่วโมง,"Kết nối con người và dòng vốn một cách thông minh hơn thông qua AI, giúp mỗi người dùng có một người bạn đồng hành tài chính ảo 24/7 không ngừng phát triển.","AI के माध्यम से लोगों और पूंजी के बीच संबंध को नया आकार देना, ताकि हर उपयोगकर्ता के पास 24/7 काम करने वाला एक विकसित होता हुआ AI धन भागीदार हो।","KI gestaltet die Verbindung zwischen Mensch und Kapital neu, sodass jeder Nutzer einen 24/7 weiterentwickelnden KI-Vermögenspartner besitzt.","L’IA redéfinit le lien entre l’humain et le capital, permettant à chaque utilisateur de bénéficier d’un partenaire financier IA évoluant en continu, 24h/24 et 7j/7.","A IA está a redefinir a ligação entre os humanos e o capital, permitindo que cada utilizador tenha um parceiro de riqueza com IA que evolui constantemente, 24/7.","La IA redefine la conexión entre las personas y el capital, permitiendo que cada usuario tenga un socio financiero de IA en constante evolución, disponible 24/7.","L’intelligenza artificiale ridefinisce il legame tra esseri umani e capitale, permettendo a ogni utente di avere un partner finanziario AI in continua evoluzione, attivo 24/7.","De missie is om de verbinding tussen mensen en kapitaal opnieuw vorm te geven via AI, zodat elke gebruiker een 24/7 evoluerende AI-rijkdomspartner heeft.","Å koble mennesker og kapital på nytt ved hjelp av AI, slik at hver bruker får en AI-formuespartner som utvikler seg kontinuerlig 24/7.","Att omdefiniera kopplingen mellan människa och kapital med hjälp av AI, så att varje användare har en AI-förmögenhetspartner som ständigt utvecklas dygnet runt.","Să reconecteze oamenii cu capitalul prin AI, astfel încât fiecare utilizator să aibă un partener AI pentru gestionarea averii disponibil 24/7 și aflat într-o continuă evoluție.","Cílem je pomocí AI znovu propojit člověka a kapitál, aby měl každý uživatel 24/7 neustále se vyvíjejícího AI partnera pro budování bohatství."
faq.faq3,What makes 9M’s core system special?,9M 的核心系统有何特别之处？,9M 的核心系統有什麼獨特之處？,9Mのコアシステムの特長は？,9M의 핵심 시스템이 특별한 이유는?,Apa yang menjadikan sistem teras 9M istimewa?,อะไรทำให้ระบบหลักของ 9M พิเศษ?,Điều gì làm cho hệ thống lõi của 9M đặc biệt?,9M की कोर प्रणाली विशेष क्यों है?,Was macht das 9M-Kernsystem besonders?,Qu’est-ce qui rend le système central de 9M spécial ?,O que torna o sistema central da 9M especial?,¿Qué tiene de especial el sistema central de 9M?,Cosa rende unico il sistema centrale di 9M?,Wat is er speciaal aan het kernsysteem van 9M?,Hva er spesielt med 9Ms kjernesystem?,Vad är speciellt med 9M:s kärnsystem?,Ce este special la sistemul de bază al 9M?,Čím je hlavní systém 9M výjimečný?
faq.faq3Content,"Its proprietary NovaMind™ AI decision engine integrates market sensing, strategy execution, risk control, and optimization into a closed-loop process for intelligent investing.",其专属的 NovaMind™ AI 决策引擎将市场感知、策略执行、风险控制和优化整合为一个闭环过程，实现智能投资。,其自研的 NovaMind™ AI 決策引擎結合了市場感知、策略執行、風險控制與最佳化，構成一個智能投資的封閉迴圈。,独自のNovaMind™ AI意思決定エンジンが、市場分析・戦略実行・リスク管理・最適化を一体化したループ構造で、賢い投資判断を可能にします。,"독자적인 NovaMind™ AI 의사결정 엔진은 시장 감지, 전략 실행, 리스크 관리, 최적화를 하나의 루프로 통합하여 지능적인 투자 환경을 만듭니다.","Enjin keputusan AI NovaMind™ milik 9M menggabungkan keupayaan mengesan pasaran, pelaksanaan strategi, kawalan risiko dan pengoptimuman dalam satu proses tertutup untuk pelaburan pintar.",NovaMind™ คือระบบตัดสินใจด้วย AI ที่เป็นกรรมสิทธิ์ของบริษัท ซึ่งรวมเอาการตรวจจับตลาด การดำเนินกลยุทธ์ การควบคุมความเสี่ยง และการเพิ่มประสิทธิภาพไว้ในกระบวนการอัจฉริยะครบวงจร,"Công cụ quyết định NovaMind™ tích hợp phân tích thị trường, thực hiện chiến lược, kiểm soát rủi ro và tối ưu hóa trong một quy trình khép kín để đầu tư thông minh.","इसकी स्वामित्व NovaMind™ AI निर्णय इंजन बाजार को समझना, रणनीति को लागू करना, जोखिम नियंत्रण और अनुकूलन को एक बंद-लूप प्रक्रिया में जोड़ती है जिससे बुद्धिमान निवेश संभव होता है।","Die exklusive NovaMind™ KI-Entscheidungsengine integriert Marktwahrnehmung, Strategieumsetzung, Risikokontrolle und Optimierung in einem geschlossenen Prozess für intelligentes Investieren.","Le moteur décisionnel exclusif NovaMind™ AI intègre la perception du marché, l’exécution de la stratégie, le contrôle des risques et l’optimisation dans un processus en boucle fermée pour permettre un investissement intelligent.","O motor de decisão NovaMind™ AI exclusivo integra a perceção de mercado, execução de estratégias, controlo de risco e otimização num processo fechado para possibilitar investimentos inteligentes.","Su exclusivo motor de decisión NovaMind™ AI integra la percepción del mercado, la ejecución de estrategias, el control de riesgos y la optimización en un proceso cerrado para lograr una inversión inteligente.","Il motore decisionale NovaMind™ AI integra percezione del mercato, esecuzione della strategia, controllo del rischio e ottimizzazione in un processo chiuso per realizzare investimenti intelligenti.","De exclusieve NovaMind™ AI-beslissingsengine integreert marktperceptie, strategie-uitvoering, risicobeheer en optimalisatie tot een gesloten cyclus voor slimme investeringen.","Den eksklusive NovaMind™ AI-beslutningsmotoren integrerer markedsforståelse, strategiimplementering, risikostyring og optimalisering i en lukket syklus for intelligent investering.","Den exklusiva NovaMind™ AI-beslutsmotorn integrerar marknadsuppfattning, strategiutförande, riskkontroll och optimering i en sluten cykel för smart investering.","Motorul decizional AI NovaMind™ integrează percepția pieței, execuția strategiei, controlul riscurilor și optimizarea într-un proces în buclă închisă pentru investiții inteligente.","Exkluzivní rozhodovací engine NovaMind™ AI integruje vnímání trhu, realizaci strategie, řízení rizik a optimalizaci do uzavřeného procesu pro chytré investice."
faq.faq4,What are 9M AI’s core competitive advantages?,9M AI 的核心竞争优势是什么？,9M AI 的競爭優勢為何？,9M AIの競争優位性は？,9M AI의 핵심 경쟁력은 무엇인가요?,Apakah kelebihan utama 9M AI?,จุดแข็งของ 9M AI คืออะไร?,Lợi thế cạnh tranh cốt lõi của 9M AI là gì?,9M AI की मुख्य प्रतिस्पर्धात्मक विशेषताएँ क्या हैं?,Was ist der wichtigste Wettbewerbsvorteil von 9M AI?,Quel est l’avantage concurrentiel principal de 9M AI ?,Qual é a principal vantagem competitiva da 9M AI?,¿Cuál es la ventaja competitiva principal de 9M AI?,Qual è il principale vantaggio competitivo di 9M AI?,Wat is het belangrijkste concurrentievoordeel van 9M AI?,Hva er 9M AIs viktigste konkurransefortrinn?,Vad är 9M AIs kärnkonkurrensfördel?,Care este avantajul competitiv principal al 9M AI?,Jaká je hlavní konkurenční výhoda 9M AI?
faq.faq4Content,"As a global AI fintech company, 9M AI relies on a proprietary technology framework and unique algorithmic models—integrating market sensing, strategy execution, risk control, and optimization—to create differentiated performance in live trading.",作为一家全球 AI 金融科技公司，9M AI 拥有自主技术框架与独特算法模型，将市场感知、策略执行、风险控制与优化融为一体，在实盘交易中展现差异化表现。,作為全球性的 AI 金融科技公司，9M AI 擁有專屬技術架構與獨特演算法模型，整合市場感知、策略執行、風險控管與最佳化，在實盤交易中實現差異化的表現。,9M AIは、自社開発のテクノロジーとユニークなアルゴリズムを用い、市場感知・戦略遂行・リスクコントロール・最適化を統合し、リアルな取引で差別化された成果を実現しています。,"글로벌 AI 핀테크 기업으로서, 9M AI는 고유 기술 프레임워크와 독창적인 알고리즘을 기반으로 실시간 거래에서 차별화된 성과를 보여줍니다.","Sebagai syarikat fintech AI global, 9M AI menggunakan rangka kerja teknologi milik sendiri dan model algoritma unik yang mengintegrasikan pengesanan pasaran, pelaksanaan strategi, kawalan risiko dan pengoptimuman, menghasilkan prestasi dagangan langsung yang unggul.",9M AI มีเทคโนโลยีเป็นของตนเองและอัลกอริธึมเฉพาะที่รวมการตรวจจับตลาด การวางแผนกลยุทธ์ การควบคุมความเสี่ยง และการเพิ่มผลตอบแทน สร้างความได้เปรียบในการซื้อขายจริง,"9M AI sở hữu công nghệ và thuật toán độc quyền, tích hợp đầy đủ từ cảm biến thị trường đến kiểm soát rủi ro, giúp tạo ra hiệu suất khác biệt trong giao dịch thực tế.","एक वैश्विक AI फिनटेक कंपनी के रूप में, 9M AI का तकनीकी ढांचा और अनूठे एल्गोरिदमिक मॉडल इसे लाइव ट्रेडिंग में अलग प्रदर्शन प्रदान करते हैं।","Als globales KI-Fintech-Unternehmen verfügt 9M AI über eine eigene Technologiearchitektur und einzigartige Algorithmusmodelle, die Marktwahrnehmung, Strategieausführung, Risikokontrolle und Optimierung vereinen und so eine differenzierte Performance im Live-Handel ermöglichen.","En tant qu’entreprise mondiale de fintech basée sur l’IA, 9M AI dispose d’une architecture technologique propriétaire et de modèles algorithmiques uniques intégrant perception du marché, exécution de la stratégie, contrôle des risques et optimisation, offrant ainsi une performance différenciée en trading réel.","Como empresa global de tecnologia financeira com IA, a 9M AI possui uma arquitetura tecnológica própria e modelos algorítmicos exclusivos que integram a perceção do mercado, execução de estratégias, controlo de risco e otimização, destacando-se no desempenho em negociações ao vivo.","Como empresa global de tecnología financiera con IA, 9M AI cuenta con una arquitectura tecnológica propia y modelos algorítmicos únicos que integran percepción del mercado, ejecución estratégica, control de riesgos y optimización, mostrando un rendimiento diferenciado en operaciones en tiempo real.","In qualità di azienda fintech globale specializzata in intelligenza artificiale, 9M AI dispone di un’architettura tecnologica proprietaria e di modelli algoritmici unici che integrano percezione del mercato, esecuzione strategica, controllo del rischio e ottimizzazione, offrendo prestazioni differenziate nelle operazioni reali.","Als wereldwijde AI-fintech heeft 9M AI een eigen technologisch raamwerk en unieke algoritmemodellen die marktinzicht, strategie-uitvoering, risicobeheersing en optimalisatie combineren, wat zich onderscheidt in live trading.","Som et globalt AI-fintech-selskap har 9M AI et eget teknologisk rammeverk og unike algoritmemodeller som kombinerer markedsinnsikt, strategisk utførelse, risikokontroll og optimalisering i sanntidshandel.","Som ett globalt AI-fintech-företag har 9M AI ett eget tekniskt ramverk och unika algoritmer som integrerar marknadsförståelse, strategiutförande, riskkontroll och optimering, vilket ger differentierade resultat i realtidshandel.","În calitate de companie globală AI fintech, 9M AI deține un cadru tehnologic propriu și modele algoritmice unice care integrează percepția pieței, execuția strategiei, controlul riscului și optimizarea, oferind performanțe diferențiate în tranzacționarea live.","Jako globální AI fintech má 9M AI vlastní technologický rámec a unikátní algoritmické modely, které kombinují vnímání trhu, realizaci strategií, řízení rizik a optimalizaci, a v reálném obchodování dosahují odlišných výsledků."
faq.faq5,What products does 9M offer?,9M 提供哪些产品？,9M 提供哪些產品？,9Mの提供する商品は？,9M이 제공하는 상품은?,Apakah produk yang ditawarkan oleh 9M?,9M มีผลิตภัณฑ์อะไรบ้าง?,9M cung cấp những sản phẩm gì?,9M कौन से उत्पाद प्रदान करता है?,Welche Produkte bietet 9M an?,Quels produits propose 9M ?,Quais produtos a 9M oferece?,¿Qué productos ofrece 9M?,Quali prodotti offre 9M?,Welke producten biedt 9M aan?,Hvilke produkter tilbyr 9M?,Vilka produkter erbjuder 9M?,Ce produse oferă 9M?,Jaké produkty 9M nabízí?
faq.faq5Content,"Two main fund types:
AI Strategy Funds – Stake USDT + major coins to earn USD9
AI Stable Funds – Stake USDT + USD9 to earn 9MT
Both offer cycles from short-term to 360 days with principal redemption at maturity.","主要提供两类基金：
AI 策略基金：质押 USDT + 主流币种以赚取 USD9
AI 稳定基金：质押 USDT + USD9 以赚取 9MT
两类基金皆提供从短期至 360 天的周期，期满可赎回本金。","主要提供兩種基金：
AI 策略型基金：質押 USDT 與主流幣，獲取 USD9
AI 穩定型基金：質押 USDT 與 USD9，獲取 9MT
兩者皆提供從短期到 360 天不等的週期，期滿可贖回本金。","主に2種類のファンドがあります：
AI戦略ファンド：USDTと主要コインをステーキングしてUSD9を獲得
AI安定ファンド：USDTとUSD9をステーキングして9MTを獲得
どちらも短期から360日までの運用期間があり、満期時に元本が返却されます。","두 가지 주요 펀드 유형이 있습니다:
AI 전략 펀드 – USDT와 주요 코인을 스테이킹하여 USD9 획득
AI 스테이블 펀드 – USDT와 USD9을 스테이킹하여 9MT 획득
모든 펀드는 단기부터 360일까지 선택 가능하며, 만기 시 원금이 반환됩니다.","erdapat dua jenis dana utama:
Dana Strategi AI – Pertaruhkan USDT + syiling utama untuk menjana USD9
Dana Stabil AI – Pertaruhkan USDT + USD9 untuk menjana 9MT
Kedua-duanya menawarkan tempoh dari jangka pendek hingga 360 hari dengan penebusan prinsipal pada tarikh matang.","มี 2 ประเภทหลัก:
กองทุนกลยุทธ์ AI – เดิมพัน USDT + เหรียญหลัก เพื่อรับ USD9
กองทุนมั่นคง AI – เดิมพัน USDT + USD9 เพื่อรับ 9MT
ทั้งสองแบบมีรอบการลงทุนตั้งแต่ระยะสั้นถึง 360 วัน พร้อมคืนเงินต้นเมื่อครบกำหนด","Có hai loại quỹ chính:
Quỹ Chiến Lược AI – Stake USDT + các đồng coin chính để nhận USD9
Quỹ Ổn Định AI – Stake USDT + USD9 để nhận 9MT
Cả hai loại đều có chu kỳ từ ngắn hạn đến 360 ngày và hoàn trả gốc khi đến hạn.","दो मुख्य प्रकार की फंड योजनाएं:
AI रणनीति फंड – USDT + प्रमुख कॉइन्स स्टेक करें और USD9 अर्जित करें
AI स्थिर फंड – USDT + USD9 स्टेक करें और 9MT प्राप्त करें
दोनों योजनाएं अल्पकालिक से लेकर 360 दिनों तक की हैं, और परिपक्वता पर मूलधन की वापसी होती है।","Es werden hauptsächlich zwei Arten von Fonds angeboten:Strategischer KI-Fonds: Einsatz von USDT + Haupt-Coins zur Erzielung von USD9Stabiler KI-Fonds: Einsatz von USDT + USD9 zur Erzielung von 9MTBeide Fondsarten bieten Laufzeiten von kurzfristig bis zu 360 Tagen, nach Ablauf kann das Kapital zurückgefordert werden.","Deux types principaux de fonds sont proposés :Fonds Stratégique IA : mise en jeu de USDT + principales cryptomonnaies pour obtenir des USD9Fonds Stable IA : mise en jeu de USDT + USD9 pour obtenir des 9MTLes deux types de fonds proposent des durées allant du court terme à 360 jours, avec remboursement du capital à l’échéance.","Oferece principalmente dois tipos de fundos:Fundo de Estratégia AI: staking de USDT + moedas principais para ganhar USD9Fundo Estável AI: staking de USDT + USD9 para ganhar 9MTAmbos os fundos oferecem prazos de curto até 360 dias, com devolução do capital ao final do período.","Se ofrecen principalmente dos tipos de fondos:Fondo de Estrategia AI: staking de USDT + monedas principales para ganar USD9Fondo Estable AI: staking de USDT + USD9 para ganar 9MTAmbos los fondos ofrecen periodos desde corto plazo hasta 360 días, con reembolso del capital al vencimiento.","Vengono offerti principalmente due tipi di fondi:Fondo Strategico AI: staking di USDT + criptovalute principali per ottenere USD9Fondo Stabile AI: staking di USDT + USD9 per ottenere 9MTEntrambi i fondi offrono durate da breve termine fino a 360 giorni, con possibilità di rimborso del capitale a scadenza.",Hoofdzakelijk twee soorten fondsen: AI-strategiefonds (USDT + grote cryptomunten om USD9 te verdienen) en AI-stabiel fonds (USDT + USD9 om 9MT te verdienen). Beide bieden looptijden van kort tot 360 dagen en kunnen aan het einde worden ingewisseld.,Tilbyr hovedsakelig to typer fond: AI-strategifond (pantsett USDT + større kryptovalutaer for å tjene USD9) og AI-stabilt fond (pantsett USDT + USD9 for å tjene 9MT). Begge fondene tilbys med varighet fra kortsiktig til 360 dager og kan innløses ved forfall.,Erbjuder huvudsakligen två typer av fonder: AI-strategifond (pantsätt USDT + stora kryptovalutor för att tjäna USD9) och AI-stabil fond (pantsätt USDT + USD9 för att tjäna 9MT). Båda fonderna erbjuder löptider från korta till 360 dagar och kan lösas in vid förfall.,"Oferă în principal două tipuri de fonduri: Fond AI de strategie (gaj USDT + criptomonede majore pentru a câștiga USD9) și Fond AI stabil (gaj USDT + USD9 pentru a câștiga 9MT). Ambele fonduri au durate de la scurt termen la 360 zile, cu rambursarea capitalului la final.",Nabízí především dva typy fondů: AI strategický fond (zastavení USDT + hlavní kryptoměny k získání USD9) a AI stabilní fond (zastavení USDT + USD9 k získání 9MT). Oba fondy jsou dostupné s dobou trvání od krátké po 360 dní a lze je na konci vyplatit.
tabbar.home,Home,首页,首页,ホーム,홈,Laman Utama,หน้าแรก,Trang chủ,होम,Startseite,Accueil,Página inicial,Inicio,Pagina iniziale,Startpagina,Hjem,Startsida,Pagina principală,Domovská stránka
tabbar.assets,Assets,资产,资产,資産,자산,Aset,สินทรัพย์,Tài sản,एसेट्स,Vermögen,Actifs,Ativos,Activos,Risorse,Vermogen,Eiendeler,Tillgångar,Active,Aktiva
login.old_user_email_hint,Already have an account but not bound to email?,已有账户暂未绑定邮箱?,已有账户暂未绑定邮箱?,すでにアカウントをお持ちですが、メールに紐付けられていませんか？,계정이 있지만 이메일에 연결되지 않았나요?,Sudah ada akaun tetapi belum dikaitkan dengan e-mel?,Hai già un account ma non è associato all'email?,Đã có tài khoản nhưng chưa liên kết email?,पहले से ही एक खाता है लेकिन ईमेल से लिंक नहीं है?,Bestehendes Konto ohne verknüpfte E-Mail?,Vous avez un compte non lié à un email ?,Conta existente ainda não vinculada ao e-mail?,¿Tienes una cuenta que aún no está vinculada al correo electrónico?,Hai un account non ancora collegato all’email?,Heb je al een account maar nog geen e-mailadres gekoppeld?,"Har du allerede en konto, men ingen e-postadresse er tilknyttet?",Har du redan ett konto men inget e-postkonto kopplat?,Ai deja un cont dar nu ai atașat un e-mail?,"Máte již účet, ale ještě nemáte přiřazený e-mail?"
login.go_bind,Go Bind,去绑定,去綁定,今すぐ設定,바인딩 하기,Pergi Ikat,Vai a Collegare,Liên kết ngay,बांधने जाएं,Jetzt verknüpfen,Lier maintenant,Vincular agora,Vincular ahora,Collega ora,Koppel nu,Koble til,Koppla,Atașează,Připojit
login.bind,Go Bind,去绑定,去綁定,連携しに行く,연동하러 가기,Pergi ke Ikat,ไปที่ผูกมัด,Đi đến Liên kết,बाइंड पर जाएं,Jetzt verknüpfen,Lier maintenant,Vincular agora,Vincular ahora,Collega ora,Koppel nu,Koble til,Koppla,Atașează,Připojit
login.email,Email,邮箱,郵箱,メール,이메일,E-mel,อีเมล,Email,,E-Mail,E-mail,E-mail,Correo electrónico,Email,E-mailadres,E-post,E-postadress,E-mail,E-mail
login.appName,9M,9M,9M,9M,9M,9Jt,9 ล้าน,9M,9M,9M,9M,9M,9M,9M,9M,9M,9M,9M,9M
login.slogan,The AI That Knows How to Grow Your Money,会自己赚钱的AI,會自己賺錢的AI,お金を稼ぐAI,스스로 수익을 창출하는 AI,AI Yang Tahu Cara Mengembangkan Wang Anda,AI ที่รู้วิธีเพิ่มเงินของคุณ,Trí tuệ nhân tạo biết cách làm tăng tiền của bạn,एआई जो जानता है कि आपके पैसे कैसे बढ़ाएं,"Eine KI, die selbst Geld verdient",Une IA qui gagne de l’argent toute seule,Uma IA que gera lucro sozinha,Una IA que gana dinero por sí sola,Un’AI che guadagna da sola,AI die zelf geld verdient,AI som tjener penger selv,AI som tjänar pengar själv,AI care generează bani automat,"AI, která sama vydělává peníze"
login.loginTab,Login,登录,登入,ログイン,로그인,Log Masuk,เข้าสู่ระบบ,Đăng nhập,लॉगिन,Anmelden,Connexion,Entrar,Iniciar sesión,Accedi,Inloggen,Logg inn,Logga in,Autentificare,Přihlášení
login.registerTab,Register,注册,註冊,会員登録,회원가입,Daftar,ลงทะเบียน,Đăng ký,रजिस्टर करें,Registrieren,S’inscrire,Registrar-se,Registrarse,Registrati,Registreren,Registrer deg,Registrera dig,Înregistrare,Registrace
login.username,Username,账户名,帳號名,アカウント名,계정명,Nama Pengguna,ชื่อผู้ใช้,Tên người dùng,यूजरनेम,Kontoname,Nom du compte,Nome da conta,Nombre de cuenta,Nome account,Gebruikersnaam,Kontonavn,Kontonamn,Nume de utilizator,Uživatelské jméno
login.password,Password,密码,密碼,パスワード,비밀번호,Kata Laluan,รหัสผ่าน,Mật khẩu,पासवर्ड,Passwort,Mot de passe,Senha,Contraseña,Password,Wachtwoord,Passord,Lösenord,Parolă,Heslo
login.confirmPassword,Confirm Password,确认密码,確認密碼,パスワード確認,비밀번호 확인,Sahkan Kata Laluan,ยืนยันรหัสผ่าน,Xác nhận mật khẩu,पासवर्ड की पुष्टि करें,Passwort bestätigen,Confirmer le mot de passe,Confirmar senha,Confirmar contraseña,Conferma password,Bevestig wachtwoord,Bekreft passord,Bekräfta lösenord,Confirmare parolă,Potvrdit heslo
login.inviteCode,Invitation Code (Required),邀请码（必填）,邀請碼（必填）,招待コード（必須）,초대 코드 (필수),Kod Jemputan (Diperlukan),รหัสคำเชิญ (จำเป็น),Mã mời (Bắt buộc),आमंत्रण कोड (आवश्यक),Einladungscode (erforderlich),Code d’invitation (obligatoire),Código de convite (obrigatório),Código de invitación (obligatorio),Codice invito (obbligatorio),Uitnodigingscode (verplicht),Invitasjonskode (påkrevd),Inbjudningskod (obligatorisk),Cod de invitație (obligatoriu),Pozvánkový kód (povinné)
login.forgotPassword,Forgot Password?,忘记密码？,忘記密碼？,パスワードをお忘れですか？,비밀번호를 잊으셨나요?,Lupa Kata Laluan?,ลืมรหัสผ่าน?,Quên mật khẩu?,पासवर्ड भूल गए?,Passwort vergessen?,Mot de passe oublié ?,Esqueceu a senha?,¿Olvidaste tu contraseña?,Password dimenticata?,Wachtwoord vergeten?,Glemt passord?,Glömt lösenord?,Ai uitat parola?,Zapomněli jste heslo?
login.loginBtn,Login,登录,登入,ログイン,로그인,Log Masuk,เข้าสู่ระบบ,Đăng nhập,लॉगिन,Anmelden,Connexion,Entrar,Iniciar sesión,Accedi,Inloggen,Logg inn,Logga in,Autentificare,Přihlášení
login.registerBtn,Register,注册,註冊,登録,회원가입,Daftar,ลงทะเบียน,Đăng ký,रजिस्टर करें,Registrieren,S’inscrire,Registrar-se,Registrarse,Registrati,Registreren,Registrer deg,Registrera dig,Înregistrare,Registrace
login.setUsername,Set Username,设置账户名,設定帳號名,アカウント名を設定,계정 이름 설정,Tetapkan Nama Pengguna,ตั้งชื่อผู้ใช้,Đặt tên người dùng,यूजरनेम सेट करें,Kontoname festlegen,Définir le nom du compte,Definir nome da conta,Configurar nombre de cuenta,Imposta nome account,Stel gebruikersnaam in,Angi kontonavn,Ställ in kontonamn,Configurează numele de utilizator,Nastavit uživatelské jméno
login.agreement,I have read and agree to the,我已阅读并同意,我已閱讀並同意,同意および確認しました,동의 및 확인하였습니다,Saya telah membaca dan bersetuju dengan,ฉันได้อ่านและยอมรับ,Tôi đã đọc và đồng ý với,मैंने पढ़ लिया है और मैं सहमत हूं,Ich habe gelesen und stimme zu,J’ai lu et j’accepte,Li e concordo,He leído y acepto,Ho letto e accetto,Ik heb gelezen en ga akkoord med,Jeg har lest og godtar,Jag har läst och godkänner,Am citit și sunt de acord cu,Přečetl jsem si a souhlasím s
login.serviceTerms,Terms of Service,《服务条款》,《服務條款》,《サービス約款》,《서비스 약관》,Terma Perkhidmatan,ข้อกำหนดการให้บริการ,Điều khoản dịch vụ,सेवा की शर्तें,„Nutzungsbedingungen“,“Conditions d’utilisation”,“Termos de Serviço”,“Términos del Servicio”,“Termini di servizio”,de Servicevoorwaarden,Vilkår for bruk,Användarvillkor,Termenii serviciului,Smluvní podmínky
login.privacyPolicy,Privacy Policy,《隐私政策》,《隱私政策》,《プライバシーポリシー》,《개인정보 보호정책》,Dasar Privasi,นโยบายความเป็นส่วนตัว,Chính sách bảo mật,गोपनीयता नीति,„Datenschutzrichtlinie“,“Politique de confidentialité”,“Política de Privacidade”,“Política de privacidad”,“Informativa sulla privacy”,het Privacybeleid,Personvernerklæringen,Integritetspolicyn,Politica de confidențialitate,Zásady ochrany osobních údajů
login.and,and,和,和,および,및,dan,และ,và,और,und,et,e,y,e,en,og,och,și,a
login.inputUsername,Please enter your username,请输入账户名,請輸入帳號名,アカウント名を入力してください,계정 이름을 입력하세요,Sila masukkan nama pengguna anda,กรุณาใส่ชื่อผู้ใช้ของคุณ,Vui lòng nhập tên người dùng,कृपया अपना यूजरनेम दर्ज करें,Bitte Kontoname eingeben,Veuillez saisir un nom de compte,Digite o nome da conta,Ingrese el nombre de la cuenta,Inserisci nome account,Voer gebruikersnaam in,Vennligst skriv inn kontonavn,Vänligen ange kontonamn,Vă rugăm să introduceți numele de utilizator,Zadejte prosím uživatelské jméno
login.inputPassword,Please enter your password,请输入密码,請輸入密碼,パスワードを入力してください,비밀번호를 입력하세요,Sila masukkan kata laluan anda,กรุณาใส่รหัสผ่านของคุณ,Vui lòng nhập mật khẩu,कृपया अपना पासवर्ड दर्ज करें,Bitte Passwort eingeben,Veuillez entrer le mot de passe,Digite a senha,Ingrese la contraseña,Inserisci la password,Voer wachtwoord in,Skriv inn passord,Ange lösenord,Vă rugăm să introduceți parola,Zadejte prosím heslo
login.inputConfirmPassword,Please confirm your password,请输入确认密码,請輸入確認密碼,確認用パスワードを入力してください,비밀번호를 다시 입력하세요,Sila sahkan kata laluan anda,กรุณายืนยันรหัสผ่านของคุณ,Vui lòng xác nhận mật khẩu,कृपया अपने पासवर्ड की पुष्टि करें,Bitte Passwort bestätigen,Veuillez confirmer le mot de passe,Confirme a senha,Confirme la contraseña,Inserisci nuovamente la password,Voer bevestigingswachtwoord in,Skriv inn bekreft passord,Ange bekräfta lösenord,Intoduceți confirmarea parolei,Zadejte prosím potvrzení hesla
login.inputInviteCode,Please enter the invitation code,请输入邀请码,請輸入邀請碼,招待コードを入力してください,초대 코드를 입력하세요,Sila masukkan kod jemputan,กรุณาใส่รหัสคำเชิญ,Vui lòng nhập mã mời,कृपया आमंत्रण कोड दर्ज करें,Bitte Einladungscode eingeben,Veuillez entrer le code d’invitation,Insira o código de convite,Ingrese el código de invitación,Inserisci il codice invito,Voer uitnodigingscode in,Skriv inn invitasjonskode,Ange inbjudningskod,Vă rugăm să introduceți codul de invitație,Zadejte prosím pozvánkový kód
login.loginSuccess,Login successful,登录成功,登入成功,ログイン成功,로그인 성공,Log masuk berjaya,เข้าสู่ระบบสำเร็จ,Đăng nhập thành công,लॉगिन सफल,Anmeldung erfolgreich,Connexion réussie,Login bem-sucedido,Inicio de sesión exitoso,Accesso riuscito,Inloggen geslaagd,Innlogging vellykket,Inloggning lyckades,Autentificare reușită,Přihlášení úspěšné
login.loginSuccessContent,"To ensure your account security, please bind Google Authenticator before proceeding with asset withdrawals and other sensitive actions.",为确保您的账户安全，您还需绑定Google验证器才能进行资产提现等相关操作,為了確保您的帳戶安全，您需要綁定 Google 驗證器，才能進行資產提現等相關操作。,アカウントの安全性を確保するために、Google認証アプリを連携する必要があります。これにより資産の引き出しなどが可能になります。,계정 보안을 위해 Google 인증기를 연동해야 자산 출금 등의 작업이 가능합니다.,"Untuk memastikan keselamatan akaun anda, sila ikat Google Authenticator sebelum meneruskan pengeluaran aset dan tindakan sensitif lain.",เพื่อความปลอดภัยของบัญชีของคุณ กรุณาผูกแอป Google Authenticator ก่อนดำเนินการถอนสินทรัพย์หรือการกระทำสำคัญอื่นๆ,"Để đảm bảo an toàn cho tài khoản của bạn, vui lòng liên kết Google Authenticator trước khi thực hiện rút tài sản và các thao tác nhạy cảm khác.","अपने खाते की सुरक्षा सुनिश्चित करने के लिए, संपत्ति निकासी और अन्य संवेदनशील कार्यों को आगे बढ़ाने से पहले कृपया Google Authenticator बाइंड करें।","Zur Sicherheit müssen Sie Google Authenticator aktivieren, um Auszahlungen durchzuführen","Pour la sécurité, liez Google Authenticator avant tout retrait","Para sua segurança, ative o Google Authenticator para saques","Para su seguridad, vincule Google Authenticator para retirar fondos","Per la sicurezza, collega Google Authenticator per prelievi e operazioni","Om uw account te beveiligen, moet u Google Authenticator koppelen om activa op te nemen en andere handelingen uit te voeren",For å sikre kontoen din må du koble til Google Authenticator for å foreta uttak av eiendeler og lignende handlinger,För att säkra ditt konto måste du ansluta Google Authenticator för att kunna göra uttag och andra operationer,"Pentru a vă proteja contul, trebuie să conectați Google Authenticator pentru a efectua retrageri de active și alte operațiuni","Aby byla vaše účet bezpečný, musíte propojit Google Authenticator, abyste mohli provádět výběry aktiv a další operace"
alerts.emptyFields,Please enter your username and password,请输入账户名和密码,請輸入帳號名和密碼,アカウント名とパスワードを入力してください,계정명과 비밀번호를 입력하세요,Sila masukkan nama pengguna dan kata laluan,กรุณากรอกชื่อผู้ใช้และรหัสผ่าน,Vui lòng nhập tên người dùng và mật khẩu của bạn,कृपया अपना उपयोगकर्ता नाम और पासवर्ड दर्र्ज करें,Bitte Kontoname und Passwort eingeben,Veuillez entrer nom et mot de passe,Digite nome da conta e senha,Ingrese nombre y contraseña,Inserisci nome account e password,Voer gebruikersnaam en wachtwoord in,Skriv inn brukernavn og passord,Ange användarnamn och lösenord,Introduceți numele de utilizator și parola,Zadejte uživatelské jméno a heslo
alerts.registerSuccess,Registration Successful,注册成功,註冊成功,登録完了,회원가입 완료,Pendaftaran Berjaya,ลงทะเบียนสำเร็จ,Đăng ký thành công,पंजीकरण सफल,Registrierung erfolgreich,Inscription réussie,Cadastro bem-sucedido,Registro exitoso,Registrazione completata,Registratie geslaagd,Registreringen var vellykket,Registreringen lyckades,Înregistrare reușită,Registrace byla úspěšná
alerts.registerSuccessContent,Congratulations! Your account has been registered. Please log in.,恭喜您完成注册，请登录,恭喜您完成註冊，請登入,ご登録ありがとうございます。ログインしてください。,회원가입을 축하드립니다. 로그인해 주세요.,Tahniah! Akaun anda telah didaftarkan. Sila log masuk.,ยินดีด้วย! บัญชีของคุณได้ถูกสร้างเรียบร้อยแล้ว กรุณาเข้าสู่ระบบ,Chúc mừng! Tài khoản của bạn đã được đăng ký. Vui lòng đăng nhập.,बधाई हो! आपका खाता पंजीकृत हो गया है। कृपया लॉगिन करें।,Glückwunsch! Registrierung abgeschlossen. Bitte einloggen,Félicitations ! Inscription terminée. Connectez-vous.,Parabéns! Cadastro concluído. Faça login.,¡Felicidades! Registro completado. Inicie sesión.,"Congratulazioni! Registrazione completata, accedi ora","Gefeliciteerd, registratie voltooid. Log alstublieft in.","Gratulerer, registreringen er fullført. Vennligst logg inn.","Grattis, registreringen är klar. Vänligen logga in.","Felicitări, înregistrarea a fost finalizată. Vă rugăm să vă autentificați.","Gratulujeme, registrace byla dokončena. Přihlaste se, prosím."
alerts.missingUsername,Please enter your username,请输入账户名,請輸入帳號名,アカウント名を入力してください,계정명을 입력하세요,Sila masukkan nama pengguna,กรุณากรอกชื่อผู้ใช้,Vui lòng nhập tên người dùng,कृपया अपना उपयोगकर्ता नाम दर्ज करें,Bitte Benutzernamen eingeben,Veuillez saisir le nom d’utilisateur,Insira o nome de usuário,Introduce el nombre de usuario,Inserisci il nome utente,Voer gebruikersnaam in,Skriv inn brukernavn,Ange användarnamn,Introduceți numele de utilizator,Zadejte uživatelské jméno
alerts.wrongUsername,Username must be at least 6 characters long and contain letters or numbers,账户名须由6位及以上数字或字母构成,帳戶名須由6位及以上的數字或字母構成。,アカウント名は6文字以上の英数字で構成する必要があります,계정명은 6자리 이상의 숫자 또는 영문자로 구성되어야 합니다,Nama pengguna mesti sekurang-kurangnya 6 aksara dan mengandungi huruf atau nombor,ชื่อผู้ใช้ต้องมีความยาวอย่างน้อย 6 ตัวอักษร และประกอบด้วยตัวอักษรหรือตัวเลข,Tên người dùng phải có ít nhất 6 ký tự và bao gồm chữ cái hoặc số,उपयोगकर्ता नाम कम से कम 6 अक्षरों का होना चाहिए और इसमें अक्षर या संख्यााएँ शामिल होनी चाहिए,Der Kontoname muss mind. 6 Zeichen lang sein (Buchstaben/Zahlen),Le nom du compte doit comporter au moins 6 caractères (lettres/chiffres),O nome da conta deve ter no mínimo 6 caracteres (letras/números),El nombre debe tener al menos 6 letras o números,Il nome account deve contenere almeno 6 lettere/numeri,Gebruikersnaam moet uit minimaal 6 cijfers of letters bestaan,Brukernavnet må bestå av minst 6 sifre eller bokstaver,Användarnamnet måste bestå av minst 6 tecken eller siffror,Numele de utilizator trebuie să conțină cel puțin 6 caractere sau cifre,Uživatelské jméno musí mít alespoň 6 číslic nebo písmen
alerts.missingPassword,Please enter your password,请输入密码,請輸入密碼,パスワードを入力してください,비밀번호를 입력하세요,Sila masukkan kata laluan,กรุณากรอกรหัสผ่าน,Vui lòng nhập mật khẩu,कृपया अपना पासवर्र्ड दर्ज करें,Bitte Passwort eingeben,Veuillez saisir le mot de passe,Insira a senha,Introduce la contraseña,Inserisci la password,Voer wachtwoord in,Skriv inn passord,Ange lösenord,Introduceți parola,Zadejte heslo
alerts.passwordMismatch,Passwords do not match,两次密码输入不一致,兩次密碼輸入不一致,パスワードが一致しません,비밀번호가 일치하지 않습니다,Kata laluan tidak sepadan,รหัสผ่านไม่ตรงกัน,Mật khẩu không khớp,पासवर्ड मेल नहीं खाते,Passwörter stimmen nicht überein,Les mots de passe ne correspondent pas,As senhas não coincidem,Las contraseñas no coinciden,Le due password non coincidono,De wachtwoorden komen niet overeen,Passordene stemmer ikke overens,Lösenorden matchar inte,Parolele nu se potrivesc,Zadaná hesla se neshodují
alerts.missingInviteCode,Please enter the invitation code,请输入邀请码,請輸入邀請碼,招待コードを入力してください,인증 코드를 입력하세요,Sila masukkan kod jemputan,กรุณากรอกรหัสคำเชิญ,Vui lòng nhập mã mời,कृपया आमंत्रण कोड दर्ज करें,Bitte Einladungscode eingeben,Veuillez entrer le code d’invitation,Insira o código de convite,Ingrese el código de invitación,Inserisci il codice invito,Voer uitnodigingscode in,Skriv inn invitasjonskode,Ange inbjudningskod,Introduceți codul de invitație,Zadejte pozvánkový kód
alerts.agreementRequired,Please read and agree to the Terms of Service and Privacy Policy,请阅读并同意服务条款和隐私政策,請閱讀並同意服務條款和隱私政策,サービス約款およびプライバシーポリシーに同意してください,서비스 약관과 개인정보 보호정책에 동의해 주세요,Sila baca dan setuju dengan Terma Perkhidmatan dan Dasar Privasi,กรุณาอ่านและยอมรับข้อกำหนดการให้บริการและนโยบายความเป็นส่วนตัว,Vui lòng đọc và đồng ý với Điều khoản Dịch vụ và Chính sách Bảo mật,कृपया सेवा की शर्तें और गोपनीयता नीति पढ़ें और उनसे सहमत हों,Bitte Nutzungsbedingungen und Datenschutzrichtlinie lesen und zustimmen,Lisez et acceptez les conditions et la politique de confidentialité,Leia e aceite os termos e a política de privacidade,Lea y acepte los términos y la política de privacidad,Leggi e accetta i termini e la privacy,Lees en ga akkoord met de servicevoorwaarden en het privacybeleid,Les og godta vilkårene og personvernerklæringen,Läs och godkänn användarvillkoren och integritetspolicyn,Citiți și acceptați termenii serviciului și politica de confidențialitate,Přečtěte si a souhlaste s podmínkami služby a zásadami ochrany osobních údajů
alerts.resetPasswordTip,You have not bound Google Authenticator. Password reset is unavailable.,您未绑定谷歌身份验证器，无法重置密码,您未綁定谷歌身份驗證器，無法重置密碼,Google認証アプリが連携されていないため、パスワードをリセットできません,",Google 인증기가 연동되지 않아 비밀번호를 재설정할 수 없습니다",Anda belum mengikat Google Authenticator. Tetapan semula kata laluan tidak tersedia.,คุณยังไม่ได้ผูก Google Authenticator ไม่สามารถรีเซ็ตรหัสผ่านได้,Bạn chưa liên kết Google Authenticator. Không thể đặt lại mật khẩu.,आपने Google Authenticator बाइंड नहीं किया है। पासवर्ड रीसेट उपलब्ध नहीं है।,Google Authenticator nicht verbunden – Zurücksetzen nicht möglich,Google Authenticator non lié – réinitialisation impossible,Google Authenticator não vinculado – não é possível redefinir,No tiene vinculado Google Authenticator – no se puede restablecer,Google Authenticator non collegato – impossibile reimpostare la password,"U heeft Google Authenticator niet gekoppeld, wachtwoord reset is niet mogelijk","Du har ikke koblet til Google Authenticator, passordet kan ikke tilbakestilles","Du har inte kopplat Google Authenticator, kan inte återställa lösenord","Nu ați conectat Google Authenticator, nu puteți reseta parola","Nepropojili jste Google Authenticator, nelze obnovit heslo"
alerts.passwordInvalid,"8–30 characters, must include uppercase and lowercase letters and numbers",8-30个字符，必须包含大小写字母和数字,8-30個字符，必須包含大小寫字母和數字,8～30文字、大文字・小文字・数字を含めてください,"8~30자, 대소문자 및 숫자를 포함해야 합니다","8–30 aksara, mesti mengandungi huruf besar, huruf kecil, dan nombor",ความยาว 8–30 ตัวอักษร ต้องประกอบด้วยตัวพิมพ์ใหญ่ ตัวพิมพ์เล็ก และตัวเลข,"8–30 ký tự, phải bao gồm chữ hoa, chữ thường và số","8–30 अक्षर, इसमें बड़े और छोटे अक्षर और संख्यााएँ शामिल होनी चाहिए","8–30 Zeichen, inkl. Groß-/Kleinbuchstaben und Zahlen","8 à 30 caractères avec majuscules, minuscules et chiffres",8–30 caracteres com letras maiúsculas/minúsculas e números,8–30 caracteres con letras mayúsculas/minúsculas y números,Da 8 a 30 caratteri con lettere maiuscole/minuscole e numeri,"8-30 tekens, moet hoofdletters, kleine letters en cijfers bevatten","8–30 tegn, må inneholde store og små bokstaver samt tall","8–30 tecken, måste innehålla versaler, gemener och siffror","8–30 caractere, trebuie să conțină litere mari, mici și cifre","8–30 znaků, musí obsahovat velká i malá písmena a číslice"
alerts.loginSuccess,Login successful,登录成功,登入成功,ログイン成功,로그인 성공,Log masuk berjaya,เข้าสู่ระบบสำเร็จ,Đăng nhập thành công,लॉगिन सफल,Anmeldung erfolgreich,Connexion réussie,Login bem-sucedido,Inicio de sesión exitoso,Accesso riuscito,Inloggen geslaagd,Innlogging vellykket,Inloggning lyckades,Autentificare reușită,Přihlášení bylo úspěšné
alerts.tip,Notice,提示,提示,お知らせ,알림,Notis,ประกาศ,Thông báo,सूचना,Hinweis,Alerte,Dica,Aviso,Suggerimento,Tip,Hint,Tips,Sfat,Tip
alerts.comingSoon,Coming Soon,敬请期待,敬請期待,近日公開予定,곧 출시 예정,Akan Datang,เร็วๆ นี้,Sắp ra mắt,जल्द ही आ रहा है,In Kürze verfügbar,Bientôt disponible,Em breve,Próximamente,Prossimamente,Blijf op de hoogte,Kommer snart,Kommer snart,În curând,Připravujeme
alerts.invalidEmail,Invalid email address,无效的电子邮件地址,無效的電子郵件地址,無効なメールアドレス,유효하지 않은 이메일 주소,Alamat emel tidak sah,ที่อยู่อีเมลไม่ถูกต้อง,Địa chỉ email không hợp lệ,,Ungültige E-Mail-Adresse,Adresse e-mail invalide,Endereço de e-mail inválido,Dirección de correo inválida,Indirizzo email non valido,Ongeldig e-mailadres,Ugyldig e-postadresse,Ogiltig e-postadress,Adresă de e-mail nevalidă,Neplatná e-mailová adresa
alerts.checkEmailTip,Invalid email address,无效的电子邮件地址,無效的電子郵件地址,無効なメールアドレス,유효하지 않은 이메일 주소,Alamat emel tidak sah,ที่อยู่อีเมลไม่ถูกต้อง,Địa chỉ email không hợp lệ,,Ungültige E-Mail-Adresse,Adresse e-mail invalide,Endereço de e-mail inválido,Dirección de correo inválida,Indirizzo email non valido,Ongeldig e-mailadres,Ugyldig e-postadresse,Ogiltig e-postadress,Adresă de e-mail nevalidă,Neplatná e-mailová adresa
user.title,Personal Center,个人中心,個人中心,個人センター,개인 센터,Pusat Peribadi,ศูนย์ส่วนตัว,Trung tâm cá nhân,व्यक्तििगत केंद्र,Persönliches Zentrum,Centre personnel,Central Pessoal,Centro personal,Centro personale,Persoonlijk centrum,Personlig senter,Personligt centrum,Centru personal,Osobní centrum
user.level,Current Level,当前等级,當前等級,現在のレベル,현재 등급,Tahap Semasa,ระดับปัจจุบัน,Cấp độ hiện tại,वर्तमान स्तर,Aktuelle Stufe,Niveau actuel,Nível atual,Nivel actual,Livello attuale,Huidig niveau,Nåværende nivå,Nuvarande nivå,Nivelul actual,Aktuální úroveň
user.invite,Invite Friends,邀请好友,邀請好友,友達を招待,친구 초대,Jemput Rakan,เชิญเพื่อน,Mời bạn bè,मित्रों को आमंत्रित करें,Freunde einladen,Inviter des amis,Convidar amigos,Invitar amigos,Invita amici,Vrienden uitnodigen,Inviter venner,Bjud in vänner,Invită prieteni,Pozvat přátele
user.inviteDesc,Get High Rebates,获得高额返利,獲得高額返利,高額リベートを獲得,높은 리베이트 받기,Dapatkan Rebate Tinggi,รับค่าคอมมิชชั่นสูง,Nhận hoàn tiền cao,उच्च रिबेट्स प्राप्त करें,Hohe Rückvergütung erhalten,Recevez un remboursement élevé,Ganhe altos reembolsos,Obtén altas recompensas,Ottieni un alto cashback,Ontvang hoge cashback,Få høy cashback,Få höga återbäringar,Obține rambursări mari,Získejte vysoké odměny
user.language,Display Language,显示语言,顯示語言,表示言語,언어 설정,Paparan Bahasa,ภาษาแสดงผล,Ngôn ngữ hiển thị,प्रदर्र्शन भाषा,Anzeigesprache,Langue d’affichage,Idioma de exibição,Idioma de visualización,Lingua di visualizzazione,Taal weergeven,Vis språk,Visa språk,Afișare limbă,Zobrazit jazyk
user.addressBook,Address Book,地址簿,地址簿,アドレス帳,주소록,Buku Alamat,สมุดที่อยู่,Danh bạ địa chỉ,पता पुस्तिका,Adressbuch,Carnet d’adresses,Livro de endereços,Libreta de direcciones,Rubrica,Adresboek,Adressebok,Adressbok,Agenda de adrese,Adresář
user.securitySettings,Security Settings,安全设置,安全設置,セキュリティ設定,보안 설정,Tetapan Keselamatan,การตั้งค่าความปลอดภัย,Cài đặt bảo mật,सुरक्षा सेटिंग्स,Sicherheitseinstellungen,Paramètres de sécurité,Configurações de segurança,Configuración de seguridad,Impostazioni di sicurezza,Beveiligingsinstellingen,Sikkerhetsinnstillinger,Säkerhetsinställningar,Setări de securitate,Nastavení zabezpečení
user.logout,Log out,退出登录,退出登入,ログアウト,로그아웃,Log keluar,ออกจากระบบ,Đăng xuất,लॉग आउट,Abmelden,Déconnexion,Sair,Cerrar sesión,Esci,Afmelden,Logg ut,Logga ut,Deconectare,Odhlásit se
user.confirmLogout,Are you sure you want to log out?,确定要退出登录吗？,確定要退出登入嗎？,ログアウトしてもよろしいですか？,로그아웃하시겠습니까?,Adakah anda pasti ingin log keluar?,คุณแน่ใจหรือไม่ที่จะออกจากระบบ?,Bạn có chắc chắn muốn đăng xuất không?,क्या आप वाकई लॉग आउट करना चाहते हैं?,Möchten Sie sich wirklich abmelden?,Êtes-vous sûr de vouloir vous déconnecter ?,Tem certeza que deseja sair?,¿Está seguro de cerrar sesión?,Sei sicuro di voler uscire?,Bent u zeker dat u wilt uitloggen?,Er du sikker på at du vil logge ut?,Är du säker på att du vill logga ut?,Sunteți sigur că doriți să vă deconectați?,Opravdu se chcete odhlásit?
user.normalUser,Normal,普通用户,普通用戶,一般ユーザー,일반 사용자,Pengguna Biasa,ผู้ใช้ทั่วไป,Thường,सामान्य उपयोगकर्ता,Standardbenutzer,Utilisateur standard,Usuário padrão,Usuario estándar,Utente standard,Normale gebruiker,Vanlig bruker,Vanlig användare,Utilizator obișnuit,Obyčejný uživatel
user.takePhoto,Take Photo,拍照,拍照,写真撮影,사진 촬영,Ambil Gambar,ถ่ายภาพใหม่,Chụp ảnh,फोटो खींचें,Foto aufnehmen,Prendre une photo,Tirar foto,Tomar foto,Scatta foto,Maak een foto,Ta et bilde,Ta ett foto,Fă o fotografie,Pořídit fotografii
user.chooseFromAlbum,Choose from Album,从相册选择,從相冊選擇,アルバムから選択,앨범에서 선택,Pilih dari Album,เลือกจากอัลบั้ม,Chọn từ Album,एल्बम से चुनें,Aus Galerie auswählen,Choisir depuis la galerie,Selecionar da galeria,Elegir desde la galería,Scegli dalla galleria,Kies uit album,Velg fra album,Välj från album,Alege din album,Vybrat z alba
user.cancel,Cancel,取消,取消,キャンセル,취소,Batal,ยกเลิก,Hủy,रद्द करें,Abbrechen,Annuler,Cancelar,Cancelar,Annulla,Annuleren,Avbryt,Avbryt,Anulează,Zrušit
user.avatarUpdateSuccess,Avatar Updated Successfully,头像更新成功,頭像更新成功,プロフィール画像を更新しました,프로필 사진이 업데이트되었습니다,Avatar DikemasKini Berjaya,อัปเดตรูปโปรไฟล์สำเร็จ,Cập nhật ảnh đại diện thành công,प्रोफााइल चित्र सफलतापूर्वक अपडेट किया गया,Profilbild erfolgreich aktualisiert,Photo de profil mise à jour avec succès,Avatar atualizado com sucesso,Avatar actualizado correctamente,Avatar aggiornato con successo,Profielfoto succesvol bijgewerkt,Profilbildet ble oppdatert vellykket,Profilbild uppdaterades,Kactualizarea fotografiei de profil a reușit,Profilový obrázek byl úspěšně aktualizován
user.idCopied,ID copied to clipboard,ID已复制到剪贴板,ID已複製到剪貼板,IDがクリップボードにコピーされました,ID가 클립보드에 복사되었습니다,ID disalin ke papan klip,คัดลอก ID ไปยังคลิปบอร์ดแล้ว,ID đã được sao chép vào bộ nhớ tạm,आईडी क्लिपबोर्र्ड पर कॉपी हो गई,ID in Zwischenablage kopiert,ID copiée dans le presse-papiers,ID copiado para a área de transferência,ID copiado al portapapeles,ID copiata negli appunti,ID is gekopieerd naar klembord,ID kopiert til utklippstavlen,ID kopierades till urklipp,ID copiat în clipboard,ID zkopírováno do schránky
address.title,Address Book,地址簿,地址簿,アドレス帳,주소록,Buku Alamat,สมุดที่อยู่,Danh bạ địa chỉ,पता पुस्तिका,Adressbuch,Carnet d’adresses,Lista de endereços,Libreta de direcciones,Rubrica,Adresboek,Adressebok,Adressbok,Agenda de adrese,Adresář
address.emptyTip,You haven't added any address yet,您还未添加地址,您還未添加地址,まだアドレスが追加されていません,아직 추가된 주소가 없습니다,Anda belum menambah sebarang alamat lagi,คุณยังไม่ได้เพิ่มที่อยู่ใดๆ,Bạn chưa thêm địa chỉ nào,आपने अभी तक कोई पता नहीं जोड़ा है,Sie haben noch keine Adresse hinzugefügt,Vous n’avez pas encore ajouté d’adresse,Você ainda não adicionou um endereço,Aún no has agregado ninguna dirección,Non hai ancora aggiunto un indirizzo,U heeft nog geen adres toegevoegd,Du har ikke lagt til noen adresse,Du har inte lagt till någon adress,Nu ați adăugat nicio adresă,Zatím jste nepřidali žádnou adresu
address.addAddress,Add Address,添加地址,添加地址,アドレスを追加,주소 추가,Tambah Alamat,เพิ่มที่อยู่,Thêm địa chỉ,पता जोड़ें,Adresse hinzufügen,Ajouter une adresse,Adicionar endereço,Agregar dirección,Aggiungi indirizzo,Adres toevoegen,Legg til adresse,Lägg till adress,Adaugă adresă,Přidat adresu
address.manage,Manage,管理,管理,管理,관리,Urus,จัดการ,Quản lý,प्रबंधित करें,Verwalten,Gérer,Gerenciar,Administrar,Gestisci,Beheer,Administrer,Hantera,Administrează,Správa
address.selectAll,Select All,全选,全選,すべて選択,전체 선택,Pilih Semua,เลือกทั้งหมด,Chọn tất cả,सभी चुनें,Alle auswählen,Tout sélectionner,Selecionar tudo,Seleccionar todo,Seleziona tutto,Alles selecteren,Velg alle,Markera alla,Selectează tot,Vybrat vše
address.delete,Delete,删除,刪除,削除,삭제,Padam,ลบ,Xóa,मिटाएँ,Löschen,Supprimer,Excluir,Eliminar,Elimina,Verwijderen,Slett,Ta bort,Șterge,Odstranit
address.confirmDelete,Are you sure you want to delete the selected addresses?,确定要删除选中的地址吗？,確定要刪除選中的地址嗎？,選択したアドレスを削除してもよろしいですか？,선택한 주소를 삭제하시겠습니까?,Adakah anda pasti ingin memadam alamat yang dipilih?,คุณแน่ใจหรือไม่ว่าต้องการลบที่อยู่ที่เลือก?,Bạn có chắc chắn muốn xóa các địa chỉ đã chọn không?,क्या आप वाकई चयनित पतों को हटाना चाहते हैं?,Möchten Sie die ausgewählten Adressen wirklich löschen?,Êtes-vous sûr de vouloir supprimer les adresses sélectionnées ?,Tem certeza de que deseja excluir os endereços selecionados?,¿Está seguro de eliminar las direcciones seleccionadas?,Sei sicuro di voler eliminare gli indirizzi selezionati?,Bent u zeker dat u de geselecteerde adressen wilt verwijderen?,Er du sikker på at du vil slette de valgte adressene?,Är du säker på att du vill ta bort valda adresser?,Sunteți sigur că doriți să ștergeți adresele selectate?,Opravdu chcete odstranit vybrané adresy?
address.deleteSuccess,Deleted Successfully,删除成功,刪除成功,削除完了,삭제 완료,Berjaya Dipadam,ลบสำเร็จแล้ว,Xóa thành công,सफलतापूर्वक हटा दिया गया,Erfolgreich gelöscht,Suppression réussie,Excluído com sucesso,Eliminado correctamente,Eliminazione riuscita,Verwijderen geslaagd,Sletting vellykket,Borttagning lyckades,Ștergere reușită,Úspěšně odstraněno
address.copied,Copied to clipboard,已复制到剪贴板,已複製到剪貼板,クリップボードにコピーされました,클립보드에 복사되었습니다,Disalin ke papan klip,คัดลอกไปยังคลิปบอร์ดแล้ว,Đã sao chép vào bộ nhớ tạm,क्लिपबोर्ड पर कॉपी किया गया,In Zwischenablage kopiert,Copié dans le presse-papiers,Copiado para a área de transferência,Copiado al portapapeles,Copiato negli appunti,Gekopieerd naar klembord,Kopiert til utklippstavlen,Kopierat till urklipp,Copiat în clipboard,Zkopírováno do schránky
address.tokenType,Token Type,币种,幣種,コイン種類,코인 종류,Jenis Token,,Loại token,टोकन प्रकार,Währung,Devise,Moeda,Moneda,Valuta,Valuta,Valuta,Valuta,Monedă,Měna
address.chainType,Chain Type,链类型,鏈類型,チェーンタイプ,체인 종류,Jenis Rantai (Chain),ประเภทโทเค็น,Loại chuỗi,श्रृंखला प्रकार,Kettentyp,Type de réseau,Tipo de rede,Tipo de red,Tipo di rete,Kettingtype,Type kjede,Kedjetyp,Tip de rețea,Typ sítě
address.address,Address,地址,地址,アドレス,주소,Alamat,ประเภทเชน,Địa chỉ,पता,Adresse,Adresse,Endereço,Dirección,Indirizzo,Adres,Adresse,Adress,Adresă,Adresa
address.remark,Remark,备注,備註,メモ,메모,Catatan (Remark),ที่อยู่,Ghi chú,टिप्पणी,Notiz,Remarque,Observação,Nota,Nota,Opmerking,Merknad,Anteckning,Notă,Poznámka
address.optional,Optional,选填,選填,任意,선택 항목,Pilihan (Optional),หมายเหตุ (ไม่จำเป็น),Không bắt buộc,वैकल्पिक,Optional,Facultatif,Opcional,Opcional,Facoltativo,Niet verplicht,Valgfritt,Valfritt,Opțional,Volitelné
address.selectToken,Select Token,选择币种,選擇幣種,コインを選択,코인 종류 선택,Pilih Token,เลือกโทเค็น,Chọn token,टोकन चुनें,Währung auswählen,Sélectionner une devise,Selecione a moeda,Seleccionar moneda,Seleziona valuta,Kies valuta,Velg valuta,Välj valuta,Alege moneda,Zvolte měnu
address.selectChain,Select Chain Type,选择链类型,選擇鏈類型,チェーンタイプを選択,체인 종류 선택,Pilih Jenis Rantai (Chain Type),เลือกประเภทเชน,Chọn loại chuỗi,श्रृंखला प्रकार चुनें,Kettentyp auswählen,Sélectionner le type de réseau,Selecione o tipo de rede,Seleccionar tipo de red,Seleziona tipo di rete,Kies kettingtype,Velg kjedetype,Välj kedjetyp,Alege tipul de rețea,Zvolte typ sítě
address.enterAddress,Please enter or paste address,请输入或粘贴地址,請輸入或粘貼地址,アドレスを入力または貼り付けてください,주소를 입력하거나 붙여넣으세요,Sila masukkan atau tampal alamat,กรุณากรอกหรือวางที่อยู่,Vui lòng nhập hoặc dán địa chỉ,कृपया पता दर्ज करें या चिपकाएँ,Bitte Adresse eingeben oder einfügen,Entrez ou collez l’adresse,Digite ou cole o endereço,Ingrese o pegue la dirección,Inserisci o incolla l’indirizzo,Voer adres in of plak,Angi eller lim inn adresse,Ange eller klistra in adress,Introdus sau lipește adresa,Zadejte nebo vložte adresu
address.enterRemark,Please enter a remark name,请输入备注名称,請輸入備註名稱,メモ名を入力してください,메모 이름을 입력하세요,Sila masukkan nama catatan (remark),กรุณากรอกชื่อหมายเหตุ,Vui lòng nhập tên ghi chú,कृपया एक टिप्पणी नाम दर्ज करें,Bitte Namen der Notiz eingeben,Entrez le nom de la remarque,Insira o nome da observação,Ingrese el nombre de la nota,Inserisci il nome della nota,Voer opmerkingennaam in,Skriv inn merknadsnavn,Ange anteckningsnamn,Introdus numele notei,Zadejte název poznámky
address.invalidTronAddress,Invalid Tron address,无效的Tron地址,無效的Tron地址,無効なTronアドレスです,잘못된 Tron 주소입니다,Alamat Tron tidak sah,ที่อยู่ Tron ไม่ถูกต้อง,Địa chỉ Tron không hợp lệ,अवैध ट्रॉन पता,Ungültige Tron-Adresse,Adresse Tron invalide,Endereço Tron inválido,Dirección Tron no válida,Indirizzo Tron non valido,Ongeldig Tron-adres,Ugyldig Tron-adresse,Ogiltig Tron-adress,Adresă Tron invalidă,Neplatná Tron adresa
address.invalidEthAddress,Invalid Ethereum address,无效的以太坊地址,無效的以太坊地址,無効なイーサリアムアドレスです,잘못된 이더리움 주소입니다,Alamat Ethereum tidak sah,ที่อยู่ Ethereum ไม่ถูกต้อง,Địa chỉ Ethereum không hợp lệ,अवैध एथेरियम पता,Ungültige Ethereum-Adresse,Adresse Ethereum invalide,Endereço Ethereum inválido,Dirección Ethereum no válida,Indirizzo Ethereum non valido,Ongeldig Ethereum-adres,Ugyldig Ethereum-adresse,Ogiltig Ethereum-adress,Adresă Ethereum invalidă,Neplatná Ethereum adresa
address.addressExists,Address already exists,该地址已存在,該地址已存在,このアドレスはすでに存在します,이미 등록된 주소입니다,Alamat sudah wujud,ที่อยู่นี้มีอยู่แล้ว,Địa chỉ đã tồn tại,पता पहले से मौजूद है,Diese Adresse existiert bereits,Cette adresse existe déjà,Esse endereço já existe,Esta dirección ya existe,Questo indirizzo esiste già,Adres bestaat al,Adressen finnes allerede,Adressen finns redan,Adresa există deja,Tato adresa již existuje
address.addSuccess,Added successfully,添加成功,添加成功,追加成功,추가 완료,Berjaya Ditambah,เพิ่มสำเร็จแล้ว,Thêm thành công,सफलतापूर्वक जोड़ा गया,Erfolgreich hinzugefügt,Ajout réussi,Adicionado com sucesso,Agregado con éxito,Aggiunta completata,Toegevoegd met succes,Lagt til vellykket,Tillagt framgångsrikt,Adăugat cu succes,Úspěšně přidáno
address.defaultAddressName,My Address,我的地址,我的地址,マイアドレス,내 주소,Alamat Saya,ที่อยู่ของฉัน,Địa chỉ của tôi,मेरा पता,Meine Adressen,Mes adresses,Meus endereços,Mis direcciones,I miei indirizzi,Mijn adres,Mine adresser,Mina adresser,Adresele mele,Moje adresy
address.addressDetail,Address Details,地址详情,地址詳情,アドレス詳細,주소 상세,Butiran Alamat,รายละเอียดที่อยู่,Chi tiết địa chỉ,पते का विवरण,Adressdetails,Détails de l’adresse,Detalhes do endereço,Detalles de dirección,Dettagli dell’indirizzo,Adresdetails,Adresseinformasjon,Adressdetaljer,Detalii adresă,Podrobnosti adresy
address.addressNotFound,Address not found,找不到该地址,找不到該地址,アドレスが見つかりません,해당 주소를 찾을 수 없습니다,Alamat tidak dijumpai,ไม่พบที่อยู่,Không tìm thấy địa chỉ,पता नहीं मिला,Adresse nicht gefunden,Adresse introuvable,Endereço não encontrado,Dirección no encontrada,Impossibile trovare l’indirizzo,Adres niet gevonden,Adressen ble ikke funnet,Adressen hittades inte,Adresă negăsită,Adresa nebyla nalezena
address.updateSuccess,Updated successfully,更新成功,更新成功,更新完了,업데이트 완료,DikemasKini Berjaya,อัปเดตสำเร็จแล้ว,Cập nhật thành công,सफलतापूर्वक अपडेट किया गया,Erfolgreich aktualisiert,Mise à jour réussie,Atualizado com sucesso,Actualizado correctamente,Aggiornamento riuscito,Succesvol bijgewerkt,Vellykket oppdatert,Uppdaterad framgångsrikt,Actualizare reușită,Úspěšně aktualizováno
address.confirmDeleteSingle,Are you sure you want to delete this address?,确定要删除该地址吗？,確定要刪除該地址嗎？,このアドレスを削除してもよろしいですか？,해당 주소를 삭제하시겠습니까?,Adakah anda pasti ingin memadam alamat ini?,คุณแน่ใจหรือไม่ว่าต้องการลบที่อยู่นี้?,Bạn có chắc chắn muốn xóa địa chỉ này không?,क्या आप वाकई इस पते को हटाना चाहते हैं?,Möchten Sie diese Adresse wirklich löschen?,Êtes-vous sûr de vouloir supprimer cette adresse ?,Tem certeza de que deseja excluir este endereço?,¿Está seguro de eliminar esta dirección?,Sei sicuro di voler eliminare questo indirizzo?,Bent u zeker dat u dit adres wilt verwijderen?,Er du sikker på at du vil slette denne adressen?,Är du säker på att du vill ta bort denna adress?,Sunteți sigur că doriți să ștergeți această adresă?,Opravdu chcete tuto adresu odstranit?
address.addTime,Add Time,添加时间,添加時間,追加日時,추가 시간,Tambah Masa,วันที่เพิ่ม,Thời gian thêm,समय जोड़ें,Hinzugefügt am,Date d’ajout,Data de adição,Fecha de agregado,Data di aggiunta,Toevoegtijd,Tidspunkt lagt til,Tid för tillägg,Timp adăugare,Čas přidání
address.addressQR,Address QR Code,地址二维码,地址二維碼,アドレスのQRコード,주소 QR 코드,Kod QR Alamat,คิวอาร์โค้ดที่อยู่,Mã QR của địa chỉ,पता QR कोड,QR-Code der Adresse,Code QR de l’adresse,Código QR do endereço,Código QR de dirección,Codice QR dell’indirizzo,QR-code van adres,Adresse QR-kode,Adressens QR-kod,Cod QR adresă,QR kód adresy
address.scanTip,Scan the QR code to get this address,扫描二维码获取此地址,掃描二維碼獲取此地址,QRコードをスキャンしてこのアドレスを取得してください,QR 코드를 스캔하여 이 주소를 가져오세요,Imbas kod QR untuk mendapatkan alamat ini,สแกนคิวอาร์โค้ดเพื่อรับที่อยู่นี้,Quét mã QR để lấy địa chỉ này,इस पते को प्राप्त करने के लिए QR कोड स्कैन करें,Scannen Sie den QR-Code für diese Adresse,Scannez le QR code pour obtenir cette adresse,Escaneie o código QR para obter este endereço,Escanee el código QR para obtener esta dirección,Scansiona il codice QR per ottenere questo indirizzo,Scan de QR-code om dit adres te krijgen,Skann QR-koden for å få denne adressen,Skanna QR-koden för att få adressen,Scanează codul QR pentru a obține această adresă,Naskenujte QR kód pro získání této adresy
邀请好友共同体验,Invite friends to experience AI investment funds together!,邀请好友共同体验 AI 投资基金！,邀請好友共同體驗 AI 投資基金！,友達を招待してAI投資ファンドを一緒に体験しよう！,친구를 초대하여 AI 투자 펀드를 함께 체험하세요!,Jemput rakan-rakan untuk bersama-sama mengalami dana pelaburan AI!,เชิญชวนเพื่อนมาร่วมสัมผัสประสบการณ์กองทุนลงทุนด้วย AI!,Mời bạn bè cùng trải nghiệm quỹ đầu tư AI!,एआई निवेश फंडों का एक साथ अनुभव करने के लिए दोस्तों को आमंत्रित करें!,"Lade Freunde ein, AI-Investmentfonds gemeinsam zu erleben!",Invitez vos amis à découvrir ensemble le fonds d’investissement IA !,Convide seus amigos para experimentar juntos o fundo de investimento em IA!,¡Invita a tus amigos a experimentar juntos el fondo de inversión en IA!,Invita gli amici a provare insieme i fondi di investimento AI!,Nodig vrienden uit om samen het AI-investeringsfonds te ervaren!,Inviter venner til å prøve AI-investeringsfondet sammen!,Bjud in vänner att uppleva AI-investeringsfonden tillsammans!,Invită prieteni să încerce fondul de investiții AI împreună!,"Pozvěte přátele, aby společně vyzkoušeli AI investiční fond!"
去邀请,Invite Now,去邀请,去邀請,招待する,초대하기,Jemput Sekarang,เชิญตอนนี้,Mời ngay,अभी आमंत्रित करें,Jetzt einladen,Inviter maintenant,Convidar agora,Invitar ahora,Invita ora,Nodig uit,Gå til invitasjon,Gå till inbjudan,Du-te la invitație,Přejít na pozvánku
信仰节点,Faith Node,信仰节点,信仰節點,バリデーションノード,신앙 노드,Nod Faith,โหนด Faith,Nút Đức Tin,विश्वास नोड,Glaubens-Knotenpunkt,Nœud de foi,Nó de fé,Nodo de fe,Nodo di fede,Geloofsknooppunt,Trosnoden,Trosknutpunkt,Nod de credință,Vírový uzel
创世节点,Genesis Node,创世节点,創世節點,ジェネシスノード,창세 노드,Nod Genesis,โหนด Genesis,Nút Khởi Nguyên,जेनेसिस नोड,Genesis-Knotenpunkt,Nœud Genèse,Nó Gênesis,Nodo Génesis,Nodo Genesi,Oorsprongsknooppunt,Genesis-noden,Genesisknutpunkt,Nod de început,Počáteční uzel
节点等级,Node Level,节点等级,節點等級,ノード等級,노드 등급,Tahap Nod,ระดับโหนด,Cấp độ nút,नोड स्तर,Knotengrad,Niveau de nœud,Nível do nó,Nivel de nodo,Livello nodo,Knooppuntniveau,Nodenivå,Nodnivå,Nivel de nod,Úroveň uzlu
投资金额,Investment Amount,投资金额,投資金額,投資金額,투자 금액,Jumlah Pelaburan,ยอดลงทุน,Số tiền đầu tư,निवेश राशि,Investitionsbetrag,Montant de l’investissement,Valor do investimento,Monto de inversión,Importo investito,Investeringsbedrag,Investeringsbeløp,Investeringsbelopp,Suma investită,Investovaná částka
节点数量,Number of nodes,节点数量,節點數量,ノード数,노드 수량,Bilangan nod,จำนวนโหนด,Số lượng nút,नोड्स की संख्या,Knotenanzahl,Nombre de nœuds,Quantidade de nós,Número de nodos,Numero di nodi,Aantal knooppunten,Antall noder,Antal noder,Număr de noduri,Počet uzlů
专属权益,Exclusive Benefits,专属权益,專屬權益,専用特典,전용 혜택,Manfaat Eksklusif,สิทธิประโยชน์พิเศษ,Quyền lợi độc quyền,अनन्य लाभ,Exklusive Rechte,Droits exclusifs,Direitos exclusivos,Beneficios exclusivos,Diritti esclusivi,Exclusieve rechten,Eksklusive rettigheter,Exklusiva rättigheter,Drepturi exclusive,Exkluzivní práva
酒会支持,Cocktail Party Support,酒会支持,酒會支持,カクテルパーティーサポート,와인 파티 지원,Sokongan Parti Koktel,สนับสนุนงานค็อกเทล,Hỗ trợ Tiệc Cocktail,कॉकटेल पार्टी सहायता,Unterstützung bei Galas,Support pour les événements,Apoio para coquetéis,Soporte para eventos,Supporto per eventi,Ondersteuning voor borrel,Bryllupsstøtte,Stöd för drinktillställning,Suport pentru recepție,Podpora koktejlu
节点返还机制,Node Rebate Mechanism,节点返还机制,節點返還機制,ノード返還メカニズム,노드 환급 메커니즘,Mekanisme Rebate Nod,กลไกรายได้โหนด,Cơ chế hoàn tiền cho nút,नोड रिबेट तंत्र,Knoten-Rückzahlungsmechanismus,Mécanisme de remboursement de nœud,Mecanismo de reembolso de nó,Mecanismo de devolución de nodo,Meccanismo di rimborso del nodo,Knooppunt-terugbetalingsmechanisme,Nodens tilbakebetalingsmekanisme,Nodens återbetalningsmekanism,Mecanism de returnare a nodului,Mechanismus vrácení uzlu
收益结构,Revenue Structure,收益结构,收益結構,収益構造,수익 구조,Struktur Pendapatan,โครงสร้างรายได้,Cấu trúc doanh thu,राजस्व संरचना,Ertragsstruktur,Structure de revenus,Estrutura de lucros,Estructura de beneficios,Struttura dei rendimenti,Inkomstenstructuur,Inntektsstruktur,Inkomststruktur,Structură de câștig,Struktura výnosů
动态收益,Dynamic Rewards,动态收益,動態收益,動的収益,동적 수익,Ganjaran Dinamik,รางวัลแบบไดนามิก,Phần thưởng động,डायनामिक पुरस्कार,Dynamische Erträge,Revenus dynamiques,Ganhos dinâmicos,Ingresos dinámicos,Guadagni dinamici,Dynamisch inkomen,Dynamisk inntekt,Dynamisk inkomst,Venit dinamic,Dynamický výnos
推荐奖励,Referral Reward,推荐奖励,推薦獎勵,推薦報酬,추천 보상,Ganjaran Rujukan,รางวัลการแนะนำ,Phần thưởng giới thiệu,रेफरल पुरस्कार,Empfehlungsbonus,Récompense de parrainage,Bônus por indicação,Recompensa por recomendación,Bonus di raccomandazione,Aanbevelingsbeloning,Anbefalingsbelønning,Rekommendationsbonus,Recompensă pentru recomandare,Doporučovací odměna
立即抢购,Buy Now,立即抢购,立即搶購,今すぐ購入,지금 바로 구매,Beli Sekarang,ซื้อตอนนี้,Mua ngay,अभी खरीदें,Jetzt kaufen,Acheter maintenant,Compre agora,Comprar ahora,Acquista ora,Koop nu onmiddellijk,Kjøp umiddelbart,Köp omedelbart,Cumpără acum okamžitě,Kupte ihned
锁仓期,Lock up period,锁仓期,鎖倉期,ロックアップ期間,락업 기간,Tempoh Kunci,ระยะเวลาล็อค,Thời gian khóa,लॉकअप अवधि,Sperrfrist,Période de blocage,Período de bloqueio,Período de bloqueo,Periodo di blocco,Vergrendelingsperiode,Låseperiode,Låsningsperiod,Perioadă de blocare,Doba uzamčení
投资计入业绩,Investment included in performance,投资计入业绩,投資計入業績,投資実績に計上,투자 실적에 포함,Pelaburan dimasukkan dalam prestasi,การลงทุนนับรวมในผลงาน,Khoản đầu tư được tính vào hiệu suất,निवेश प्रदर्शन में शामिल,Investition wird in Leistung gezählt,Investissement comptabilisé dans la performance,Investimento contado nos resultados,Inversión contabilizada en los resultados,Investimento conteggiato nei risultati,Investeringen telt mee voor prestaties,Investeringen teller for ytelse,Investeringen räknas till resultatul,Investiția se contabilizează în performanță,Investice se počítá do výkonu
场,Field,场,場,場,장,Bidang,สาขา,Lĩnh vực,क्षेत्र,Feld,Champ,Campo,Campo,Campo,Locatie,Sted,Plats,Locul,Místo
当前直推节点人数,Current number of direct push V {n} nodes: {m} people,当前直推V{n}节点人数：{m}人,當前直推V{n}節點人數：{m}人,現在の直接推薦V{n}ノード人数：{m}人,현재 직접 추천한 V{n} 노드 수: {m}명,Jumlah semasa nod V{n} tolakan langsung: {m} orang,จำนวนโหนด V{n} โดยตรงปัจจุบัน: {m} คน,Số lượng nút V {n} được đẩy trực tiếp hiện tại: {m} người,प्रत्यक्ष पुश वी {n} नोड्स की वर्तमान संख्या: {m} लोग,Aktuelle direkte V{n}-Knotenanzahl: {m} Personen,Nombre actuel de nœuds V{n} directs : {m} personnes,Total de nós V{n} diretos atualmente: {m} pessoas,Número actual de nodos V{n} directos: {m} personas,Attualmente numero di nodi V{n} diretti: {m} persone,Huidig aantal directe V{n}-knooppunten: {m} personen,Nåværende antall direkte V{n}-noder: {m} personer,Nuvarande antal direkt V{n}-noder: {m} personer,Număr curent de noduri V{n} directe: {m} persoane,Aktuální počet přímých uzlů V{n}: {m} osob
购买中,Purchasing。。。,购买中。。。,購買中...,購入中...,구매 중...,Sedang membeli...,กำลังซื้อ...,Đang mua...,खरीदना…,Kauf läuft…,Achat en cours…,Comprando…,Comprando…,Acquisto in corso…,Aan het kopen...,Kjøper...,Köper...,Cumpăr...,Probíhá nákup...
购买成功,Purchase successful,购买成功,購買成功,購入成功,구매 성공,Pembelian berjaya,ซื้อสำเร็จ,Mua thành công,खरीद सफल,Kauf erfolgreich,Achat réussi,Compra realizada com sucesso,Compra exitosa,Acquisto riuscito,Gekocht met succes,Kjøp fullført,Köp slutförd,Cumpărare reușită,Úspěšný nákup
首页特殊字体文字,Fast profit + Promotion to earn money + Strong team advantage,快速收益 + 推广赚钱 + 团队强力优势,快速收益 + 推廣賺錢 + 團隊強力優勢,高速収益 + プロモーション収益 + 強力なチーム力,빠른 수익 + 홍보 수익 + 강력한 팀워크,Keuntungan pantas + Kenaikan pangkat untuk menjana wang + Kelebihan pasukan yang kuat,กำไรเร็ว + เลื่อนระดับสร้างรายได้ + ความได้เปรียบทีมแข็งแกร่ง,Lợi nhuận nhanh + Thăng cấp để kiếm tiền + Lợi thế đội nhóm mạnh,तेज लाभ + पैसे कमाने के लिए प्रचार + मजबूत टीम का लाभ,Schnelle Gewinne + Empfehlungsprämien + Starkes Team,Gains rapides + Parrainage + Force de l’équipe,Ganhos rápidos + Promoção lucrativa + Equipe forte,Beneficios rápidos + Referidos + Ventajas de equipo,Guadagni rapidi + Guadagni tramite referral + Forte supporto del team,Snelle winst + Promotie-inkomsten + Sterk teamvoordeel,Rask fortjeneste + Tjen på promotering + Sterk teamfordel,Snabb vinst + Tjäna på marknadsföring + Starkt teamförsprång,Câștig rapid + Venit din promovare + Avantajul unei echipe puternice,Rychlý zisk + Výdělek z propagace + Silná týmová výhoda
你的AI投资领航者,The AI That Knows How to Grow Your Money,会自己赚钱的AI,會自己賺錢的AI,お金を稼ぐAI,스스로 수익을 창출하는 AI,AI Yang Tahu Cara Mengembangkan Wang Anda,AI ที่รู้วิธีเพิ่มเงินให้คุณ,Trí tuệ nhân tạo biết cách làm tăng tiền của bạn,वह एआई जो आपके पैसे को बढ़ाना जानता है,"KI, die selbst Geld verdient",IA qui gagne de l’argent toute seule,IA que ganha dinheiro sozinha,IA que gana dinero por sí sola,Intelligenza Artificiale che guadagna da sola,AI die zelf geld verdient,AI som tjener penger selv,AI som tjänar pengar själv,AI care face bani de unul singur,"AI, který si sám vydělává"
您当前的节点等级,Your current node level,您当前的节点等级,您當前的節點等級,現在のノード等級,현재 노드 등급,Tahap nod semasa anda,ระดับโหนดปัจจุบันของคุณ,Cấp độ nút hiện tại của bạn,आपका वर्तमान नोड स्तर,Ihr aktueller Knotengrad,Votre niveau de nœud actuel,Seu nível de nó atual,Tu nivel de nodo actual,Il tuo livello nodo attuale,Uw huidige knooppuntniveau,Ditt nåværende nodenivå,Din nuvarande nodnivå,Nivelul actual al nodului dumneavoastră,Vaše aktuální úroveň uzlu
googleVerify.title,Security Verification,安全验证,安全驗證,セキュリティ認証,보안 인증,Pengesahan Keselamatan,การตรวจสอบความปลอดภัย,Xác minh bảo mật,सुरक्षा सत्यापन,Sicherheitsverifizierung,Vérification de sécurité,Verificação de segurança,Verificación de seguridad,Verifica di sicurezza,Beveiligingsverificatie,Sikkerhetsverifisering,Säkerhetsverifiering,Verificare de securitate,Bezpečnostní ověření
googleVerify.googleAuth,Google Authenticator,谷歌验证码,谷歌驗證碼,Google認証コード,Google 인증 코드,Google Authenticator,Google Authenticator,Google Authenticator,गूगल प्रमाणक,Google-Verifizierungscode,Code de vérification Google,Código de verificação do Google,Código de verificación de Google,Codice di verifica Google,Google verificatiecode,Google-verifiseringskode,Google-verifieringskod,Cod de verificare Google,Google ověřovací kód
googleVerify.authFromApp,Get verification code from Authenticator app,从 Authenticator 应用获取验证码,從 Authenticator 應用獲取驗證碼,Authenticatorアプリから認証コードを取得,Authenticator 앱에서 인증 코드를 가져오세요,Dapatkan kod pengesahan dari aplikasi Authenticator,รับรหัสยืนยันจากแอป Authenticator,Lấy mã xác minh từ ứng dụng Authenticator,प्रमाणक ऐप से सत्यापन कोड प्राप्त करें,Holen Sie den Code aus Authenticator,Obtenez le code depuis Authenticator,Obtenha o código do Authenticator,Obtén el código desde Authenticator,Ottieni il codice da Authenticator,Verificatiecode ophalen uit de Authenticator-app,Hent kode fra Authenticator-appen,Hämta kod från Authenticator-appen,Obțineți cod din aplicația Authenticator,Získejte kód z aplikace Authenticator
googleVerify.enterCode,Enter 6-digit Google verification code,输入6位谷歌验证码,輸入6位谷歌驗證碼,6桁のGoogle認証コードを入力してください,6자리 Google 인증 코드를 입력하세요,Masukkan kod pengesahan Google 6-digit,กรอกรหัสยืนยัน 6 หลักจาก Google,Nhập mã xác minh Google gồm 6 chữ số,6-अंकीय गूगल सत्यापन कोड दर्ज करें,6-stelligen Google-Code eingeben,Entrez le code Google à 6 chiffres,Insira o código de 6 dígitos do Google,Ingresa el código de 6 dígitos de Google,Inserisci il codice a 6 cifre di Google,Vul de 6-cijferige Google-code in,Skriv inn 6-sifret Google-kode,Ange 6-siffrig Google-kod,Introdus codul Google de 6 cifre,Zadejte 6místný Google ověřovací kód
googleVerify.paste,Paste,粘贴,粘貼,貼り付け,붙여넣기,Tampal,วาง,Dán,चिपकाएं,Einfügen,Coller,Colar,Pegar,Incolla,Plakken,Lim inn,Klistra in,Lipește,Vložit
googleVerify.confirmBtn,Confirm,确认,確認,確認,확인,Sahkan,ยืนยัน,Xác nhận,पुष्टि करें,Bestätigen,Confirmer,Confirmar,Confirmar,Conferma,Bevestigen,Bekrefta,Bekräfta,Confirmare,Potvrdit
googleVerify.step1,Download APP,下载APP,下載APP,アプリをダウンロード,앱 다운로드,Muat Turun Aplikasi,ดาวน์โหลดแอป,Tải xuống Ứng dụng,ऐप डाउनलोड करें,App herunterladen,Télécharger l’appli,Baixar app,Descargar app,Scarica l’app,App downloaden,Last ned appen,Ladda ner app,Hai să descarci aplicația,Stáhnout aplikaci
googleVerify.step2,Verify Key,验证密钥,驗證密鑰,認証キー,인증 키,Kunci Pengesahan,ยืนยันคีย์,Xác minh Khóa,कुंजी सत्यापित करें,Schlüssel verifizieren,Vérifier la clé,Verificar chave,Verificar clave,Verifica chiave,Verificatiesleutel,Verifiseringsnøkkel,Verifieringsnyckel,Cheie de verificare,Ověřovací klíč
googleVerify.step3,Complete Binding,完成绑定,完成綁定,連携完了,연동 완료,Lengkapkan Pengikatan,การผูกบัญชีเสร็จสมบูรณ์,Hoàn tất Liên kết,बाध्यकारी पूरा करें,Bindung abgeschlossen,Liaison terminée,Vinculação concluída,Vinculación completada,Collegamento completato,Binding voltooid,Binding fullført,Bindning slutförd,Finalizare legătură,Dokončeno propojení
googleVerify.instructions,Please scan the QR code below with the Google Authenticator app,请使用谷歌身份验证器APP扫描下方验证二维码，或手动输入密钥，将谷歌身份验证器APP生成的6位验证码填进验证框,請使用谷歌身份驗證器APP掃描下方驗證二維碼，或手動輸入密鑰，將谷歌身份驗證器APP生成的6位驗證碼填入驗證框,Google Authenticator アプリで下のQRコードをスキャンするか、手動でキーを入力して、生成された6桁の認証コードを入力してください,"Google Authenticator 앱으로 아래 QR코드를 스캔하거나, 수동으로 키를 입력한 후 생성된 6자리 인증 코드를 입력하세요",Sila imbas kod QR di bawah menggunakan aplikasi Google Authenticator,กรุณาสแกน QR Code ด้านล่างด้วยแอป Google Authenticator,Vui lòng quét mã QR bên dưới bằng ứng dụng Google Authenticator,कृपया गूगल प्रमाणक ऐप से नीचे दिए गए क्यूआर कोड को स्कैन करें,Bitte scannen Sie den untenstehenden QR-Code mit der Google Authenticator App oder geben Sie den Schlüssel manuell ein. Geben Sie anschließend den 6-stelligen Code ein.,"Scannez le QR code avec Google Authenticator ou saisissez manuellement la clé, puis entrez le code à 6 chiffres généré.",Use o app Google Authenticator para escanear o código QR abaixo ou insira a chave manualmente. Digite o código de 6 dígitos.,Utiliza la app de Google Authenticator para escanear el código QR o introduce manualmente la clave. Ingresa el código de 6 dígitos.,Scansiona il codice QR con Google Authenticator oppure inserisci manualmente la chiave. Inserisci quindi il codice di 6 cifre generato.,Scan de onderstaande QR-code met de Google Authenticator-app of voer de sleutel handmatig in. Vul de 6-cijferige verificatiecode in.,Skann QR-koden med Google Authenticator-appen eller skriv inn nøkkelen manuelt. Skriv inn den 6-sifrede koden.,Skanna QR-koden med Google Authenticator-appen eller ange nyckeln manuellt. Ange den sexsiffriga koden.,Scanați codul QR de mai jos cu aplicația Google Authenticator sau introduceți cheia manual. Introduceți codul de 6 cifre.,Naskenujte QR kód pomocí aplikace Google Authenticator nebo zadejte klíč ručně. Zadejte 6místný kód.
googleVerify.secretKey,Secret Key,密钥,密鑰,認証キー,인증 키,Kunci Rahsia,รหัสลับ,Khóa bí mật,गुप्त कुंजी,Schlüssel,Clé,Chave,Clave,Chiave,Sleutel,Nøkkel,Nyckel,Cheie,Klíč
googleVerify.keyCopied,Key copied,密钥已复制,密鑰已複製,認証キーがコピーされました,인증 키가 복사되었습니다,Kunci telah disalin,คัดลอกรหัสเรียบร้อย,Đã sao chép khóa,कुंजी कॉपी की गई,Schlüssel kopiert,Clé copiée,Chave copiada,Clave copiada,Chiave copiata,Sleutel gekopieerd,Nøkkelen er kopiert,Nyckel kopierad,Cheia a fost copiată,Klíč zkopírován
googleVerify.invalidPaste,Clipboard content is not a valid verification code,剪贴板内容不是有效的验证码,剪貼板內容不是有效的驗證碼,クリップボードの内容が有効な認証コードではありません,클립보드의 내용이 유효한 인증 코드가 아닙니다,Kandungan papan klip bukan kod pengesahan yang sah,เนื้อหาคลิปบอร์ดไม่ใช่รหัสยืนยันที่ถูกต้อง,Nội dung bộ nhớ tạm không phải là mã xác minh hợp lệ,क्लिपबोर्ड सामग्री एक वैध सत्यापन कोड नहीं है,Der Inhalt der Zwischenablage ist kein gültiger Code,Le contenu du presse-papiers n’est pas un code valide,O conteúdo da área de transferência não é um código válido,El contenido del portapapeles no es un código válido,Il contenuto degli appunti non è un codice valido,Klembordinhoud is geen geldige code,Utklippstavlens innhold er ikke en gyldig kode,Urklippets innehåll är inte en giltig kod,Conținutul clipboard-ului nu este un cod valid,Obsah schránky není platný kód
googleVerify.enterSixDigit,Please enter a 6-digit verification code,请输入6位验证码,請輸入6位驗證碼,6桁の認証コードを入力してください,6자리 인증 코드를 입력하세요,Sila masukkan kod pengesahan 6-digit,กรุณากรอกรหัสยืนยัน 6 หลัก,Vui lòng nhập mã xác minh gồm 6 chữ số,कृपया 6-अंकीय सत्यापन कोड दर्ज करें,Bitte geben Sie den 6-stelligen Code ein,Veuillez entrer le code à 6 chiffres,Insira o código de 6 dígitos,"Por favor, introduzca su dirección de correo electrónico.",Inserisci il codice a 6 cifre,Voer de 6-cijferige code in,Skriv inn 6-sifret kode,Ange sexsiffrig kod,Introduceți codul de 6 cifre,Zadejte 6místný kód
googleVerify.verifying,Verifying...,验证中...,驗證中...,認証中...,인증 중...,Mengesahkan...,กำลังตรวจสอบ...,Đang xác minh...,सत्यापित किया जा रहा है…,Überprüfung läuft…,Vérification en cours…,Verificando…,Verificando…,Verifica in corso…,Verificatie bezig…,Verifisering pågår…,Verifierar…,Se verifică…,Probíhá ověření…
googleVerify.bindComplete,Binding Complete,完成绑定,完成綁定,連携完了,연동 완료,Pengikatan Selesai,การผูกบัญชีเสร็จสมบูรณ์,Liên kết hoàn tất,बाध्यकारी पूर्ण,Bindung abschließen,Terminer l’association,Concluir vinculação,Completar vinculación,Completare l’associazione,Koppeling voltooid,Tilknytning fullført,Slutför koppling,Legare completată,Propojení dokončeno
googleVerify.continueBtn,Continue,继续,繼續,続行,계속,Teruskan,ดำเนินการต่อ,Tiếp tục,जारी रखें,Weiter,Continuer,Continuar,Continuar,Continua,Doorgaan,Fortsett,Fortsätt,Continuă,Pokračovat
googleVerify.securityWarning,For your asset security,为了您的资产安全，您在更改账号关联的身份验证应用之后的8小时内，将无法进行提币操作。,為了您的資產安全，您在更改賬號關聯的身份驗證應用之後的8小時內，將無法進行提幣操作。,資産の安全を確保するため、アカウントの認証アプリを変更した後8時間は出金ができません,자산 보안을 위해 계정 연동 인증 앱 변경 후 8시간 동안 출금이 제한됩니다.,Untuk keselamatan aset anda,เพื่อความปลอดภัยของสินทรัพย์คุณ,Vì sự an toàn tài sản của bạn,आपकी संपत्ति सुरक्षा के लिए,Zum Schutz Ihrer Vermögenswerte sind Auszahlungen innerhalb von 8 Stunden nach dem Ändern der Authenticator-App nicht möglich.,"Pour votre sécurité, les retraits sont bloqués pendant 8 heures après modification de l’application d’authentification.","Por segurança, saques ficarão indisponíveis por 8 horas após a troca do aplicativo de autenticação.","Por seguridad, los retiros estarán bloqueados durante 8 horas después de cambiar la app de autenticación.","Per la sicurezza del tuo account, i prelievi saranno bloccati per 8 ore dopo la modifica dell’app di autenticazione.",Voor uw veiligheid kunt u binnen 8 uur na het wijzigen van uw authenticatie-app geen opnames doen.,Av sikkerhetsgrunner kan du ikke ta ut midler i 8 timer etter at autentiseringsappen er endret.,Av säkerhetsskäl kan du inte ta ut medel inom 8 timmar efter att du har ändrat autentiseringsappen.,"Din motive de securitate, nu puteți retrage fonduri timp de 8 ore după modificarea aplicației de autentificare.",Z bezpečnostních důvodů nelze do 8 hodin po změně ověřovací aplikace vybírat prostředky.
home.invite_friend,Invite Friends,邀请好友,邀請好友,友達を招待する,친구 초대,Menjemput Rakan,เชิญเพื่อน,Mời Bạn bè,दोस्तों को आमंत्रित करें,Freunde einladen,Inviter des amis,Convidar amigos,Invitar amigos,Invita amici,Nodig vrienden uit,Inviter venner,Bjud in vänner,Invită prieteni,Pozvat přátele
home.database,Database,数据库,數據庫,データベース,데이터베이스,Pangkalan Data,ฐานข้อมูล,Cơ sở dữ liệu,डेटाबेस,Datenbank,Base de données,Banco de dados,Base de datos,Database,Database,Database,Databas,Bază de date,Databáze
home.ranking,Ranking,排行榜,排行榜,ランキング,랭킹,Kedudukan,การจัดอันดับ,Bảng xếp hạng,रैंकिंग,Bestenliste,Classement,Classificação,Clasificación,Classifica,Ranglijst,Rangering,Topp,Clasament,Žebříček
home.challenge,Challenge,挑战,挑戰,チャレンジ,챌린지,Cabaran,ความท้าทาย,Thử thách,चैलेंज,Herausforderung,Défi,Desafio,Desafío,Sfida,Uitdaging,Utfordring,Utmaning,Provocare,Výzva
home.welcome,Welcome to 9M,欢迎来到 9M,歡迎來到 9M,9Mへようこそ,9M에 오신 것을 환영합니다,Selamat datang ke 9M,ยินดีต้อนรับสู่ 9M,Chào mừng đến với 9M,9M में आपका स्वागत है,Willkommen bei 9M,Bienvenue sur 9M,Bem-vindo ao 9M,Bienvenido a 9M,Benvenuto in 9M,Welkom bij 9M,Velkommen til 9M,Välkommen till 9M,Bun venit la 9M,Vítejte na 9M
home.subtitle,Smart Investment Future,智投未来，AI 为您的财富加速,智投未來，AI 為你財富加速,スマートな投資、AIで資産を加速,"스마트한 투자, AI로 자산을 빠르게 증대하세요",Masa Depan Pelaburan Pintar,อนาคตการลงทุนอัจฉริยะ,Tương lai đầu tư thông minh,स्मार्ट निवेश भविष्य,"Intelligente Investitionen, KI beschleunigt Ihr Vermögen","Investissez intelligemment, l’IA accélère votre richesse",Investimento inteligente com IA para acelerar sua riqueza,Inversión inteligente con IA que acelera tu riqueza,Investi in modo intelligente: l’IA accelera la tua crescita patrimoniale,"Slim investeren in de toekomst, AI versnelt uw rijkdom","Smart investering i fremtiden, AI akselererer din rikdom","Smart investering i framtiden, AI ökar din rikedom","Investiți inteligent în viitor, AI vă accelerează averea","Chytré investování do budoucnosti, AI urychluje vaše bohatství"
home.startNow,Start Now,立刻开始,立刻開始,今すぐ始める,지금 시작하기,Mulakan Sekarang,เริ่มต้นตอนนี้,Bắt đầu ngay,अभी शुरू करें,Jetzt starten,Commencez maintenant,Comece agora,Empezar ahora,Inizia ora,Begin nu,Kom i gang,Börja nu,Începe acum,Začněte hned
home.fund,9M AI Fund,9M AI 基金,9M AI 基金,9M AIファンド,9M AI 펀드,Dana AI 9M,กองทุน AI 9M,Quỹ AI 9M,9M एआई फंड,9M AI Fonds,Fonds 9M AI,Fundo 9M AI,Fondo 9M AI,Fondo 9M AI,9M AI-fonds,9M AI-fond,9M AI-fond,Fondul 9M AI,Fond 9M AI
home.aiSystem,Powerful AI Smart Chat System,强大的 AI 智能聊天系统,強大的 AI 智能聊天系統,強力なAIスマートチャットシステム,강력한 AI 스마트 채팅 시스템,Sistem Sembang Pintar AI Berkuasa,ระบบแชทอัจฉริยะด้วย AI,Hệ thống Trò chuyện Thông minh AI Mạnh Mẽ,शक्तिशाली एआई स्मार्ट चैट सिस्टम,Leistungsstarkes KI-Chat-System,Système de chat IA puissant,Poderoso sistema de chat com IA,Potente sistema de chat con IA,Potente sistema di chat IA,Krachtig AI-chatysteem,Kraftig AI-chatløsning,Kraftfullt AI-chatsystem,Sistem de chat AI puternic,Výkonný AI chatovací systém
home.startJourney,Start Your Investment Journey Now,立即开启您的投资之旅,立即開啟您的投資之旅,今すぐ投資の旅を始めよう,지금 투자 여정을 시작하세요,Mulakan Perjalanan Pelaburan Anda Sekarang,เริ่มต้นการเดินทางลงทุนของคุณวันนี้,Bắt đầu hành trình đầu tư của bạn ngay bây giờ,अभी अपनी निवेश यात्रा शुरू करें,Starten Sie jetzt Ihre Investitionsreise,Commencez votre aventure d’investissement,Inicie agora sua jornada de investimento,Comienza ahora tu viaje de inversión,Inizia ora il tuo viaggio di investimento,Start nu uw investeringstraject,Start din investeringsreise nå,Starta din investeringsresa nu,Porniți călătoria dvs. de investiții acum,Začněte svou investiční cestu nyní
home.aiDesc1,No need to stare at charts,无需盯盘，AI穿透K线迷雾，,無需盯盤，AI 穿透K線迷霧，,チャートを監視する必要なし、AIがキャンドルの迷いを突き抜ける,"차트를 볼 필요 없이, AI가 캔들의 혼란을 꿰뚫다",Tiada perlu memantau carta,ไม่ต้องจ้องมองกราฟ,Không cần theo dõi biểu đồ liên tục,चार्ट को घूरने की जरूरत नहीं है,"Kein Chart-Watching nötig, KI durchdringt das Chart-Dickicht","Plus besoin de suivre les graphiques, l’IA les analyse pour vous","Sem precisar acompanhar gráficos, a IA interpreta por você","Sin necesidad de seguir los gráficos, la IA los analiza por ti","Nessun bisogno di monitorare i grafici, l’IA li interpreta per te","Geen marktbewaking nodig, AI doorbreekt de K-lijnnevel","Ingen overvåking nødvendig, AI skjærer gjennom K-linjens tåke","Inget behov av övervakning, AI skär igenom K-linjens dimma","Nu este nevoie de supraveghere, AI pătrunde prin ceața liniei K","Není třeba sledovat trh, AI proniká skrz mlhu K-linie"
home.aiDesc2,using probability models to secure optimal solutions for each trade.,用概率模型为每笔交易锁定最优解。,用概率模型為每筆交易鎖定最優解。,確率モデルで各取引に最適解を提供,확률 모델로 최적의 매매 해답을 제시합니다.,menggunakan model kebarangkalian untuk mendapatkan penyelesaian optimum bagi setiap urus niaga.,ใช้โมเดลความน่าจะเป็นเพื่อหาวิธีการลงทุนที่เหมาะสมที่สุดในแต่ละครั้ง,Sử dụng mô hình xác suất để đảm bảo giải pháp tối ưu cho mỗi giao dịch.,प्रत्येक व्यापार के लिए इष्टतम समाधानों को सुरक्षित करने के लिए संभाव्यता मॉडल का उपयोग करना।,Nutzt Wahrscheinlichkeitsmodelle für optimale Entscheidungen,Utilise des modèles probabilistes pour chaque transaction,Modelo de probabilidade para cada operação,Utiliser un modèle probabiliste pour identifier la solution optimale à chaque transaction.,Modello probabilistico per ogni operazione,Optimaliseer elke transactie met probabiliteitsmodellen,Finn optimal løsning for hver transaksjon med sannsynlighetsmodell,Lås upp bästa lösning för varje transaktion med sannolikhetsmodell,Găsiți soluția optimă pentru fiecare tranzacție folosind modele probabilistice,Najděte nejlepší řešení pro každou transakci pomocí pravděpodobnostních modelů
home.investmentPlatform,Investment Platform,投资平台,投資平台,投資プラットフォーム,투자 플랫폼,Platform Pelaburan,แพลตฟอร์มการลงทุน,Nền tảng Đầu tư,निवेश प्लेटफॉर्म,Investment-Plattform,Plateforme d'Investissement,Plataforma de Investimento,Plataforma de Inversión,Piattaforma di Investimento,,Investeringsplattform,Investeringsplattform,Platformă de Investiții,Investiční Platforma
home.aiAcceleratesWealth,AI Accelerates Your Wealth,AI加速您的财富增长,AI加速您的財富增長,AIが資産形成を加速,AI가 당신의 부를 가속화합니다,AI Pecut Kekayaan Anda,AI เร่งความร่ำรวยของคุณ,AI Tăng Tốc Tài Sản Của Bạn,AI आपकी संपत्ति को गति देता है,KI beschleunigt Ihren Wohlstand,IA Accélère Votre Richesse,IA Acelera Sua Riqueza,IA Acelera Tu Riqueza,IA Accelera la Tua Ricchezza,,AI Akselererer Din Formue,AI Snabbar På Din Förmögenhet,AI Accelerează Averea Ta,AI Zrychluje Vaše Bohatství
assets.title,Assets,资产,資產,資産,자산,Aset,สินทรัพย์,Tài sản,संपत्तियां,Vermögen,Actifs,Ativos,Activos,Attività,Activa,Eiendeler,Tillgångar,Active,Aktiva
assets.balance,Balance,余额,餘額,残高,잔액,Baki,ยอดคงเหลือ,Số dư,शेष,Guthaben,Solde,Saldo,Saldo,Saldo,Saldo,Balanse,Saldo,Sold,Zůstatek
assets.deposit,Deposit,充币,充幣,入金,입금,Deposit,ฝากเงิน,Nạp tiền,जमा,Einzahlung,Dépôt,Depósito,Depósito,Deposito,Storten,Innskudd,Insättning,Depunere,Vklad
assets.withdraw,Withdraw,提币,提幣,出金,출금,Pengeluaran,ถอนเงิน,Rút tiền,निकालें,Abhebung,Retrait,Saque,Retiro,Prelievo,Opnemen,Uttak,Uttag,Retragere,Výběr
assets.investment,Investment Income,投资收益,投資收益,投資収益,투자 수익,Pendapatan Pelaburan,รายได้จากการลงทุน,Thu nhập đầu tư,निवेश आय,Investitionsertrag,Rendement d’investissement,Retorno de investimento,Rendimiento de inversión,Rendimento degli investimenti,Investeringsopbrengst,Investeringsavkastning,Investeringsavkastning,Venituri din investiții,Výnosy z investic
assets.upgrade,VIP Challenge,VIP计划,VIP計劃,VIPプログラム,VIP 프로그램,Cabaran VIP,ความท้าทายระดับ VIP,Thử thách VIP,वीआईपी चुनौती,VIP-Programm,Programme VIP,Programa VIP,Programa VIP,Programma VIP,VIP-plan,VIP-plan,VIP-plan,Plan VIP,VIP plán
invite.scanQRCodeTip,Scan to establish invitation relationship,扫一扫即可绑定邀请关系,掃一掃即可綁定邀請關係,スキャンして招待関係を連携,스캔하면 초대 관계가 연동됩니다,Imbas untuk menjalin hubungan jemputan,สแกนเพื่อสร้างความสัมพันธ์การเชิญ,Quét để thiết lập mối quan hệ mời,आमंत्रण संबंध स्थापित करने के लिए स्कैन करें,"Scannen, um Einladung zu binden",Scannez pour lier l’invitation,Escaneie para vincular convite,Escanea para vincular invitación,Scansiona per collegare invito,Scan om uitnodiging te koppelen,Skann for å knytte invitasjon,Skanna för att binda inbjudan,Scanați pentru a lega invitația,Naskenujte pro propojení pozvání
invite.inviteCode,Invite Code,邀请码,邀請碼,招待コード,초대 코드,Kod Jemputan,รหัสเชิญ,Mã mời,आमंत्रण कोड,Einladungscode,Code d’invitation,Código de convite,Código de invitación,Codice invito,Uitnodigingscode,Invitasjonskode,Inbjudningskod,Cod de invitație,Pozývací kód
invite.inviteLink,Invitation Link,邀请链接,邀請鏈接,招待リンク,초대 링크,Pautan Jemputan,ลิงก์เชิญ,Liên kết mời,आमंत्रण लिंक,Einladungslink,Lien d’invitation,Link de convite,Enlace de invitación,Link di invito,Uitnodigingslink,Invitasjonslenke,Inbjudningslänk,Link de invitație,Odkaz na pozvánku
invite.savePoster,Save Poster,保存海报,保存海報,ポスター保存,포스터 저장,Simpan Poster,บันทึกรูปโปสเตอร์,Lưu Poster,पोस्टर सहेजें,Poster speichern,Enregistrer l’affiche,Salvar cartaz,Guardar cartel,Salva il poster,Poster opslaan,Lagre plakat,Spara affisch,Salvați afișul,Uložit plakát
invite.inviteCodeCopied,Invite code copied,邀请码已复制,邀請碼已複製,招待コードがコピーされました,초대 코드가 복사되었습니다,Kod jemputan telah disalin,คัดลอกรหัสเชิญเรียบร้อย,Đã sao chép mã mời,आमंत्रण कोड कॉपी किया गया,Einladungscode kopiert,Code d’invitation copié,Código copiado,Código copiado,Codice invito copiato,Code gekopieerd,Kode kopiert,Kod kopierad,Cod copiat,Kód zkopírován
invite.inviteLinkCopied,Invitation link copied,邀请链接已复制,邀請鏈接已複製,招待リンクがコピーされました,초대 링크가 복사되었습니다,Pautan jemputan telah disalin,คัดลอกลิงก์เชิญเรียบร้อย,Đã sao chép liên kết mời,आमंत्रण लिंक कॉपी किया गया,Einladungslink kopiert,Lien copié,Link copiado,Enlace copiado,Link copiato,Link gekopieerd,Lenke kopiert,Länk kopierad,Link copiat,Odkaz zkopírován
forgotPassword.title,Reset Login Password,重置登录密码,重置登入密碼,ログインパスワードのリセット,로그인 비밀번호 재설정,Tetapkan Semula Kata Laluan Log Masuk,รีเซ็ตรหัสผ่านเข้าสู่ระบบ,Đặt lại Mật khẩu Đăng nhập,लॉगिन पासवर्ड रीसेट करें,Passwort zurücksetzen,Réinitialiser le mot de passe,Redefinir senha de login,Restablecer contraseña,Reimposta password,Wachtwoord opnieuw instellen,Tilbakestill passord,Återställ lösenord,Resetați parola,Obnovit heslo
forgotPassword.account,Account,账户,賬號,アカウント,계정,Akaun,บัญชี,Tài khoản,खाता,Konto,Compte,Conta,Cuenta,Account,Account,Konto,Konto,Cont,Účet
forgotPassword.enterAccount,Please enter account,请输入账户,請輸入賬號,アカウントを入力してください,계정을 입력하세요,Sila masukkan akaun,กรุณากรอกบัญชี,Vui lòng nhập tài khoản,कृपया खाता दर्ज करें,Bitte Konto eingeben,Veuillez entrer le compte,Digite a conta,Introduce la cuenta,Inserisci account,Voer account in,Skriv inn konto,Ange konto,Introduceți contul,Zadejte účet
forgotPassword.next,Next,下一步,下一步,次へ,다음,Seterusnya,ถัดไป,Tiếp theo,अगला,Nächster Schritt,Étape suivante,Próximo passo,Siguiente paso,Passaggio successivo,Volgende stap,Neste,Nästa steg,Următorul pas,Další krok
forgotPassword.newPassword,New Password,新密码,新密碼,新しいパスワード,새 비밀번호,Kata Laluan Baharu,รหัสผ่านใหม่,Mật khẩu mới,नया पासवर्ड,Neue Anforderungen für das Team-Staking,Nouveau mot de passe,Nova senha,Nueva contraseña,Nuova password,Nieuw wachtwoord,Nytt passord,Nytt lösenord,Parolă nouă,Nové heslo
forgotPassword.enterNewPassword,Please enter new password,请输入新密码,請輸入新密碼,新しいパスワードを入力してください,새 비밀번호를 입력하세요,Sila masukkan kata laluan baharu,กรุณากรอกรหัสผ่านใหม่,Vui lòng nhập mật khẩu mới,कृपया नया पासवर्ड दर्ज करें,Bitte neues Passwort eingeben,Veuillez entrer un nouveau mot de passe,Digite nova senha,Introduce nueva contraseña,Inserisci nuova password,Voer nieuw wachtwoord in,Skriv inn nytt passord,Ange nytt lösenord,Introduceți parola nouă,Zadejte nové heslo
forgotPassword.confirmPassword,Confirm Password,确认密码,確認密碼,パスワード確認,비밀번호 확인,Sahkan Kata Laluan,ยืนยันรหัสผ่าน,Xác nhận Mật khẩu,पासवर्ड की पुष्टि करें,Passwort bestätigen,Confirmer le mot de passe,Confirmar senha,Confirmar contraseña,Conferma password,Bevestig wachtwoord,Bekreft passord,Bekräfta lösenord,Confirmați parola,Potvrďte heslo
forgotPassword.confirmNewPassword,Please confirm new password,请确认新密码,請確認新密碼,新しいパスワードをもう一度入力してください,새 비밀번호를 다시 입력하세요,Sila sahkan kata laluan baharu,กรุณายืนยันรหัสผ่านใหม่,Vui lòng xác nhận mật khẩu mới,कृपया नए पासवर्ड की पुष्टि करें,Bitte neues Passwort bestätigen,Veuillez confirmer le nouveau mot de passe,Confirme a nova senha,Confirma la nueva contraseña,Conferma la nuova password,Bevestig uw nieuwe wachtwoord,Bekreft nytt passord,Bekräfta nytt lösenord,Vă rugăm să confirmați noua parolă,Potvrďte nové heslo
forgotPassword.resetSuccess,Password reset successfully,密码重置成功,密碼重置成功,パスワード再設定成功,비밀번호 재설정 완료,Penetapan semula kata laluan berjaya,รีเซ็ตรหัสผ่านสำเร็จ,Đặt lại mật khẩu thành công,पासवर्ड सफलतापूर्वक रीसेट किया गया,Passwort erfolgreich zurückgesetzt,Réinitialisation réussie,Redefinição bem-sucedida,Restablecimiento exitoso,Reimpostazione completata,Wachtwoord succesvol gereset,Passord tilbakestilt,Lösenord återställt,Parola a fost resetată,Heslo bylo úspěšně obnoveno
forgotPassword.submitting,Submitting...,提交中...,提交中...,送信中...,제출 중...,Menghantar...,กำลังส่งข้อมูล...,Đang gửi…,प्रस्तुत किया जा रहा है…,Wird übermittelt…,En cours de soumission…,Enviando…,Enviando…,Invio in corso…,Bezig met indienen…,Sender inn…,Skickar…,Se trimite…,Odesílání…
forgotPassword.passwordsNotMatch,The passwords entered twice do not match,两次输入的密码不一致,兩次輸入的密碼不一致,2回入力したパスワードが一致しません,입력한 두 비밀번호가 일치하지 않습니다,Kata laluan yang dimasukkan tidak sepadan,รหัสผ่านที่กรอกไม่ตรงกัน,Mật khẩu nhập hai lần không khớp,दो बार दर्ज किए गए पासवर्ड मेल नहीं खाते,Passwörter stimmen nicht überein,Les mots de passe ne correspondent pas,As senhas não coincidem,Las contraseñas no coinciden,Le password non coincidono,Wachtwoorden komen niet overeen,Passordene stemmer ikke overens,Lösenorden matchar inte,Parolele nu coincid,Hesla se neshodují
forgotPassword.enterNewPasswordTip,Please enter new password,请输入新密码,請輸入新密碼,新しいパスワードを入力してください,,Sila masukkan kata laluan baharu,กรุณากรอกรหัสผ่านใหม่,Vui lòng nhập mật khẩu mới,कृपया नया पासवर्ड दर्ज करें,Bitte neues Passwort eingeben,Veuillez saisir un nouveau mot de passe,Insira a nova senha,"Por favor, introduzca una nueva contraseña",Inserisci la nuova password,Voer een nieuw wachtwoord in,Skriv inn nytt passord,Ange ett nytt lösenord,Introduceți o parolă nouă,Zadejte nové heslo
forgotPassword.enterConfirmPasswordTip,Please confirm new password,请确认新密码,請確認新密碼,新しいパスワードをもう一度入力してください,,Sila sahkan kata laluan baharu,กรุณายืนยันรหัสผ่านใหม่,Vui lòng xác nhận mật khẩu mới,कृपया नए पासवर्ड की पुष्टि करें,Bitte neues Passwort bestätigen,Veuillez confirmer le nouveau mot de passe,Confirme a nova senha,"Por favor, confirme la nueva contraseña",Conferma la nuova password,Bevestig uw nieuwe wachtwoord,Bekreft det nye passordet,Bekräfta det nya lösenordet,Confirmați noua parolă,Potvrďte nové heslo
forgotPassword.userDoesnotexist,User does not exist,用户不存在,用戶不存在,ユーザーが存在しません,존재하지 않는 사용자입니다,Pengguna tidak wujud,ไม่พบผู้ใช้นี้,Người dùng không t tồn tại,उपयोगकर्ता मौजूद नहीं है,Benutzer existiert nicht,L’utilisateur n’existe pas,Usuário não encontrado,El usuario no existe,Utente non esistente,Gebruiker bestaat niet,Bruker finnes ikke,Användaren finns inte,Utilizatorul nu există,Uživatel neexistuje
forgotPassword.userNoGoogle,You have not bound Google Authenticator,您未绑定谷歌身份验证器，无法重置密码,您未綁定谷歌身份驗證器，無法重置密碼,Google認証アプリが連携されていないため、パスワードをリセットできません,Google 인증기가 연동되지 않아 비밀번호를 재설정할 수 없습니다,Anda belum mengikat Google Authenticator,คุณยังไม่ได้ผูก Google Authenticator,Bạn chưa liên kết Google Authenticator,आपने Google प्रमाणक को बाध्य नहीं किया है,Google Authenticator nicht verbunden – Zurücksetzen nicht möglich,"Authentificateur Google non lié, réinitialisation impossible","Google Authenticator não vinculado, redefinição indisponível","No has vinculado Google Authenticator, no se puede restablecer","Autenticatore Google non collegato, impossibile reimpostare","Geen Google-verificatie gekoppeld, kan wachtwoord niet resetten","Google-verifisering ikke koblet, kan ikke tilbakestille passord","Google-verifiering saknas, kan inte återställa lösenord","Verificatorul Google nu este legat, nu se poate reseta parola","Google autentizátor není připojen, nelze obnovit heslo"
forgotPassword.userGoogleFailure,Verification failed,验证失败,驗證失敗,認証に失敗しました,인증 실패,Pengesahan gagal,การยืนยันล้มเหลว,Xác thực thất bại,सत्यापन विफल,Verifizierung fehlgeschlagen,Échec de la vérification,Falha na verificação,Fallo de verificación,Verifica fallita,Verificatie mislukt,Verifisering mislyktes,Verifiering misslyckades,Verificare eșuată,Ověření selhalo
forgotPassword.tip,Tip,提示,提示,ヒント,알림,Petua,คำเตือน,Thông báo,सुझाव,Hinweis,Alerte,Aviso,Aviso,Avviso,Tip,Tips,Tips,Sfaturi,Tip
withdraw.title,Withdraw,提币,提幣,出金,출금,Pengeluaran,ถอนเงิน,Rút tiền,निकालें,Auszahlung,Retrait,Retirada,Retiro,Prelievo,Opnemen,Uttak,Uttag,Retragere,Výběr
withdraw.coinType,Currency,币种,幣種,コイン種類,코인 종류,Mata Wang,สกุลเงิน,Tiền tệ,मुद्रा,Kryptowährung,Devise,Criptomoeda,Criptomoneda,Criptovaluta,Valuta,Valuta,Valuta,Monedă,Měna
withdraw.selectCoin,Please select currency,请选择币种,請選擇幣種,コインを選択してください,코인을 선택하세요,Sila pilih mata wang,กรุณาเลือกสกุลเงิน,Vui lòng chọn loại tiền,कृपया मुद्रा चुनें,Bitte wählen Sie eine Kryptowährung,Veuillez choisir une cryptomonnaie,Selecione a criptomoeda,Por favor seleccione una criptomoneda,Seleziona la criptovaluta,Kies valuta,Velg valuta,Välj valuta,Alegeți moneda,Vyberte měnu
withdraw.address,Address,地址,地址,アドレス,주소,Alamat,ที่อยู่,Địa chỉ,पता,Adresse,Adresse,Endereço,Dirección,Indirizzo,Adres,Adresse,Adress,Adresă,Adresa
withdraw.longPressToPaste,Long press to paste,长按粘贴,長按粘貼,長押しで貼り付け,길게 눌러 붙여넣기,Tekan lama untuk tampal,กดค้างเพื่อวาง,Nhấn giữ để dán,पेस्ट करने के लिए देर तक दबाएँ,Lange drücken zum Einfügen,Appuyez longuement pour coller,Pressione e segure para colar,Mantenga pulsado para pegar,Tieni premuto per incollare,Lang indrukken om te plakken,Trykk lenge for å lime inn,Tryck länge för att klistra in,Apăsați lung pentru a lipi,Dlouze stiskněte pro vložení
withdraw.network,Network,所属网络,所屬網絡,ネットワーク種類,네트워크 종류,Rangkaian,เครือข่าย,Mạng,नेटवर्क,Zugehöriges Netzwerk,Réseau associé,Rede associada,Red asociada,Rete associata,Behorende netwerk,Tilhørende nettverk,Tillhörande nätverk,Rețea asociată,Příslušná síť
withdraw.selectChain,Please select chain type,请选择链类型,請選擇鏈類型,チェーンタイプを選択してください,체인 종류를 선택하세요,Sila pilih jenis rantaian,กรุณาเลือกประเภทเครือข่าย,Vui lòng chọn loại mạng,कृपया श्रृंखला प्रकार चुनें,Verfügbares Guthaben,Solde disponible,Saldo disponível,Saldo disponible,Saldo disponibile,Kies het type keten,Vennligst velg kjedetype,Välj kedjetyp,Selectați tipul de lanț,Vyberte typ řetězce
withdraw.amount,Withdrawal Amount,提币金额,提幣金額,出金金額,출금 금액,Jumlah Pengeluaran,จำนวนเงินที่ต้องการถอน,Số tiền rút,निकासी राशि,Auszahlungsbetrag,Montant du retrait,Quantia a sacar,Monto del retiro,Importo prelievo,Opnamebedrag,Uttaksbeløp,Uttagsbelopp,Suma de retragere,Částka výběru
withdraw.minAmountTip,Minimum withdrawal amount is {min},最小可提金额为 {min},最小可提金額為 {min},最小出金金額は {min},최소 출금 금액은 {min},Jumlah pengeluaran minimum ialah {min},จำนวนเงินถอนขั้นต่ำคือ {min},Số tiền rút tối thiểu là {min},न्यूनतम निकासी राशि है {min},Mindestauszahlungsbetrag: {min},Montant minimum retirable : {min},Valor mínimo para saque: {min},Monto mínimo retirable: {min},Importo minimo prelevabile: {min},Minimale opneembare bedrag is {min},Minimum uttak er {min},Minsta uttagsbelopp är {min},Suma minimă de retragere este {min},Minimální částka pro výběr je {min}
withdraw.maxAmountTip,Maximum withdrawal amount is {max},最大可提金额为 {max},最大可提金額為 {max},最大出金金額は {max},최대 출금 금액은 {max},Jumlah pengeluaran maksimum ialah {max},จำนวนเงินถอนสูงสุดคือ {max},Số tiền rút tối đa là {max},अधिकतम निकासी राशि है {max},Höchstbetrag: {max},Montant maximal : {max},Valor máximo para saque: {max},Monto máximo retirable: {max},Importo massimo prelevabile: {max},Maximale opneembare bedrag is {max},Maksimalt uttak er {max},Högsta uttagsbelopp är {max},Suma maximă de retragere este {max},Maximální částka pro výběr je {max}
withdraw.selectCoinFirst,Please select a currency first,请先选择币种,請先選擇幣種,まずコインを選択してください,먼저 코인을 선택하세요,Sila pilih mata wang terlebih dahulu,กรุณาเลือกสกุลเงินก่อน,Vui lòng chọn loại tiền trước,कृपया पहले एक मुद्रा चुनें,Bitte wählen Sie zuerst die Währung aus,Veuillez d’abord sélectionner la devise,"Por favor, selecione a moeda primeiro","Por favor, seleccione primero la moneda",Si prega di selezionare prima la valuta,Selecteer eerst een valuta,Vennligst velg en valuta først,Välj först en valuta,Vă rugăm să selectați mai întâi moneda,Nejprve vyberte měnu
withdraw.availableBalance,Available Balance,可用余额,可用餘額,利用可能残高,사용 가능 잔액,Baki Tersedia,ยอดเงินคงเหลือ,Số dư khả dụng,उपलब्ध शेष राशि,Verfügbares Guthaben,Solde disponible,Saldo disponível,Saldo disponible,Saldo disponibile,Beschikbaar saldo,Tilgjengelig saldo,Tillgängligt saldo,Sold disponibil,Dostupný zůstatek
withdraw.useAll,All,全部,全部,全て,전부,Semua,ทั้งหมด,Tất cả,सभी,Alle,Tout,Tudo,Todo,Tutto,Alles,Alt,Alla,Totul,Vše
withdraw.fee,Fee,手续费,手續費,手数料,수수료,Yuran,ค่าธรรมเนียม,Phí,शुल्क,Transaktionsgebühr,Frais de transaction,Taxa de transação,Tarifa de transacción,Commissione,Transactiekosten,Gebyr,Avgift,Comision,Poplatek
withdraw.confirm,Confirm,确认,確認,確認,확인,Sahkan,ยืนยัน,Xác nhận,पुष्टि करें,Bestätigen,Confirmer,Confirmar,Confirmar,Conferma,Bevestigen,Bekreft,Bekräfta,Confirmare,Potvrdit
withdraw.confirmWithdraw,Confirm Withdrawal,确认提币,確認提幣,出金を確認,출금 확인,Sahkan Pengeluaran,ยืนยันการถอนเงิน,Xác nhận rút tiền,निकासी की पुष्टि करें,Auszahlung bestätigen,Confirmer le retrait,Confirmar retirada,Confirmar retiro,Conferma il prelievo,Bevestig opname,Bekreft uttak,Bekräfta uttag,Confirmați retragerea,Potvrďte výběr
withdraw.withdrawConfirmContent,You will withdraw {amount} {currency} to address {address},您将提取 {amount} {currency} 到地址 {address},您將提取 {amount} {currency} 到地址 {address},{amount} {currency}を{address}に出金します,{amount} {currency}를 {address} 주소로 출금합니다,Anda akan mengeluarkan {amount} {currency} ke alamat {address},คุณกำลังจะถอนเงิน {amount} {currency} ไปยังที่อยู่ {address},Bạn sẽ rút {amount} {currency} đến địa chỉ {address},आप पते {address} पर {amount} {currency} निकालेंगे,Sie werden {amount} {currency} an die Adresse {address} abheben,Vous retirerez {amount} {currency} à l’adresse {address},Você retirará {amount} {currency} para o endereço {address},Usted retirará {amount} {currency} a la dirección {address},Preleverai {amount} {currency} all’indirizzo {address},U haalt {amount} {currency} op naar adres {address},Du vil ta ut {amount} {currency} til adressen {address},Du kommer att ta ut {amount} {currency} till adressen {address},Veți retrage {amount} {currency} la adresa {address},Vyberete {amount} {currency} na adresu {address}
withdraw.submitting,Submitting,提交中,提交中,送信中,제출 중,Menghantar,กำลังดำเนินการ,Đang gửi,भेजा जा रहा है,Wird gesendet,En cours d’envoi,Enviando,Enviando,Invio in corso,Bezig met verzenden,Sender inn,Skickar,Se trimite,Odesílání
withdraw.withdrawSuccess,Withdrawal request submitted,提币申请已提交,提幣申請已提交,出金申請が送信されました,출금 신청이 제출되었습니다,Permintaan pengeluaran telah dihantar,ส่งคำขอถอนเงินเรียบร้อย,Yêu cầu rút tiền đã được gửi,निकासी अनुरोध सबमिट किया गया,Auszahlungsanfrage wurde übermittelt,Demande de retrait soumise,Solicitação de retirada enviada,Solicitud de retiro enviada,Richiesta di prelievo inviata,Opnameverzoek ingediend,Uttaksforespørsel sendt,Uttagsbegäran har skickats,Cererea de retragere a fost trimisă,Žádost o výběr byla odeslána
withdraw.withdrawFailed,Submission failed,提交失败，请稍后重试,提交失敗，請稍後重試,送信失敗、後でもう一度試してください,"제출 실패, 잠시 후 다시 시도해 주세요",Penghantaran gagal,การส่งคำขอล้มเหลว,Gửi thất bại,सबमिशन विफल,Übermittlung fehlgeschlagen. Bitte versuchen Sie es später erneut,Échec de l’envoi. Veuillez réessayer plus tard,Falha no envio. Tente novamente mais tarde,"Error en el envío. Por favor, intente más tarde",Invio non riuscito. Riprova più tardi,"Verzenden mislukt, probeer het later opnieuw","Innsending mislyktes, prøv igjen senere","Skickningen misslyckades, försök igen","Trimiterea a eșuat, încercați din nou mai târziu","Odeslání selhalo, zkuste to znovu později"
withdraw.loadingAssets,Loading assets,获取资产中,獲取資產中,資産情報を取得中,자산 정보 불러오는 중,Memuatkan aset,กำลังโหลดสินทรัพย์,Đang tải tài sản,संपत्तियां लोड हो रही हैं,Vermögenswerte werden geladen,Récupération des actifs en cours,Obtendo ativos,Obteniendo activos,Recupero delle risorse in corso,Bezig met ophalen van activa,Henter eiendeler,Hämtar tillgångar,Se obțin active,Načítání aktiv
withdraw.loadAssetsFailed,Failed to load asset information,获取资产信息失败,獲取資產信息失敗,資産情報の取得に失敗しました,자산 정보를 불러오지 못했습니다,Gagal memuatkan maklumat aset,โหลดข้อมูลสินทรัพย์ไม่สำเร็จ,Tải thông tin tài sản thất bại,संपत्ति की जानकारी लोड करने में विफल,Vermögensinformationen konnten nicht abgerufen werden,Échec de récupération des informations d’actifs,Falha ao obter informações dos ativos,No se pudo obtener la información de activos,Impossibile ottenere informazioni sugli asset,Ophalen van activa mislukt,Kunne ikke hente eiendomsinformasjon,Det gick inte att hämta tillgångsinformation,Eroare la obținerea informațiilor despre active,Nepodařilo se načíst informace o aktivech
withdraw.addressPasted,Address pasted,已粘贴地址,已粘貼地址,アドレスが貼り付けられました,주소가 붙여넣기 되었습니다,Alamat telah ditampal,วางที่อยู่แล้ว,Đã dán địa chỉ,पता चिपका दिया गया,Adresse wurde eingefügt,Adresse collée,Endereço colado,Dirección pegada,Indirizzo incollato,Adres geplakt,Adresse limt inn,Adress inklistrad,Adresa a fost lipită,Adresa byla vložena
withdraw.scanFailed,Scan failed,扫码失败,掃碼失敗,QRコードのスキャンに失敗しました,QR 코드 인식 실패,Imbasan gagal,สแกนล้มเหลว,Quét thất bại,स्कैन विफल,Scan fehlgeschlagen,Échec de la numérisation,Falha na leitura do código,Falló el escaneo,Scansione fallita,QR-code scannen mislukt,Skanning mislyktes,Skanning misslyckades,Scanarea a eșuat,Skenování se nezdařilo
deposit.title,Deposit,充币,充幣,入金,입금,Deposit,ฝากเงิน,Nạp tiền,जमा,Einzahlung,Dépôt,Depósito,Depósito,Ricarica,Storting van crypto,Innskudd,Insättning,Depunere cripto,Vklad kryptoměny
deposit.chainType,Chain Type,链类型,鏈類型,チェーンタイプ,체인 종류,Jenis Rantai,ประเภทเครือข่าย,Loại mạng,श्रृंखला प्रकार,Kettentyp,Type de chaîne,Tipo de rede,Tipo de cadena,Tipo di rete,Type blockchain,Kjedetype,Kedjetyp,Tip de lanț,Typ řetězce
deposit.selectChain,Please select chain type,请选择链类型,請選擇鏈類型,チェーンタイプを選択してください,체인 종류를 선택하세요,Sila pilih jenis rantai,กรุณาเลือกประเภทเครือข่าย,Vui lòng chọn loại mạng,कृपया श्रृंखला प्रकार चुनें,Bitte wählen Sie den Kettentyp,Veuillez choisir le type de chaîne,Selecione o tipo de rede,Seleccione el tipo de cadena,Seleziona il tipo di rete,Kies het type keten,Vennligst velg kjedetype,Välj kedjetyp,Selectați tipul de lanț,Vyberte typ řetězce
deposit.coinType,Currency,币种,幣種,コイン種類,코인 종류,Mata Wang,สกุลเงิน,Tiền tệ,मुद्रा,Währung,Devise,Moeda,Moneda,Valuta,Valuta,Valuta,Valuta,Monedă,Měna
deposit.selectCoin,Please select currency,请选择币种,請選擇幣種,コインを選択してください,코인을 선택하세요,Sila pilih mata wang,กรุณาเลือกสกุลเงิน,Vui lòng chọn loại tiền,कृपया मुद्रा चुनें,Bitte wählen Sie eine Währung,Veuillez choisir une devise,Selecione uma moeda,Seleccione una moneda,Seleziona una valuta,Kies een valuta,Vennligst velg en valuta,Välj en valuta,Selectați o monedă,Vyberte měnu
deposit.amount,Deposit Amount,充币数量,充幣數量,入金数量,입금 수량,Jumlah Deposit,จำนวนเงินฝาก,Số tiền nạp,जमा राशि,Einzahlungsbetrag,Montant du dépôt,Quantidade de depósito,Cantidad de recarga,Importo di ricarica,Stortingsbedrag,Beløp for innskudd,Insättningsbelopp,Suma de depunere,Částka vkladu
deposit.enterAmount,Please enter amount,请输入数量,請輸入數量,数量を入力してください,수량을 입력하세요,Sila masukkan jumlah,กรุณากรอกจำนวนเงิน,Vui lòng nhập số tiền,कृपया राशि दर्ज करें,Bitte Menge eingeben,Veuillez entrer la quantité,Insira a quantidade,Ingrese la cantidad,Inserisci la quantità,Voer een bedrag in,Skriv inn beløp,Ange belopp,Introduceți suma,Zadejte částku
deposit.proofUpload,Deposit Proof (Please upload your transfer screenshot),充币凭证 (请上传您的转账截图),充幣憑證 (請上傳您的轉賬截圖),入金証明（送金スクリーンショットをアップロードしてください）,입금 증빙자료 (송금 스크린샷을 업로드하세요),Bukti Deposit (Sila muat naik tangkapan skrin transaksi anda),หลักฐานการฝากเงิน (กรุณาอัปโหลดสกรีนช็อตการโอนเงินของคุณ),Bằng chứng nạp tiền (Vui lòng tải lên ảnh chụp giao dịch),जमा का प्रमाण (कृपया अपना हस्तांतरण स्क्रीनशॉट अपलोड करें),Einzahlungsnachweis (Bitte laden Sie Ihren Überweisungsbeleg hoch),Justificatif de dépôt (veuillez télécharger la capture de votre transfert),Comprovativo de depósito (faça o upload da imagem da transferência),Comprobante de depósito (sube la captura de tu transferencia),Prova di deposito (carica lo screenshot del bonifico),Stortingsbewijs (upload screenshot),Innskuddsbevis (last opp skjermbilde),Insättningsbevis (ladda upp skärmdump),Dovada depunerii (încărcați captura),Důkaz o vkladu (nahrajte screenshot)
deposit.submit,Submit,提交,提交,提出,제출,Hantar,ส่งคำขอ,Gửi,प्रस्तुत करें,Absenden,Soumettre,Enviar,Enviar,Invia,Verzenden,Send inn,Skicka in,Trimite,Odeslat
deposit.addressCopied,Address copied,地址已复制,地址已複製,アドレスがコピーされました,주소가 복사되었습니다,Alamat telah disalin,คัดลอกที่อยู่เรียบร้อย,Đã sao chép địa chỉ,पता कॉपी किया गया,Adresse kopiert,Adresse copiée,Endereço copiado,Dirección copiada,Indirizzo copiato,Adres gekopieerd,Adresse kopiert,Adress kopierad,Adresa a fost copiată,Adresa zkopírována
deposit.selectCoinFirst,Please select a currency first,请先选择币种,請先選擇幣種,まず通貨を選択してください,먼저 코인을 선택하세요,Sila pilih mata wang terlebih dahulu,กรุณาเลือกสกุลเงินก่อน,Vui lòng chọn loại tiền trước,कृपया पहले एक मुद्रा चुनें,Bitte zuerst Kryptowährung wählen,Veuillez d’abord choisir une devise,Selecione a criptomoeda primeiro,Seleccione primero la criptomoneda,Seleziona prima la criptovaluta,Selecteer eerst een valuta,Vennligst velg en valuta først,Välj en valuta först,Selectați mai întâi moneda,Nejprve vyberte měnu
deposit.uploading,Uploading...,上传中...,上傳中...,アップロード中...,업로드 중...,Sedang memuat naik...,กำลังอัปโหลด...,Đang tải lên…,अपलोड हो रहा है…,Wird hochgeladen…,Téléchargement en cours…,A carregar…,Subiendo…,Caricamento in corso…,Uploaden…,Laster opp…,Laddar upp…,Se încarcă…,Nahrávání…
deposit.uploadSuccess,Upload successful,上传成功,上傳成功,アップロード成功,업로드 성공,Muat naik berjaya,อัปโหลดสำเร็จ,Tải lên thành công,अपलोड सफल,Hochladen erfolgreich,Téléchargement réussi,Enviado com sucesso,Subida exitosa,Caricamento riuscito,Upload geslaagd,Opplasting vellykket,Uppladdning lyckades,Încărcare reușită,Nahrání úspěšné
deposit.uploadFailed,Upload failed,上传失败，请重试,上傳失敗，請重試,アップロード失敗、もう一度お試しください,"업로드 실패, 다시 시도해 주세요",Muat naik gagal,อัปโหลดล้มเหลว,Tải lên thất bại,अपलोड विफल,"Hochladen fehlgeschlagen, bitte erneut versuchen","Échec du téléchargement, veuillez réessayer","Falha no envio, tente novamente","Error al subir, por favor vuelve a intentarlo","Caricamento fallito, riprova","Upload mislukt, probeer opnieuw","Opplasting mislyktes, prøv igjen","Uppladdning misslyckades, försök igen","Încărcare eșuată, încercați din nou","Nahrání selhalo, zkuste znovu"
deposit.completeForm,Please complete all fields,请填写完整信息,請填寫完整信息,すべての情報を入力してください,모든 정보를 입력해 주세요,Sila lengkapkan semua ruangan,กรุณากรอกข้อมูลให้ครบถ้วน,Vui lòng điền đầy đủ thông tin,कृपया सभी फ़ील्ड भरें,Bitte füllen Sie alle erforderlichen Informationen aus,Veuillez remplir toutes les informations requises,"Por favor, preencha todas as informações necessárias","Por favor, completa toda la información requerida",Si prega di compilare tutte le informazioni richieste,Vul alle informatie in,Fyll inn all informasjon,Fyll i all information,Completați toate informațiile,Vyplňte všechny údaje
deposit.uploadProof,Please upload deposit proof,请上传充币凭证,請上傳充幣憑證,入金証明をアップロードしてください,입금 증빙자료를 업로드해 주세요,Sila muat naik bukti deposit,กรุณาอัปโหลดหลักฐานการฝากเงิน,Vui lòng tải lên bằng chứng nạp tiền,कृपया जमा का प्रमाण अपलोड करें,Bitte laden Sie einen Einzahlungsnachweis hoch,Veuillez télécharger un justificatif de dépôt,Faça o upload do comprovativo de depósito,Sube un comprobante de depósito,Carica una prova di deposito,Upload het stortingsbewijs,Last opp innskuddsbevis,Ladda upp insättningsbevis,Încărcați dovada de depunere,Nahrajte důkaz o vkladu
deposit.submitting,Submitting...,提交中...,提交中...,送信中...,제출 중...,Menghantar...,กำลังส่งคำขอ...,Đang gửi…,प्रस्तुत किया जा रहा है…,Wird übermittelt…,En cours de soumission…,Enviando…,Enviando…,Invio in corso…,Bezig met verzenden,Sender inn…,Skickar in…,Se trimite…,Odesílání…
deposit.depositSuccess,Deposit request submitted,充币申请已提交,充幣申請已提交,入金申請が送信されました,입금 요청이 제출되었습니다,Permintaan deposit telah dihantar,ส่งคำขอฝากเงินเรียบร้อย,Yêu cầu nạp tiền đã được gửi,जमा अनुरोध सबमिट किया गया,Einzahlung beantragt,Demande de dépôt soumise,Pedido de depósito enviado,Solicitud de depósito enviada,Richiesta di deposito inviata,Stortingsaanvraag ingediend,Innskuddsforespørsel sendt,Insättningsbegäran har skickats,Cererea de depunere a fost trimisă,Žádost o vklad byla odeslána
deposit.depositFailed,Submission failed,提交失败，请重试,提交失敗，請重試,送信失敗、もう一度お試しください,"제출 실패, 다시 시도해 주세요",Penghantaran gagal,การส่งคำขอล้มเหลว,Gửi thất bại,सबमिशन विफल,"Übermittlung fehlgeschlagen, bitte erneut versuchen","Échec de la soumission, veuillez réessayer","Falha no envio, tente novamente","Error en el envío, intenta nuevamente","Invio fallito, riprova più tardi","Verzenden mislukt, probeer opnieuw","Innsending mislyktes, prøv igjen","Skickning misslyckades, försök igen","Trimitere eșuată, încercați din nou","Odeslání selhalo, zkuste to znovu"
addressAdd.title,Add Address,添加地址,添加地址,アドレスを追加,주소 추가,Tambah Alamat,เพิ่มที่อยู่,Thêm địa chỉ,पता जोड़ें,Adresse hinzufügen,Ajouter une adresse,Adicionar endereço,Agregar dirección,Aggiungi indirizzo,Adres toevoegen,Legg til adresse,Lägg till adress,Adăugați adresă,Přidat adresu
addressAdd.coinType,Currency,币种,幣種,通貨,코인,Mata Wang,สกุลเงิน,Tiền tệ,मुद्रा,Währung,Devise,Moeda,Moneda,Valuta,Valuta,Valuta,Valuta,Monedă,Měna
addressAdd.selectCoin,Please select currency,请选择币种,請選擇幣種,通貨を選択してください,코인을 선택하세요,Sila pilih mata wang,กรุณาเลือกสกุลเงิน,Vui lòng chọn loại tiền,कृपया मुद्रा चुनें,Bitte wählen Sie eine Währung,Veuillez sélectionner une devise,Selecione uma moeda,Seleccione una moneda,Seleziona una valuta,Kies een valuta,Vennligst velg en valuta,Välj en valuta,Selectați o monedă,Vyberte měnu
addressAdd.chainType,Chain Type,链类型,鏈類型,チェーンタイプ,체인 유형,Jenis Rantai,ประเภทเครือข่าย,Loại mạng,श्रृंखला प्रकार,Netztyp,Type de réseau,Tipo de rede,Tipo de red,Tipo di rete,Kettype,Kjedetype,Kedjetyp,Tip de lanț,Typ řetězce
addressAdd.selectChain,Please select chain type,请选择链类型,請選擇鏈類型,チェーンタイプを選択してください,체인 유형을 선택하세요,Sila pilih jenis rantai,กรุณาเลือกประเภทเครือข่าย,Vui lòng chọn loại mạng,कृपया श्रृंखला प्रकार चुनें,Bitte wählen Sie einen Netztyp,Veuillez sélectionner un type de réseau,Selecione um tipo de rede,Seleccione un tipo de red,Seleziona un tipo di rete,Kies het type keten,Vennligst velg kjedetype,Välj kedjetyp,Selectați tipul de lanț,Vyberte typ řetězce
addressAdd.address,Address,地址,地址,アドレス,주소,Alamat,ที่อยู่,Địa chỉ,पता,Adresse,Adresse,Endereço,Dirección,Indirizzo,Adres,Adresse,Adress,Adresă,Adresa
addressAdd.longPressToPaste,Long press to paste,长按粘贴,長按粘貼,長押しで貼り付け,길게 눌러 붙여넣기,Tekan lama untuk tampal,กดค้างเพื่อวาง,Nhấn giữ để dán,पेस्ट करने के लिए देर तक दबाएँ,Lange drücken zum Einfügen,Appui long pour coller,Pressione para colar,Mantén pulsado para pegar,Tieni premuto per incollare,Lang indrukken om te plakken,Trykk lenge for å lime inn,Tryck länge för att klistra in,Apăsați lung pentru a lipi,Dlouze stiskněte pro vložení
addressAdd.remark,Remark (Optional),备注 (选填),備註 (選填),メモ（任意）,메모 (선택 사항),Catatan (Pilihan),หมายเหตุ (ไม่บังคับ),Ghi chú (Tùy chọn),टिप्पणी (वैकल्पिक),Notiz (optional),Remarque (facultatif),Observação (opcional),Nota (opcional),Nota (opzionale),Opmerking (optioneel),Merknad (valgfritt),Anteckning (valfritt),Notă (opțional),Poznámka (volitelné)
addressAdd.enterRemark,Please enter content,请输入内容,請輸入內容,内容を入力してください,내용을 입력하세요,Sila masukkan kandungan,กรุณากรอกข้อมูล,Vui lòng nhập nội dung,कृपया सामग्री दर्ज करें,Bitte Inhalt eingeben,Veuillez saisir le contenu,Insira o conteúdo,Introduzca el contenido,Inserisci il contenuto,Voer inhoud in,Skriv inn innhold,Ange innehåll,Introduceți conținutul,Zadejte obsah
addressAdd.warning,Reminder: Do not add contract addresses or exchange addresses to avoid irrecoverable withdrawal of assets,温馨提示：请勿添加合约地址或交易所地址，避免发生提币资产不可找回,溫馨提示：請勿添加合約地址或交易所地址，避免發生提幣資產不可找回,注意：コントラクトアドレスや取引所アドレスは追加しないでください。資産の出金ができなくなる恐れがあります,유의사항:계약 주소 또는 거래소 주소는 추가하지 마세요. 출금 자산이 복구 불가해질 수 있습니다,Peringatan: Jangan tambah alamat kontrak atau alamat pertukaran untuk mengelakkan pengeluaran aset yang tidak boleh dipulihkan,คำเตือน: ห้ามเพิ่มที่อยู่สัญญาหรือที่อยู่จาก交易所 เพื่อป้องกันการถอนสินทรัพย์ไม่สำเร็จ,Lưu ý: Không thêm địa chỉ hợp đồng hoặc địa chỉ sàn giao dịch để tránh mất tài sản không thể khôi phục,याद दिलाएं: संपत्ति की अपरिवर्तनीय निकासी से बचने के लिए अनुबंध पते या विनिमय पते न जोड़ें,Hinweis: Kein Vertrags- oder Börsenadresse verwenden,Attention : N’ajoutez pas d’adresse de contrat ou d’exchange,Aviso: Não adicione endereços de contrato ou exchanges,Aviso: No agregue direcciones de contratos o exchanges,Nota: Non utilizzare indirizzi di contratto o exchange,Let op: voeg geen contract- of beursadres toe om verlies van activa te voorkomen,Vennlig påminnelse: Ikke legg til kontrakts- eller børsadresse,Vänlig påminnelse: Lägg inte till kontrakts- eller börsadress,Atenție: Nu adăugați adrese de contract sau schimb pentru a evita pierderi,"Upozornění: Nepřidávejte adresy smluv nebo burz, abyste předešli ztrátám"
addressAdd.addSuccess,Added successfully,添加成功,添加成功,追加完了,추가 완료,Berjaya ditambah,เพิ่มข้อมูลเรียบร้อย,Thêm thành công,सफलतापूर्वक जोड़ा गया,Erfolgreich hinzugefügt,Ajouté avec succès,Adicionado com sucesso,Agregado correctamente,Aggiunto con successo,Succesvol toegevoegd,Vellykket lagt til,Tillagt framgångsrikt,Adăugare reușită,Úspěšně přidáno
addressAdd.scanFailed,Scan failed,扫码失败,掃碼失敗,QRコード読み取り失敗,QR 코드 인식 실패,Imbasan gagal,สแกนล้มเหลว,Quét thất bại,स्कैन विफल,QR-Code-Scan fehlgeschlagen,Échec du scan du code QR,Falha ao escanear código QR,Error al escanear el código QR,Scansione del codice QR fallita,QR-code scannen mislukt,Skanning mislyktes,Skanning misslyckades,Scanare eșuată,Skenování selhalo
chainPicker.title,Select Chain Type,选择链类型,選擇鏈類型,チェーンタイプを選択,체인 유형 선택,Pilih Jenis Rantai,เลือกประเภทเครือข่าย,Chọn loại mạng,श्रृंखला प्रकार चुनें,Wähle Netztyp,Sélectionner type de réseau,Selecionar tipo de rede,Seleccionar tipo de red,Seleziona tipo di rete,Kies ketentype,Velg kjedetype,Välj kedjetyp,Selectați tipul de lanț,Vyberte typ řetězce
chainPicker.loading,Loading...,加载中...,加載中...,読み込み中...,로딩 중...,Memuatkan...,กำลังโหลด...,Đang tải…,लोड हो रहा है…,Wird geladen…,Chargement…,Carregando…,Cargando…,Caricamento in corso…,Bezig met laden…,Laster inn…,Laddar…,Se încarcă…,Načítání…
chainPicker.empty,No chain types available,暂无链类型数据,暫無鏈類型數據,チェーンタイプのデータがありません,체인 유형 데이터 없음,Tiada jenis rantai tersedia,ไม่มีประเภทเครือข่ายให้เลือก,Không có loại mạng nào khả dụng,कोई श्रृंखला प्रकार उपलब्ध नहीं है,Keine Netzwerkdaten verfügbar,Aucune donnée de réseau disponible,Nenhum dado de rede disponível,No hay datos de red disponibles,Nessun dato di rete disponibile,Geen ketentypegegevens beschikbaar,Ingen kjedetype tilgjengelig,Inga kedjetypedata tillgängliga,Nu există date pentru tipul de lanț,Žádná data o typu řetězce
chainPicker.tip,When depositing this currency,当您充值该币种时，请仅限于通过以上9M平台支持的网络充值，请勿通过其他网络或智能合约充值以避免造成资金丢失。,當您充值該幣種時，請僅限於通過以上9M平台支持的網絡充值，請勿通過其他網絡或智能合約充值以避免造成資金丟失。,このコインを入金する際は、上記の9Mプラットフォームが対応するネットワークのみをご利用ください。他のネットワークやスマートコントラクトからの入金は資産損失につながる可能性があります,"이 코인 입금 시 반드시 9M 플랫폼이 지원하는 네트워크를 사용하세요.
다른 네트워크나 스마트 컨트랙트를 이용하면 자산 손실이 발생할 수 있습니다",Semasa membuat deposit mata wang ini,เมื่อฝากเงินสกุลนี้,Khi nạp loại tiền này,इस मुद्रा को जमा करते समय,"Wenn Sie diese Währung aufladen, verwenden Sie bitte nur die oben unterstützten Netzwerke der 9M-Plattform. Verwenden Sie keine anderen Netzwerke oder Smart Contracts, um einen Verlust Ihrer Mittel zu vermeiden.","Lors de la recharge de cette devise, utilisez uniquement les réseaux pris en charge ci-dessus par la plateforme 9M. N’utilisez pas d’autres réseaux ou contrats intelligents pour éviter la perte de fonds.","Ao recarregar esta moeda, utilize apenas as redes suportadas acima pela plataforma 9M. Não utilize outras redes ou contratos inteligentes para evitar perda de fundos.","Al recargar esta moneda, utilice solo las redes compatibles indicadas arriba por la plataforma 9M. No utilice otras redes ni contratos inteligentes para evitar la pérdida de fondos.","Quando ricarichi questa criptovaluta, utilizza solo le reti supportate sopra dalla piattaforma 9M. Non utilizzare altre reti o smart contract per evitare perdite di fondi.",Gebruik alleen de netwerken die door 9M worden ondersteund,Bruk kun nettverk støttet av 9M for innskudd,Använd endast nätverk som stöds av 9M för insättning,Utilizați numai rețelele acceptate de 9M pentru a depune această monedă,Používejte pouze sítě podporované 9M pro vklad této měny
tokenPicker.loading,Loading...,加载中...,加載中...,読み込み中...,로딩 중...,Memuatkan...,กำลังโหลด...,Đang tải…,लोड हो रहा है…,Wird geladen…,Chargement…,Carregando…,Cargando…,Caricamento in corso…,Bezig met laden…,Laster inn…,Laddar…,Se încarcă…,Načítání…
tokenPicker.empty,No currency data available,暂无币种数据,暫無幣種數據,通貨データがありません,코인 데이터 없음,Tiada data mata wang tersedia,ไม่มีข้อมูลสกุลเงิน,Không có dữ liệu tiền tệ,कोई मुद्रा डेटा उपलब्ध नहीं है,Keine Währungsdaten verfügbar,Aucune donnée de devise disponible,Nenhum dado de moeda disponível,No hay datos de moneda disponibles,Nessun dato disponibile sulla valuta,Geen valutagegevens beschikbaar,Ingen valutadata tilgjengelig,Ingen valutadata tillgänglig,Nu există date despre monede,Žádná data o měnách
languageSelector.title,Language,语言,語言,言語,언어,Bahasa,ภาษา,Ngôn ngữ,भाषा,Sprache,Langue,Idioma,Idioma,Lingua,Taal,Språk,Språk,Limbă,Jazyk
languageSelector.confirm,Confirm,确认,確認,確認,확인,Sahkan,ยืนยัน,Xác nhận,पुष्टि करें,Bestätigen,Confirmer,Confirmar,Confirmar,Conferma,Bevestigen,Bekreft,Bekräfta,Confirmare,Potvrdit
editPassword.title,Change Login Password,修改登录密码,修改登入密碼,ログインパスワード変更,로그인 비밀번호 변경,Tukar Kata Laluan Log Masuk,เปลี่ยนรหัสผ่านเข้าสู่ระบบ,Thay đổi mật khẩu đăng nhập,लॉगिन पासवर्ड बदलें,Login-Passwort ändern,Modifier le mot de passe de connexion,Alterar senha de login,Cambiar contraseña de inicio,Modifica password di accesso,Wijzig inlogwachtwoord,Endre innloggingspassord,Ändra inloggningslösenord,Modifică parola de conectare,Změnit přihlašovací heslo
editPassword.newPassword,New Password,新密码,新密碼,新しいパスワード,새 비밀번호,Kata Laluan Baharu,รหัสผ่านใหม่,Mật khẩu mới,नया पासवर्ड,Neues Passwort,Nouveau mot de passe,Nova senha,Nueva contraseña,Nuova password,Nieuw wachtwoord,Nytt passord,Nytt lösenord,Parolă nouă,Nové heslo
editPassword.enterNewPassword,Please enter new password,请输入新密码,請輸入新密碼,新しいパスワードを入力してください,새 비밀번호를 입력하세요,Sila masukkan kata laluan baharu,กรุณากรอกรหัสผ่านใหม่,Vui lòng nhập mật khẩu mới,कृपया नया पासवर्ड दर्ज करें,Bitte neues Passwort eingeben,Veuillez entrer un nouveau mot de passe,Insira a nova senha,Ingrese la nueva contraseña,Inserisci la nuova password,Voer nieuw wachtwoord in,Skriv inn nytt passord,Ange nytt lösenord,Introduceți parola nouă,Zadejte nové heslo
editPassword.confirmPassword,Confirm Password,确认密码,确认密码,パスワード確認,비밀번호 확인,Sahkan Kata Laluan,ยืนยันรหัสผ่าน,Xác nhận mật khẩu,पासवर्ड की पुष्टि करें,Passwort bestätigen,Confirmer le mot de passe,Confirmar senha,Confirmar contraseña,Conferma password,Bevestig wachtwoord,Bekreft passord,Bekräfta lösenord,Confirmă parola,Potvrďte heslo
editPassword.confirmNewPassword,Please confirm new password,请确认新密码,请确认新密码,新しいパスワードを確認してください,새 비밀번호를 확인하세요,Sila sahkan kata laluan baharu,กรุณายืนยันรหัสผ่านใหม่,Vui lòng xác nhận mật khẩu mới,कृपया नए पासवर्ड की पुष्टि करें,Bitte neues Passwort bestätigen,Veuillez confirmer le nouveau mot de passe,Confirme a nova senha,Confirme la nueva contraseña,Conferma la nuova password,Bevestig uw nieuwe wachtwoord,Bekreft nytt passord,Bekräfta nytt lösenord,Confirmați parola nouă,Potvrďte nové heslo
editPassword.passwordsNotMatch,The passwords entered do not match,两次输入的密码不一致,兩次輸入的密碼不一致,入力された2つのパスワードが一致しません,두 비밀번호가 일치하지 않습니다,Kata laluan yang dimasukkan tidak sepadan,รหัสผ่านที่กรอกไม่ตรงกัน,Mật khẩu nhập không khớp,दर्ज किए गए पासवर्ड मेल नहीं खाते,Passwörter stimmen nicht überein,Les mots de passe ne correspondent pas,As senhas não coincidem,Las contraseñas no coinciden,Le password non corrispondono,De ingevoerde wachtwoorden komen niet overeen,De to passordene stemmer ikke overens,Lösenorden matchar inte,Parolele nu se potrivesc,Hesla se neshodují
editPassword.enterNewPasswordTip,Please enter new password,请输入新密码,请输入新密码,新しいパスワードを入力してください,새 비밀번호를 입력해 주세요,Sila masukkan kata laluan baharu,กรุณากรอกรหัสผ่านใหม่,Vui lòng nhập mật khẩu mới,कृपया नया पासवर्ड दर्ज करें,Bitte neues Passwort eingeben,Veuillez saisir un nouveau mot de passe,Insira a nova senha,"Por favor, introduzca una nueva contraseña",Inserisci la nuova password,Voer een nieuw wachtwoord in,Skriv inn nytt passord,Ange ett nytt lösenord,Introduceți o parolă nouă,Zadejte nové heslo
editPassword.enterConfirmPasswordTip,Please confirm new password,请确认新密码,请确认新密码,新しいパスワードを確認してください,새 비밀번호를 확인해 주세요,Sila sahkan kata laluan baharu,กรุณายืนยันรหัสผ่านใหม่,Vui lòng xác nhận mật khẩu mới,कृपया नए पासवर्ड की पुष्टि करें,Bitte neues Passwort bestätigen,Veuillez confirmer le nouveau mot de passe,Confirme a nova senha,"Por favor, confirme la nueva contraseña",Conferma la nuova password,Bevestig uw nieuwe wachtwoord,Bekreft det nye passordet,Bekräfta det nya lösenordet,Confirmați noua parolă,Potvrďte nové heslo
editPassword.googleAuth,Google Verification Code,谷歌验证码,谷歌驗證碼,Google認証コード,Google 인증 코드,Kod Pengesahan Google,รหัสยืนยัน Google,Mã xác minh Google,गूगल सत्यापन कोड,Google-Verifizierungscode,Code de vérification Google,Código do Google Authenticator,Código de verificación de Google,Codice Google Authenticator,Google verificatiecode,Google-verifiseringskode,Google-verifieringskod,Cod de verificare Google,Ověřovací kód Google
editPassword.authFromApp,Get verification code from Authenticator app,从 Authenticator 应用获取验证码,從 Authenticator 應用獲取驗證碼,Authenticatorアプリから認証コードを取得,Authenticator 앱에서 인증 코드를 가져오세요,Dapatkan kod pengesahan dari aplikasi Authenticator,รับรหัสยืนยันจากแอป Authenticator,Nhận mã xác minh từ ứng dụng Authenticator,प्रमाणक ऐप से सत्यापन कोड प्राप्त करें,Code aus Authenticator-App abrufen,Obtenez le code depuis l’appli Authenticator,Obtenha o código do aplicativo Authenticator,Obtenga el código de la app Authenticator,Ottieni codice da Authenticator,Haal de code op uit de Authenticator-app,Hent koden fra Authenticator-appen,Hämta koden från Authenticator-appen,Obțineți codul din aplicația Authenticator,Získejte kód z aplikace Authenticator
editPassword.enterCode,Enter 6-digit Google verification code,输入6位谷歌验证码,輸入6位谷歌驗證碼,6桁のGoogle認証コードを入力してください,6자리 Google 인증 코드를 입력하세요,Masukkan kod pengesahan Google 6-digit,กรอกรหัสยืนยัน Google 6 หลัก,Nhập mã xác minh Google 6 số,6-अंकीय गूगल सत्यापन कोड दर्ज करें,6-stelligen Google-Code eingeben,Entrez le code à 6 chiffres,Insira o código de 6 dígitos,Ingrese el código de 6 dígitos,Inserisci il codice a 6 cifre,Voer de 6-cijferige Google-code in,Skriv inn 6-sifret Google-kode,Ange den 6-siffriga Google-koden,Introduceți codul Google din 6 cifre,Zadejte 6místný Google ověřovací kód
editPassword.paste,Paste,粘贴,粘貼,貼り付け,붙여넣기,Tampal,วาง,Dán,चिपकाएं,Einfügen,Coller,Colar,Pegar,Incolla,Plakken,Lim inn,Klistra in,Lipește,Vložit
editPassword.complete,Complete,完成,完成,完了,완료,Selesai,เสร็จสิ้น,Hoàn tất,पूरा करें,Fertig,Terminé,Concluído,Completado,Completato,Voltooid,Fullført,Slutfört,Finalizat,Dokončeno
editPassword.invalidPaste,Clipboard content is not a valid verification code,剪贴板内容不是有效的验证码,剪貼板內容不是有效的驗證碼,クリップボードに有効な認証コードがありません,클립보드에 유효한 인증 코드가 없습니다,Kandungan papan klip bukan kod pengesahan yang sah,เนื้อหาคลิปบอร์ดไม่ใช่รหัสยืนยันที่ถูกต้อง,Nội dung clipboard không phải mã xác minh hợp lệ,क्लिपबोर्ड सामग्री एक वैध सत्यापन कोड नहीं है,Zwischenablage enthält ungültigen Code,Le contenu du presse-papiers est invalide,Conteúdo da área de transferência inválido,El contenido del portapapeles no es válido,Il contenuto degli appunti non è valido,De inhoud van het klembord is geen geldige code,Innholdet i utklippstavlen er ikke en gyldig kode,Urklippsinnehållet är inte en giltig verifieringskod,Conținutul clipboardului nu este un cod valid,Obsah schránky není platný ověřovací kód
editPassword.enterAccount,Please enter account,请输入账户,請輸入賬號,アカウントを入力してください,계정을 입력하세요,Sila masukkan akaun,กรุณากรอกบัญชี,Vui lòng nhập tài khoản,कृपया खाता दर्ज करें,Überprüfung läuft…,Vérification en cours…,Verificando…,Verificando…,Verifica in corso…,Voer account in,Skriv inn konto,Ange konto,Introduceți cont,Zadejte účet
editPassword.enterSixDigit,Please enter a 6-digit verification code,请输入6位验证码,請輸入6位驗證碼,6桁の認証コードを入力してください,6자리 인증 코드를 입력해 주세요,Sila masukkan kod pengesahan 6-digit,กรุณากรอกรหัสยืนยัน 6 หลัก,Vui lòng nhập mã xác minh 6 số,कृपया 6-अंकीय सत्यापन कोड दर्ज करें,Wird übermittelt…,Soumission en cours…,Enviando…,Enviando…,Invio in corso…,Voer de 6-cijferige code in,Skriv inn 6-sifret kode,Ange 6-siffrig kod,Introduceți codul de 6 cifre,Zadejte 6místný ověřovací kód
editPassword.verifying,Verifying...,验证中...,驗證中...,認証中...,인증 중...,Sedang mengesahkan...,กำลังตรวจสอบ...,Đang xác minh…,सत्यापित किया जा रहा है…,Wird überprüft…,Vérification en cours…,Verificando…,Verificando…,Verifica in corso…,Bezig met verifiëren…,Verifiserer…,Verifierar…,Se verifică…,Probíhá ověření…
editPassword.enterPasswordTip,Please enter new password,请输入新密码,請輸入新密碼,新しいパスワードを入力してください,새 비밀번호를 입력해 주세요,Sila masukkan kata laluan baharu,กรุณากรอกรหัสผ่านใหม่,Vui lòng nhập mật khẩu mới,कृपया नया पासवर्ड दर्ज करें,Bitte neues Passwort eingeben,Veuillez saisir un nouveau mot de passe,Insira a nova senha,"Por favor, introduzca una nueva contraseña",Inserisci la nuova password,Voer nieuw wachtwoord in,Skriv inn nytt passord,Ange nytt lösenord,Introduceți parola nouă,Zadejte nové heslo
editPassword.confirmPasswordTip,Please confirm new password,请确认新密码,請確認新密碼,新しいパスワードを確認してください,새 비밀번호를 확인해 주세요,Sila sahkan kata laluan baharu,กรุณายืนยันรหัสผ่านใหม่,Vui lòng xác nhận mật khẩu mới,कृपया नए पासवर्ड की पुष्टि करें,Bitte neues Passwort bestätigen,Veuillez confirmer le nouveau mot de passe,Confirme a nova senha,"Por favor, confirme la nueva contraseña",Conferma la nuova password,Bevestig nieuw wachtwoord,Bekreft nytt passord,Bekräfta nytt lösenord,Confirmați parola nouă,Potvrďte nové heslo
editPassword.submitting,Submitting...,提交中...,提交中...,送信中...,제출 중...,Sedang menghantar...,กำลังส่งข้อมูล...,Đang gửi…,प्रस्तुत किया जा रहा है…,Wird übermittelt…,Envoi en cours…,Enviando…,Enviando…,Invio in corso…,Bezig met indienen…,Sender inn…,Skickar in…,Se trimite…,Odesílá se…
editPassword.resetSuccess,Password reset successfully,密码重置成功,密碼重置成功,パスワードの再設定に成功しました,비밀번호 재설정 완료,Penetapan semula kata laluan berjaya,รีเซ็ตรหัสผ่านสำเร็จแล้ว,Đặt lại mật khẩu thành công,पासवर्ड सफलतापूर्वक रीसेट किया गया,Passwort erfolgreich zurückgesetzt,Réinitialisation du mot de passe réussie,Redefinição de senha bem-sucedida,Restablecimiento de contraseña exitoso,Reimpostazione della password riuscita,Wachtwoord succesvol gereset,Passord tilbakestilt,Lösenord återställts,Parolă resetată cu succes,Heslo úspěšně obnoveno
security.title,Security Settings,安全设置,安全設置,セキュリティ設定,보안 설정,Tetapan Keselamatan,การตั้งค่าความปลอดภัย,Cài đặt bảo mật,सुरक्षा सेटिंग्स,Sicherheitseinstellungen,Paramètres de sécurité,Configurações de segurança,Configuración de seguridad,Impostazioni di sicurezza,Beveiligingsinstellingen,Sikkerhetsinnstillinger,Säkerhetsinställningar,Setări de securitate,Nastavení zabezpečení
security.changePassword,Change Login Password,修改登录密码,修改登入密碼,ログインパスワードを変更,로그인 비밀번호 변경,Tukar Kata Laluan Log Masuk,เปลี่ยนรหัสผ่านเข้าสู่ระบบ,Thay đổi mật khẩu đăng nhập,लॉगिन पासवर्ड बदलें,Anmeldepasswort ändern,Modifier le mot de passe de connexion,Alterar senha de login,Cambiar contraseña de inicio de sesión,Modifica la password di accesso,Wijzig inlogwachtwoord,Endre innloggingspassord,Ändra inloggningslösenord,Modifică parola de conectare,Změnit přihlašovací heslo
security.googleAuth,Google Authenticator,谷歌身份验证,谷歌身份驗證,Google認証,Google 인증,Google Authenticator,Google Authenticator,Google Authenticator,गूगल प्रमाणक,Google Authentifizierung,Authentification Google,Autenticação do Google,Autenticación de Google,Autenticazione Google,Google-verificatie,Google-autentisering,Google-autentisering,Autentificare Google,Google ověření
verify.title,Security Verification,安全验证,安全驗證,セキュリティ認証,보안 인증,Pengesahan Keselamatan,การตรวจสอบความปลอดภัย,Xác minh bảo mật,सुरक्षा सत्यापन,Sicherheitsüberprüfung,Vérification de sécurité,Verificação de segurança,Verificación de seguridad,Verifica di sicurezza,Beveiligingsverificatie,Sikkerhetsbekreftelse,Säkerhetsverifiering,Verificare de securitate,Bezpečnostní ověření
verify.googleAuth,Google Verification Code,谷歌验证码,谷歌驗證碼,Google認証コード,구글 인증 코드,Kod Pengesahan Google,รหัสยืนยัน Google,Mã xác minh Google,गूगल सत्यापन कोड,Google-Code,Code Google,Código do Google,Código de Google,Codice Google,Google-verificatiecode,Google-verifiseringskode,Google-verifieringskod,Cod de verificare Google,Ověřovací kód Google
verify.authFromApp,Get verification code from Authenticator app,从 Authenticator 应用获取验证码,從 Authenticator 應用獲取驗證碼,Authenticatorアプリから認証コードを取得,Authenticator 앱에서 인증 코드를 가져오세요,Dapatkan kod pengesahan dari aplikasi Authenticator,รับรหัสยืนยันจากแอป Authenticator,Nhận mã xác minh từ ứng dụng Authenticator,प्रमाणक ऐप से सत्यापन कोड प्राप्त करें,Code aus der Authenticator-App abrufen,Obtenez le code depuis l’application Authenticator,Obtenha o código do aplicativo Authenticator,Obtenga el código de la aplicación Authenticator,Ottieni il codice dall’app Authenticator,Haal de code op uit de Authenticator-app,Hent koden fra Authenticator-appen,Hämta koden från Authenticator-appen,Obțineți codul din aplicația Authenticator,Získejte kód z aplikace Authenticator
verify.enterCode,Enter 6-digit Google verification code,输入6位谷歌验证码,輸入6位谷歌驗證碼,6桁のGoogle認証コードを入力してください,6자리 구글 인증 코드를 입력해 주세요,Masukkan kod pengesahan Google 6-digit,กรอกรหัสยืนยัน Google 6 หลัก,Nhập mã xác minh Google 6 số,6-अंकीय गूगल सत्यापन कोड दर्ज करें,6-stelligen Google-Code eingeben,Entrez le code Google à 6 chiffres,Insira o código Google de 6 dígitos,Introduzca el código de 6 dígitos de Google,Inserisci il codice Google a 6 cifre,Voer de 6-cijferige Google-code in,Skriv inn 6-sifret Google-kode,Ange den 6-siffriga Google-koden,Introduceți codul Google din 6 cifre,Zadejte 6místný Google ověřovací kód
verify.paste,Paste,粘贴,粘貼,貼り付け,붙여넣기,Tampal,วาง,Dán,चिपकाएं,Einfügen,Coller,Colar,Pegar,Incolla,Plakken,Lim inn,Klistra in,Lipește,Vložit
verify.confirm,Confirm,确认,確認,確認,확인,Sahkan,ยืนยัน,Xác nhận,पुष्टि करें,Bestätigen,Confirmer,Confirmar,Confirmar,Conferma,Bevestigen,Bekreft,Bekräfta,Confirmare,Potvrdit
verify.invalidPaste,Clipboard content is not a valid verification code,剪贴板内容不是有效的验证码,剪貼板內容不是有效的驗證碼,クリップボードの内容が有効な認証コードではありません,클립보드 내용이 유효한 인증 코드가 아닙니다,Kandungan papan klip bukan kod pengesahan yang sah,เนื้อหาคลิปบอร์ดไม่ใช่รหัสยืนยันที่ถูกต้อง,Nội dung clipboard không phải mã xác minh hợp lệ,क्लिपबोर्ड सामग्री एक वैध सत्यापन कोड नहीं है,Der Inhalt der Zwischenablage ist kein gültiger Code,Le contenu du presse-papiers n’est pas un code valide,O conteúdo da área de transferência não é um código válido,El contenido del portapapeles no es un código válido,Il contenuto degli appunti non è un codice valido,De inhoud van het klembord is geen geldige code,Innholdet i utklippstavlen er ikke en gyldig kode,Urklippsinnehållet är inte en giltig verifieringskod,Conținutul clipboardului nu este un cod valid,Obsah schránky není platný ověřovací kód
verify.enterSixDigit,Please enter a 6-digit verification code,请输入6位验证码,請輸入6位驗證碼,6桁の認証コードを入力してください,6자리 인증 코드를 입력하세요,Sila masukkan kod pengesahan 6-digit,กรุณากรอกรหัสยืนยัน 6 หลัก,Vui lòng nhập mã xác minh 6 số,कृपया 6-अंकीय सत्यापन कोड दर्ज करें,Bitte 6-stelligen Code eingeben,Veuillez entrer le code à 6 chiffres,Insira o código de 6 dígitos,Introduzca el código de 6 dígitos,Inserisci il codice di 6 cifre,Voer de 6-cijferige code in,Skriv inn 6-sifret kode,Ange 6-siffrig kod,Introduceți codul de 6 cifre,Zadejte 6místný ověřovací kód
verify.verifying,Verifying...,验证中...,驗證中...,認証中...,인증 중...,Sedang mengesahkan...,กำลังตรวจสอบ...,Đang xác minh…,सत्यापित किया जा रहा है…,Wird überprüft…,Vérification en cours…,Verificando…,Verificando…,Verifica in corso…,Bezig met verifiëren…,Verifiserer…,Verifierar…,Se verifică…,Probíhá ověřování…
verify.navigationFailed,Navigation failed:,导航失败:,導航失敗：,ナビゲーションに失敗しました：,탐색 실패:,Navigasi gagal:,การนำทางล้มเหลว:,Điều hướng thất bại:,नेविगेशन विफल:,Navigation fehlgeschlagen:,Échec de la navigation :,Falha na navegação:,Fallo de navegación:,Navigazione non riuscita:,Navigatie mislukt,Navigering mislyktes,Navigering misslyckades,Navigare eșuată,Navigace se nezdařila
walletDetail.all,All,全部,全部,すべて,전체,Semua,ทั้งหมด,Tất cả,सभी,Alle,Tout,Tudo,Todo,Tutto,Alles,Alle,Alla,Toate,Vše
walletDetail.deposit,Deposit,充币,充幣,入金,입금,Deposit,ฝากเงิน,Nạp tiền,जमा,Einzahlung,Dépôt,Depósito,Depósito,Deposito,Storten,Innskudd,Insättning,Depunere,Vklad
walletDetail.withdraw,Withdraw,提币,提幣,出金,출금,Pengeluaran,ถอนเงิน,Rút tiền,निकालें,Abheben,Retrait,Saque,Retiro,Prelievo,Opnemen,Uttak,Uttag,Retragere,Výběr
walletDetail.statusPending,Pending,未完成,未完成,未完了,미완료,Dalam Proses,รอดำเนินการ,Đang chờ,लंबित,Nicht abgeschlossen,Non terminé,Não concluído,No completado,Non completato,Niet voltooid,Ufullført,Inte slutförd,Necomplet,Nedokončeno
walletDetail.statusSuccess,Completed,已完成,已完成,完了済み,완료됨,Selesai,เสร็จสิ้น,Hoàn thành,पूरा किया गया,Abgeschlossen,Terminé,Concluído,Completado,Completato,Voltooid,Fullført,Slutförd,Finalizat,Dokončeno
walletDetail.statusFailed,Failed,失败,失敗,失敗,실패,Gagal,ล้มเหลว,Thất bại,विफल,Fehlgeschlagen,Échoué,Falhou,Fallido,Fallito,Mislukt,Mislyktes,Misslyckades,Eșuat,Neúspěšné
walletDetail.statusUnknown,Unknown Status,未知状态,未知狀態,不明な状態,알 수 없는 상태,Status Tidak Diketahui,สถานะไม่ทราบ,Trạng thái không xác định,अज्ञात स्थिति,Unbekannter Status,État inconnu,Estado desconhecido,Estado desconocido,Stato sconosciuto,Onbekende status,Ukjent status,Okänt tillstånd,Stare necunoscută,Neznámý stav
walletDetail.loading,Loading...,加载中...,加載中...,読み込み中...,로딩 중...,Memuatkan...,กำลังโหลด...,Đang tải…,लोड हो रहा है…,Wird geladen…,Chargement en cours…,Carregando…,Cargando…,Caricamento in corso…,Laden…,Laster inn…,Laddar…,Se încarcă…,Načítání…
walletDetail.noMoreData,No more data,没有更多数据了,沒有更多數據了,これ以上のデータはありません,더 이상 데이터가 없습니다,Tiada data lagi,ไม่มีข้อมูลเพิ่มเติม,Không còn dữ liệu,कोई और डेटा नहीं,Keine weiteren Daten,Plus de données disponibles,Sem mais dados,No hay más datos,Nessun altro dato,Geen extra gegevens,Ingen flere data,Inga fler data,Nu mai sunt date,Žádná další data
walletDetail.noTransactions,No transaction records,暂无交易记录,暫無交易記錄,取引履歴はありません,거래 내역 없음,Tiada rekod transaksi,ไม่มีบันทึกการทำธุรกรรม,Không có bản ghi giao dịch nào,कोई लेनदेन रिकॉर्ड नहीं,Keine Transaktionen vorhanden,Aucune transaction pour le moment,Nenhum registro de transação,Sin registros de transacciones,Nessuna transazione,Geen transactiegegevens,Ingen transaksjonslogg,Inga transaktioner,Nicio tranzacție,Žádné záznamy o transakcích
walletDetail.loadMore,Load More,加载更多,加載更多,クリックしてさらに読み込む,더 보기 클릭,Muatkan Lagi,โหลดเพิ่มเติม,Tải thêm,और लोड करें,Mehr laden,Charger plus,Carregar mais,Cargar más,Carica di più,Meer laden,Last inn mer,Ladda mer,Încarcă mai mult,Načíst další
walletDetail.fetchFailed,Failed to fetch transaction records,获取交易记录失败,獲取交易記錄失敗,取引履歴の取得に失敗しました,거래 내역 불러오기 실패,Gagal mengambil rekod transaksi,ดึงข้อมูลบันทึกการทำธุรกรรมไม่สำเร็จ,Không tải được bản ghi giao dịch,लेनदेन रिकॉर्ड लाने में विफल रहा,Transaktionsabruf fehlgeschlagen,Échec de la récupération des transactions,Falha ao obter registros de transações,Error al obtener los registros,Impossibile ottenere le transazioni,Mislukt om gegevens te verkrijgen,Kunne ikke hente transaksjoner,Misslyckades med att hämta transaktioner,Eroare la preluarea tranzacțiilor,Nepodařilo se načíst transakce
walletDetail.ADMIN_EDIT,Platform Operation,平台操作,平台操作,プラットフォーム操作,플랫폼 작업,Operasi Platform,การดำเนินงานแพลตฟอร์ม,Hoạt động nền tảng,प्लेटफार्म ऑपरेशन,Plattformaktion,Opération de la plateforme,Operação da plataforma,Operación de plataforma,Operazione della piattaforma,Platformoperaties,Plattformhandling,Plattformåtgärder,Operațiuni pe platformă,Operace platformy
walletDetail.RECHARGE,Recharge,充币,充幣,入金,입금,Pengisian Semula,เติมเงิน,Nạp tiền,रीचार्ज,Einzahlung,Dépôt,Depósito,Recarga,Ricarica,Storten,Innskudd,Insättning,Depunere,Vklad
walletDetail.WITHDRAW,Withdraw,提币,提幣,出金,출금,Pengeluaran,ถอนเงิน,Rút tiền,निकासी,Abhebung,Retrait,Saque,Retiro,Prelievo,Opnemen,Uttak,Uttag,Retragere,Výběr
walletDetail.PURCHASE_NODE,Purchase Node,购买节点,購買節點,ノード購入,노드 구매,Pembelian Nod,ซื้อโหนด,Mua nút,नोड खरीदें,Knoten kaufen,Acheter un nœud,Comprar nó de rede,Comprar nodo,Acquista nodo,Koop node,Kjøp node,Köp nod,Cumpără nod,Koupit uzel
walletDetail.PURCHASE_NODE_DIRT,Direct Reward,直接奖励,直接獎勵,直接報酬,직접 보상,Ganjaran Langsung,รางวัลโดยตรง,Thưởng trực tiếp,प्रत्यक्ष पुरस्कार,Direkte Belohnung,Récompense directe,Recompensa direta,Recompensa directa,Ricompensa diretta,Directe beloning,Direkte belønning,Direkt belöning,Recompensă directă,Přímá odměna
walletDetail.PURCHASE_NODE_INDIRECT,Indirect Reward,间接奖励,間接獎勵,間接報酬,간접 보상,Ganjaran Tidak Langsung,รางวัลอ้อม,Thưởng gián tiếp,अप्रत्यक्ष पुरस्कार,Indirekte Belohnung,Récompense indirecte,Recompensa indireta,Recompensa indirecta,Ricompensa indiretta,Indirecte beloning,Indirekte belønning,Indirekt belöning,Recompensă indirectă,Nepřímá odměna
transactionDetail.title,Details,详情,詳情,詳細,상세정보,Butiran,รายละเอียด,Chi tiết,विवरण,Details,Détails,Detalhes,Detalles,Dettagli,Details,Detaljer,Detaljer,Detalii,Podrobnosti
transactionDetail.protocol,Network,到账网络,到賬網路,入金ネットワーク,입금 네트워크,Rangkaian,เครือข่าย,Mạng,नेटवर्क,Netzwerk für Gutschrift,Réseau de réception,Rede de recebimento,Red de acreditación,Rete di accredito,Netwerk van ontvangst,Mottaksnettverk,Nätverk för mottagning,Rețea de primire,Síť pro přijetí
transactionDetail.certificate,Deposit Certificate,充值凭证,充值憑證,入金証明,입금 증빙,Sijil Deposit,ใบรับรองการฝากเงิน,Giấy chứng nhận tiền gửi,जमा प्रमाणपत्र,Einzahlungsnachweis,Justificatif de dépôt,Comprovante de depósito,Comprobante de recarga,Prova di ricarica,Stortingsbewijs,Innskuddsbevis,Insättningsbevis,Dovadă de depunere,Doklad o vkladu
transactionDetail.txid,Transaction Hash,交易哈希,交易雜湊,取引ハッシュ,거래 해시,Hash Transaksi,แฮชธุรกรรม,Mã băm giao dịch,लेनदेन हैश,Transaktions-Hash,Hash de la transaction,Hash da transação,Hash de la transacción,Hash della transazione,Transactiehash,Transaksjonshash,Transaktionshash,Hash tranzacție,Hash transakce
transactionDetail.reason,Failure Reason,失败原因,失敗原因,失敗理由,실패 사유,Sebab Kegagalan,สาเหตุความล้มเหลว,Lý do thất bại,विफलता का कारण,Fehlerursache,Raison de l’échec,Motivo da falha,Motivo del fallo,Motivo del fallimento,Reden van mislukking,Årsak til feil,Orsak till fel,Motivul eșecului,Důvod selhání
transactionDetail.time,Date,日期,日期,日付,날짜,Tarikh,วันที่,Ngày,दिनांक,Datum,Date,Data,Fecha,Data,Datum,Dato,Datum,Dată,Datum
transactionDetail.address,Address,地址,地址,アドレス,주소,Alamat,ที่อยู่,Địa chỉ,पता,Adresse,Adresse,Endereço,Dirección,Indirizzo,Adres,Adresse,Adress,Adresă,Adresa
transactionDetail.recharge0,Recharging,充币中,充幣中,入金中,입금 진행 중,Sedang Mengisi Semula,กำลังเติมเงิน,Đang nạp tiền,रीचार्ज कर रहा है,Einzahlung läuft,Dépôt en cours,Depositando,Recargando,Ricarica in corso,Storten bezig,Innskudd pågår,Insättning pågår,Depunere în curs,Vklad probíhá
transactionDetail.recharge1,Recharge Successful,充币成功,充幣成功,入金成功,입금 성공,Pengisian Semula Berjaya,เติมเงินสำเร็จ,Nạp tiền thành công,रीचार्ज सफल,Einzahlung erfolgreich,Dépôt réussi,Depósito bem-sucedido,Recarga exitosa,Ricarica completata,Storting geslaagd,Innskudd vellykket,Insättning lyckades,Depunere reușită,Vklad úspěšný
transactionDetail.recharge2,Recharge Failed,充币失败,充幣失敗,入金失敗,입금 실패,Pengisian Semula Gagal,เติมเงินล้มเหลว,Nạp tiền thất bại,रीचार्ज विफल,Einzahlung fehlgeschlagen,Échec du dépôt,Falha no depósito,Fallo en la recarga,Ricarica fallita,Storting mislukt,Innskudd mislyktes,Misslyckad insättning,Depunere eșuată,Vklad selhal
transactionDetail.draw0,Withdrawing,提币中,提幣中,出金中,출금 진행 중,Sedang Mengeluarkan,กำลังถอนเงิน,Đang rút tiền,निकासी कर रहा है,Abhebung läuft,Retrait en cours,Retirando,Retiro en curso,Prelievo in corso,Opname bezig,Uttak pågår,Uttag pågår,Retragere în curs,Výběr probíhá
transactionDetail.draw1,Withdrawal Successful,提币成功,提幣成功,出金成功,복사 성공,Pengeluaran Berjaya,ถอนเงินสำเร็จ,Rút tiền thành công,निकासी सफल,Abhebung erfolgreich,Retrait réussi,Retirada bem-sucedida,Retiro exitoso,Prelievo completato,Opname geslaagd,Uttak vellykket,Uttag lyckades,Retragere reușită,Výběr úspěšný
transactionDetail.draw2,Withdrawal Failed,提币失败,提幣失敗,出金失敗,출금 실패,Pengeluaran Gagal,ถอนเงินล้มเหลว,Rút tiền thất bại,निकासी विफल,Abhebung fehlgeschlagen,Échec du retrait,Falha no saque,Fallo en el retiro,Prelievo fallito,Opname mislukt,Uttak mislyktes,Misslyckat uttag,Retragere eșuată,Výběr selhal
transactionDetail.statusNo,Unknown Status,未知状态,未知狀態,不明な状態,알 수 없는 상태,Status Tidak Diketahui,สถานะไม่ทราบ,Trạng thái không xác định,अज्ञात स्थिति,Unbekannter Status,État inconnu,Estado desconhecido,Estado desconocido,Stato sconosciuto,Onbekende status,Ukjent status,Okänt tillstånd,Stare necunoscută,Neznámý stav
transactionDetail.copy,Copied Successfully,复制成功,複製成功,コピー成功,복사 성공,Berjaya Disalin,คัดลอกสำเร็จ,Sao chép thành công,सफलतापूर्वक कॉपी किया गया,Erfolgreich kopiert,Copié avec succès,Copiado com sucesso,Copiado con éxito,Copiato con successo,Gekopieerd,Kopiert,Kopierat,Copiat cu succes,Úspěšně zkopírováno
transactionDetail.review,Failed to Preview Image,预览图片失败,undefined,画像のプレビューに失敗しました,정의되지 않음,Gagal Pratonton Imej,แสดงตัวอย่างรูปภาพไม่สำเร็จ,Không xem trước được ảnh,छवि का पूर्वावलोकन करने में विफल रहा,Bildvorschau fehlgeschlagen,Échec de l’aperçu de l’image,Falha na visualização da imagem,Error al previsualizar la imagen,Anteprima immagine fallita,Afbeelding kan niet worden weergegeven,Klarte ikke forhåndsvise bildet,Det gick inte att förhandsgranska bilden,Nu s-a putut previzualiza imaginea,Nelze zobrazit náhled obrázku
9M基金推荐,9M Fund Recommendation,9M基金推荐,9M基金推薦,9Mファンド推薦,9M 펀드 추천,Cadangan Dana 9M,คำแนะนำกองทุน9M,Đề xuất Quỹ 9M,9M फंड अनुशंसा,9M Fonds-Empfehlung,Recommandation de fonds 9M,Recomendação de fundo 9M,Recomendación de fondo 9M,Fondi consigliati 9M,9M Fondsaanbeveling,9M Fondsanbefaling,9M fondrekommendation,Recomandare fond 9M,Doporučení fondu 9M
基金推荐描述,Buy flexibly at any time AI strategy takes effect immediately the first income will be automatically credited within 24 hours after purchase,随时灵活买入 AI策略即时生效 首次收益将于买入后24小时内自动到账,隨時靈活買入 AI策略即時生效 首次收益將於買入後24小時內自動到賬,いつでも柔軟に購入可能、AI戦略即時適用。初回の収益は購入後24時間以内に自動入金されます。,"언제든지 유연하게 매수 가능, AI 전략 즉시 적용. 첫 수익은 매수 후 24시간 이내 자동 정산됩니다.","Beli secara fleksibel pada bila-bila masa, strategi AI berkuat kuasa serta-merta, pendapatan pertama akan dikreditkan secara automatik dalam masa 24 jam selepas pembelian",ซื้อได้อย่างยืดหยุ่นทุกเมื่อกลยุทธ์AIมีผลทันทีรายได้แรกจะถูกcreditedโดยอัตโนมัติภายใน24ชั่วโมงหลังการซื้อ,"Mua linh hoạt bất kỳ lúc nào, chiến lược AI có hiệu lực ngay lập tức, thu nhập đầu tiên sẽ được ghi có tự động trong vòng 24 giờ sau khi mua.","किसी भी समय लचीले ढंग से खरीदें एआई रणनीति तुरंत प्रभावी होती है, खरीद के 24 घंटे के भीतर पहली आय स्वचालित रूप से जमा हो जाएगी","Flexibler Kauf jederzeit, KI-Strategie tritt sofort in Kraft, erste Erträge in 24 Stunden","Achat flexible à tout moment, stratégie IA active immédiatement, premiers gains sous 24h","Compra flexível a qualquer momento, estratégia de IA entra em vigor imediatamente, lucros em 24h","Compra flexible en cualquier momento, la estrategia de IA se activa de inmediato, primeras ganancias en 24h","Acquisto flessibile in qualsiasi momento, strategia AI attiva immediatamente, primi profitti in 24 ore","Altijd flexibel kopen, AI-strategie treedt onmiddellijk in werking. Eerste opbrengst binnen 24 uur automatisch bijgeschreven.","Fleksibelt kjøp når som helst, AI-strategien trer i kraft umiddelbart. Første avkastning krediteres automatisk innen 24 timer.","Flexibelt köp när som helst, AI-strategin träder i kraft omedelbart. Första avkastning krediteras automatiskt inom 24 timmar.","Cumpărare flexibilă oricând, strategia AI intră în vigoare imediat. Prima rentabilitate va fi creditată automat în 24 de ore.","Flexibilní nákup kdykoli, AI strategie začne platit okamžitě. První výnos bude připsán do 24 hodin."
基金周期,Fund Cycle,基金周期,基金週期,ファンドサイクル,펀드 주기,Kitaran Dana,รอบระยะเวลากองทุน,Chu kỳ Quỹ,फंड चक्र,Fondslaufzeit,Durée du fonds,Período do fundo,Ciclo del fondo,Ciclo del fondo,Fondslooptijd,Fondssyklus,Fondperiod,Perioadă fond,Cyklus fondu
年/季度/月/周,Year/Quarter/Month/Week,年/季度/月/周,年/季度/月/周,年／四半期／月／週,연간/분기/월간/주간,Tahun/Suku Bulan/Bulan/Minggu,ปี/ไตรมาส/เดือน/สัปดาห์,Năm/Quý/Tháng/Tuần,वर्ष/तिमाही/माह/सप्ताह,Jahr/Quartal/Monat/Woche,Année/Trimestre/Mois/Semaine,Ano/Trimestre/Mês/Semana,Año/Trimestre/Mes/Semana,Anno/Trimestre/Mese/Settimana,Jaar/Kwartaal/Maand/Week,År/Kvartal/Måned/Uke,År/Kvartal/Månad/Vecka,An/Trimestru/Lună/Săptămână,Rok/Čtvrtletí/Měsíc/Týden
起投金额,Minimum Investment Amount,起投金额,起投金額,必要最低投資額,최소 투자 금액,Jumlah Pelaburan Minimum,ยอดลงทุนขั้นต่ำ,Số tiền đầu tư tối thiểu,न्यूनतम निवेश राशि,Mindestanlagebetrag,Montant de départ,Valor mínimo de investimento,Monto mínimo de inversión,Capitale minimo richiesto,Minimale investering,Startinvesteringsbeløp,Minsta investering,Suma minimă investită,Minimální investice
等值,Equivalent,等值,等值,等価,동일 가치,Setara,เทียบเท่า,Tương đương,के बराबर,Äquivalent,Équivalent,Equivalente,Equivalente,Equivalente,Equivalent,Verdi,Equivalent,Echivalent,Ekvivalent
收益周期,Income Cycle,收益周期,收益週期,収益サイクル,수익 주기,Kitaran Pendapatan,รอบรายได้,Chu kỳ thu nhập,आय चक्र,Ertragszyklus,Cycle de rendement,Ciclo de rendimento,Ciclo de ganancias,Ciclo di rendimento,Opbrengstperiode,Inntektsyklus,Avkastningsperiod,Perioadă de câștig,Cyklus výnosu
预估日收益率,Estimated Daily Return Rate,预估日收益率,預估日收益率,予想日次収益率,예상 일일 수익률,Anggaran Kadar Pulangan Harian,อัตราผลตอบแทนรายวันโดยประมาณ,Tỷ lệ lợi nhuận hàng ngày ước tính,अनुमानित दैनिक वापसी दर,Geschätzte Tagesrendite,Rendement quotidien estimé,Taxa de rendimento diária estimada,Rentabilidad diaria estimada,Rendimento giornaliero stimato,Geschatte dagopbrengst,Estimert daglig avkastning,Beräknad daglig avkastning,Randament zilnic estimat,Odhadovaná denní výnosnost
立即买入,Buy Now,立即买入,立即買入,今すぐ購入,지금 매수,Beli Sekarang,ซื้อทันที,Mua ngay,अभी खरीदें,Jetzt kaufen,Acheter maintenant,Comprar agora,Comprar ahora,Acquista ora,Koop nu onmiddellijk,Kjøp nå,Köp nu,Cumpără acum,Koupit nyní
邀请好友,Invite Friends,邀请好友,邀請好友,友達を招待,친구 초대하기,Jemput Rakan,เชิญชวนเพื่อน,Mời bạn bè,दोस्तों को आमंत्रित करें,Freunde einladen,Inviter des amis,Convidar amigos,Invitar amigos,Invita amici,Vrienden uitnodigen,Inviter venner,Bjud in vänner,Invită prieteni,Pozvat přátele
平台介绍,Platform Introduction,平台介绍,平台介紹,プラットフォーム紹介,플랫폼 소개,Pengenalan Platform,แนะนำแพลตฟอร์ม,Giới thiệu nền tảng,प्लेटफार्म परिचय,Plattformvorstellung,Présentation de la plateforme,Introdução à plataforma,Introducción a la plataforma,Introduzione alla piattaforma,Platformintroductie,Plattformintroduksjon,Plattformsintroduktion,Prezentare platformă,Představení platformy
节点购买,Node Purchase,节点购买,節點購買,ノード購入,노드 구매,Pembelian Nod,การซื้อโหนด,Mua nút,नोड खरीद,Node-Kauf,Achat de nœud,Compra de nó de rede,Compra de nodo,Acquisto del nodo,Node-aankoop,Nodkjøp,Nodköp,Cumpărare nod,Koupě uzlu
AI智能聊天,AI Smart Chat,AI 智能聊天,AI 智能聊天,AIチャットアシスタント,AI 스마트 채팅,Sembang Pintar AI,แชทอัจฉริยะAI,Chat thông minh AI,एआई स्मार्ट चैट,KI-Chat,Chat IA intelligent,Bate-papo com IA,Chat inteligente de IA,Chat intelligente AI,AI Chatten,AI-samtaler,AI-chatt,Chat AI inteligent,Inteligentní AI chat
工作,Work,工作,工作,仕事,업무,Kerja,งาน,Công việc,काम,Arbeit,Travail,Trabalho,Trabajo,Lavoro,Werk,Arbeid,Arbete,Muncă,Práce
生活实用,Daily Life,生活实用,生活實用,日常生活,실생활 유용,Kehidupan Harian,ชีวิตประจำวัน,Cuộc sống hàng ngày,दैनिक जीवन,Praktisches Leben,Vie pratique,Vida prática,Vida cotidiana,Vita pratica,Levenspraktisch,Livsnyttig,Vardagligt bruk,Uz util în viața de zi cu zi,Praktické pro život
投资,Investment,投资,投資,投資,투자,Pelaburan,การลงทุน,Đầu tư,निवेश,Investition,Investissement,Investimento,Inversión,Investimenti,Investeren,Investering,Investering,Investiție,Investice
基金顾问,Fund Consultant,基金顾问,基金顧問,ファンドアドバイザー,펀드 상담,Perunding Dana,ที่ปรึกษากองทุน,Chuyên gia tư vấn quỹ,फंड सलाहकार,Fondsberater,Conseiller en fonds,Consultor de fundos,Asesor de fondos,Consulente di fondi,Fondsadviseur,Fondsrådgiver,Fondrådgivare,Consilier fonduri,Finanční poradce
基金顾问p,Provide fund investment strategies,提供基金投资策略,提供基金投資策略,ファンド投資戦略の提供,펀드 투자 전략 제공,Menyediakan strategi pelaburan dana,ให้คำแนะนำกลยุทธ์การลงทุนกองทุน,Cung cấp các chiến lược đầu tư quỹ,फंड निवेश रणनीतियाँ प्रदान करें,Anlageberatung für Fonds,Fournir des stratégies d’investissement pour les fonds,Estratégias de investimento em fundos,Proporcionar estrategias de inversión en fondos,Fornire strategie di investimento nei fondi,Biedt fondsbeleggingsstrategieën aan,Tilbyr fondsinvesteringsstrategier,Tillhandahåller fondinvesteringsstrategier,Oferă strategii de investiții în fonduri,Nabízí investiční strategie pro fondy
市场趋势,Market Trends,市场趋势,市場趨勢,市場動向,시장 동향,Aliran Pasaran,แนวโน้มตลาด,Xu hướng thị trường,बाजार के रुझान,Markttrends,Tendances du marché,Tendências de mercado,Tendencias del mercado,Tendenze di mercato,Markttrends,Markedstrender,Marknadstrender,Tendințe de piață,Trendy trhu
市场趋势p,Dynamic investment market environment,投资市场环境的动态,投資市場環境的動態,投資市場の動向,투자 시장 환경의 변화,Persekitaran pasaran pelaburan dinamik,สภาพแวดล้อมตลาดการลงทุนแบบไดนามิก,Môi trường thị trường đầu tư năng động,गतिशील निवेश बाजार का वातावरण,Marktumfeldentwicklung,Évolution de l’environnement du marché,Dinâmica do ambiente de mercado,Dinámica del entorno del mercado,Dinamiche dell’ambiente di mercato,Marktomstandigheden en dynamiek van investeringen,Dynamikken i investeringsmiljøet,Dynamiken i investeringsmiljön,Dinamica mediului de investiții,Dynamika investičního prostředí
旅行攻略,Travel Guide,旅行攻略,旅行攻略,旅行ガイド,여행 가이드,Panduan Pelancongan,คำแนะนำการท่องเที่ยว,Hướng dẫn du lịch,यात्रा गाइड,Reisetipps,Guide de voyage,Dicas de viagem,Guías de viaje,Guide di viaggio,Reisgids,Reiseguide,Reseguide,Ghid de călătorie,Cestovní průvodce
旅行攻略p,Inquire about cultural protection areas/route planning,查询文化保护区/路线规划,查詢文化保護區/路線規劃,文化保護区／ルートの検索,문화보호구/여행 경로 조회,Menyiasat kawasan perlindungan budaya/perancangan laluan,สอบถามเกี่ยวกับพื้นที่อนุรักษ์วัฒนธรรม/การวางแผนเส้นทาง,Hỏi về các khu bảo tồn văn hóa/lập kế hoạch tuyến đường,सांस्कृतिक संरक्षण क्षेत्रों/मार्ग योजना के बारे में पूछताछ करें,Kultur-/Routenanfrage,Recherche de zones protégées / planification d’itinéraire,Consultar áreas culturais / planejamento de rotas,Consulta de zonas protegidas / planificación de ruta,Consulta aree protette / pianificazione percorso,Cultuurgebieden/Routenetwerk opzoeken,Søk etter kulturområder/ruteplanlegging,Sök efter kulturbevarande zoner/ruttplanering,Caută zone protejate cultural/planificare traseu,Vyhledat chráněné kulturní oblasti/plánování trasy
营养顾问,Nutrition Consultant,营养顾问,營養顧問,栄養アドバイザー,영양 상담,Perunding Nutrisi,ที่ปรึกษาด้านโภชนาการ,Chuyên gia tư vấn dinh dưỡng,पोषण सलाहकार,Ernährungsberater,Conseiller en nutrition,Consultor nutricional,Asesor nutricional,Consulente nutrizionale,Voedingsadviseur,Ernæringsrådgiver,Kostrådgivare,Consilier nutriție,Výživový poradce
营养顾问p,Recipes and cooking techniques,菜谱与烹饪技巧,菜譜與烹飪技巧,レシピと料理のコツ,요리법 및 조리 팁,Resipi dan teknik memasak,สูตรอาหารและเทคนิคการปรุงอาหาร,Công thức nấu ăn và kỹ thuật nấu ăn,व्यंजनों और खाना पकाने की तकनीकें,Rezepte & Kochtechniken,Recettes et techniques de cuisine,Receitas e técnicas de culinária,Recetas y técnicas de cocina,Ricette e tecniche di cucina,Recepten en kooktips,Oppskrifter og matlagingstips,Recept och matlagningstips,Rețete și sfaturi culinare,Recepty a kuchyňské tipy
活动策划,Event Planning,活动策划,活動策劃,イベント企画,이벤트 기획,Perancangan Acara,การวางแผนกิจกรรม,Lập kế hoạch sự kiện,घटना योजना,Eventplanung,Planification d’événements,Planejamento de eventos,Planificación de eventos,Pianificazione eventi,Evenementplanning,Arrangementplanlegging,Eventplanering,Planificare eveniment,Plánování událostí
活动策划p,Provide team building event plans,提供团建活动方案,提供團建活動方案,チームビルディングプランの提供,팀빌딩 활동 플랜 제공,Menyediakan pelan acara pembinaan pasukan,ให้แผนการจัดกิจกรรมทีมบิลด์ดิ้ง,Cung cấp kế hoạch sự kiện xây dựng đội nhóm,टीम निर्माण कार्यक्रम योजनाएं प्रदान करें,Teambuilding-Vorschläge,Propositions d’activités de team building,Sugestões de atividades de equipe,Propuestas de actividades grupales,Proposte per attività di team building,Biedt teambuildingactiviteiten aan,Tilbyr teambyggingsaktiviteter,Tillhandahåller teambuildingaktiviteter,Oferă planuri pentru activități de echipă,Nabízí teambuildingové aktivity
创意写作,Creative Writing,创意写作,創意寫作,クリエイティブライティング,창의적 글쓰기,Penulisan Kreatif,การเขียนเชิงสร้างสรรค์,Viết sáng tạo,रचनात्मक लेखन,Kreatives Schreiben,Écriture créative,Escrita criativa,Escritura creativa,Scrittura creativa,Creatief schrijven,Kreativ skriving,Kreativt skrivande,Scriere creativă,Kreativní psaní
创意写作p,Optimize business copy (advertising slogans/slogans),优化商业文案(广告语/Slogan),優化商業文案(廣告語/Slogan),商業コピーの最適化（広告・スローガン）,광고 문구/슬로건 최적화,Mengoptimumkan teks perniagaan (slogan iklan/cogan kata),ปรับปรุงเนื้อหาเชิงธุรกิจ(สโลแกนโฆษณา/คำขวัญ),Tối ưu hóa nội dung kinh doanh (khẩu hiệu quảng cáo/slogan),व्यवसाय कॉपी (विज्ञापन नारे/नारे) को अनुकूलित करें,Optimierung von Werbetexten (Slogan),Optimisation des textes publicitaires (slogans),Otimização de textos comerciais (slogans),Optimización de textos publicitarios (eslóganes),Ottimizzazione testi pubblicitari (slogan),Optimaliseer zakelijke teksten (slogans),Optimaliser reklamekopier (slagord),Optimera kommersiella texter (slogans),Optimizează texte comerciale (slogane),Optimalizujte komerční texty (slogany)
关于我们,About Us,关于我们,關於我們,会社情報,회사 소개,Tentang Kami,เกี่ยวกับเรา,Về chúng tôi,हमारे बारे में,Über uns,À propos de nous,Sobre nós,Sobre nosotros,Chi siamo,Over ons,Om oss,Om oss,Despre noi,O nás
VIP权益,VIP Benefits,VIP权益,VIP權益,VIP特典,VIP 혜택,Manfaat VIP,สิทธิประโยชน์VIP,Quyền lợi VIP,वीआईपी लाभ,VIP-Vorteile,Avantages VIP,Benefícios VIP,Beneficios VIP,Vantaggi VIP,VIP-voordelen,VIP-fordeler,VIP-förmåner,Beneficii VIP,VIP výhody
目前团队投资总额,Current Team Investment Total,目前团队投资总额,目前團隊投資總額,現在のチーム投資総額,현재 팀 투자 총액,Jumlah Pelaburan Pasukan Semasa,ยอดรวมการลงทุนทีมปัจจุบัน,Tổng đầu tư của đội hiện tại,वर्तमान टीम निवेश कुल,Aktuelles Team-Investitionsvolumen,Montant total actuel des investissements de l’équipe,Valor total atual dos investimentos da equipe,Inversión total actual del equipo,Totale attuale degli investimenti del team,Huidig teaminvesteringsbedrag,Nåværende teaminvesteringsbeløp,Nuvarande lagets investeringsbelopp,Valoarea totală investită de echipă în prezent,Celková současná investice týmu
当前特权,Current Privileges,当前特权,當前特權,現在の特典,현재 특권,Keistimewaan Semasa,สิทธิพิเศษปัจจุบัน,Quyền lợi hiện tại,वर्तमान विशेषाधिकार,Aktuelle Privilegien,Privilèges actuels,Privilégios atuais,Privilegios actuales,Privilegi attuali,Huidige privileges,Nåværende privilegier,Aktuella privilegier,Privilegii curente,Aktuální výhody
晋升,Promotion,晋升,晉升,昇格,승급,Promosi,การเลื่อนระดับ,Khuyến mãi,पदोन्नति,Beförderung,Promotion,Promoção,Ascenso,Promozione,Promotie,Opprykk,Befordran,Promovare,Povýšení
还差,Still Lack,还差,還差,残り,남은 조건,Masih Kurang,ยังขาดอยู่,Vẫn còn thiếu,अभी भी कमी है,Noch fehlend,Il manque,Faltam,Faltan,Mancano,Nog nodig,Gjenstår,Kvar,Rămase,Zbývá
尊享特权,Exclusive Privileges,尊享特权,尊享特權,プレミアム特典,프리미엄 특권,Keistimewaan Eksklusif,สิทธิพิเศษเฉพาะ,Quyền lợi độc quyền,विशेष विशेषाधिकार,Exklusive Privilegien,Privilèges exclusifs,Privilégios exclusivos,Privilegios exclusivos,Privilegi esclusivi,Exclusieve privileges,Eksklusive privilegier,Exklusiva privilegier,Privilegii exclusive,Exkluzivní výhody
VIP奖励上限,VIP Reward Limit,VIP奖励上限,VIP獎勵上限,VIP報酬上限,VIP 보상 한도,Had Ganjar VIP,วงเลมรางวัลVIP,Giới hạn Phần thưởng VIP,वीआईपी रिवार्ड लिमिट,VIP-Belohnungslimit,Plafond de récompense VIP,Limite de recompensa VIP,Límite de recompensa VIP,Limite massimo ricompensa VIP,VIP-beloningslimiet,VIP-belønningsgrense,VIP-belöningsgräns,Limita recompenselor VIP,VIP odměnový strop
VIP奖励上限p,The VIP reward limit is {n} times the user's own investment amount,VIP奖励上限金额为用户自身投资金额的{n}倍,VIP獎勵上限金額為用戶自身投資金額的{n}倍,VIP報酬上限金額は、ユーザー自身の投資金額の{n}倍です,VIP 보상 최대 금액은 사용자의 투자 금액의 {n}배입니다,Had ganjaran VIP adalah {n} kali jumlah pelaburan sendiri pengguna,วงเลมรางวัลVIPคือ{n}เท่าของจำนวนเงินลงทุนส่วนตัว,Giới hạn Phần thưởng VIP là {n} lần số tiền đầu tư của người dùng,वीआईपी रिवार्ड लिमिट उपयोगकर्ता के अपने निवेश राशि का {n} गुना है,Das VIP-Prämienlimit beträgt das {n}-fache der Investition des Nutzers,Le plafond est {n} fois le montant investi par l’utilisateur,O limite é {n} vezes o valor investido pelo usuário,El límite es {n} veces la inversión personal del usuario,Il limite massimo è {n} volte l’investimento personale,Het VIP-beloningslimiet is {n} keer jouw investering,VIP-belønningsgrensen er {n} ganger din egen investering,VIP-belöningsgränsen är {n} gånger din egen investering,Plafonul de recompensă VIP este de {n} ori investiția ta,Limit VIP odměny je {n}násobek vlastní investice
VIP奖励,VIP Reward,VIP奖励,VIP獎勵,VIP報酬,VIP 보상,Ganjaran VIP,รางวัลVIP,Phần thưởng VIP,वीआईपी रिवार्ड,VIP-Prämie,Récompense VIP,Recompensa VIP,Recompensa VIP,Ricompensa VIP,VIP-beloning,VIP-belønning,VIP-belöning,Recompensă VIP,VIP odměna
VIP奖励p,Up to {n}% of the total investment income of the team fund can be obtained,最高可获得团队基金总额投资收益的{n}%,最高可獲得團隊基金總額投資收益的{n}%,最大でチームファンドの総投資収益の{n}%を獲得可能,최대 팀 펀드 총 투자 수익의 {n}%까지 획득 가능,Sehingga {n}% daripada jumlah pendapatan pelaburan dana pasukan boleh diperoleh,ได้รับสูงสุด{n}%ของรายได้รวมจากการลงทุนกองทุนทีม,Có thể nhận tới {n}% thu nhập đầu tư tổng thể của quỹ đội,टीम फंड की कुल निवेश आय का {n}% तक प्राप्त किया जा सकता है,Bis zu {n}% des rendimento total del fondo del equipo,Jusqu’à {n}% des profits d’investissement de l’équipe,Até {n}% do retorno do fundo do time,Hasta el {n}% del beneficio del fondo del equipo,Fino al {n}% dei profitti dell’investimento del team,Kan maximaal {n}% van het teamfonds verdienen,Maks {n}% av teamets fondsinvestering som avkastning,Högst {n}% av teamets fondintäkter se vinst,Poți câștiga până la {n}% din investiția totală a echipei jako rentabilitate,Můžete získat až {n}% výnosu z celkových investic týmu
AI助手权限,AI Assistant Permission,AI助手权限,AI助手權限,AIアシスタント権限,AI 어시스턴트 권한,Kebenaran Pembantu AI,สิทธิ์ผู้ช่วยAI,Quyền trợ lý AI,एआई सहायक अनुमति,KI-Assistentenrechte,Autorisations de l’assistant IA,Permissões do assistente de IA,Permisos del asistente de IA,Permessi dell’assistente AI,AI-assistentrechten,AI-assistentrettigheter,AI-assistentbehörighet,Drepturi AI asistent,Práva AI asistenta
AI助手权限p,{n} AI assistant Q&A times per day,每日拥有{n}次AI助手问答次数,每日擁有{n}次AI助手問答次數,1日あたり{n}回のAIアシスタント質問利用可能,하루 {n}회 AI 어시스턴트 질의 응답 가능,{n} kali soal jawab pembantu AI sehari,คำถาม-ตอบผู้ช่วยAIได้{n}ครั้งต่อวัน,{n} lần hỏi đáp trợ lý AI mỗi ngày,प्रति दिन {n} एआई सहायक प्रश्नोत्तरी बार,Täglich {n} KI-Assistent-Antworten verfügbar,{n} questions/réponses IA disponibles par jour,{n} interações com IA por dia,{n} consultas con IA disponibles por día,{n} richieste AI disponibili al giorno,Dagelijks {n} keer AI-assistent vragen beantwoorden,Har {n} AI-assistentforespørsler per dag,{n} AI-assistentfrågor dagligen,{n} întrebări AI asistent pe zi,{n} AI dotazů denně
多少个用户,{num} {level} users,{num}个{level}用户,{num}個{level}用戶,{num}人の{level}ユーザー,{num}명의 {level} 사용자,{num} pengguna tahap {level},ผู้ใช้ระดับ{level}จำนวน{num}คน,{num} người dùng {level},{num} {स्तर} उपयोगकर्ता,{num} {level}-Benutzer,{num} utilisateurs de niveau {level},{num} usuários nível {level},{num} usuarios de nivel {level},{num} utenti di livello {level},{num} {level}-gebruikers,{num} {level}-brukere,{num} {level}-användare,{num} utilizatori de nivel {level},{num} uživatelů úrovně {level}
AI助手,AI Assistant,AI助手,AI助手,AIアシスタント,AI 어시스턴트,Pembantu AI,ผู้ช่วยAI,Trợ lý AI,एआई सहायक,KI-Assistent,Assistant IA,Assistente de IA,Asistente de IA,Assistente AI,AI-assistent,AI-assistent,AI-assistent,Asistent AI,AI asistent
消息中心,Message Center,消息中心,消息中心,メッセージセンター,메시지 센터,Pusat Mesej,ศูนย์ข้อความ,Trung tâm tin nhắn,संदेश केंद्र,Nachrichtenzentrum,Centre de messages,Centro de mensagens,Centro de mensajes,Centro messaggi,Berichtencentrum,Meldingssenter,Meddelandecenter,Centru de mesaje,Centrum zpráv
公告,Announcement,公告,公告,お知らせ,공지사항,Pengumuman,ประกาศ,Thông báo,घोषणा,Ankündigungen,Annonces,Anúncios,Anuncios,Annunci,Aankondiging,Kunngjøring,Meddelande,Anunț,Oznámení
钱包,Wallet,钱包,錢包,ウォレット,지갑,Dompet,กระเป๋าเงิน,Ví,वॉलेट,Brieftasche / Wallet,Portefeuille,Carteira,Billetera,Portafoglio,Portemonnee,Lommebok,Plånbok,Portofel,Peněženka
时间,Time,时间,時間,時間,시간,Masa,เวลา,Thời gian,समय,Zeit,Heure,Hora,Hora,Orario,Tijd,Tid,Tid,Timp,Čas
详情,Details,详情,詳情,詳細,상세정보,Butiran,รายละเอียด,Chi tiết,विवरण,Details,Détails,Detalhes,Detalles,Dettagli,Details,Detaljer,Detaljer,Detalii,Podrobnosti
基金,Fund,基金,基金,ファンド,펀드,Dana,กองทุน,Quỹ,फंड,Fonds,Fonds,Fundo,Fondo,Fondo,Fonds,Fond,Fond,Fond,Fond
基金规则,Fund Rules,基金规则,基金規則,ファンドルール,펀드 규칙,Peraturan Dana,กฎกองทุน,Quy tắc Quỹ,फंड नियम,Fondsregeln,Règles du fonds,Regras do fundo,Reglas del fondo,Regole del fondo,Fondsregels,Fondsregler,Fondregler,Reguli fond,Pravidla fondu
策略基金,9M AI Strategy Fund,9M AI策略基金,9M AI策略基金,9M AI戦略ファンド,9M AI 전략 펀드,Dana Strategi AI 9M,กองทุนกลยุทธ์AI9M,Quỹ Chiến lược AI 9M,9M एआई रणनीति फंड,9M KI-Strategiefonds,Fonds stratégique IA 9M,Fundo de estratégia de IA 9M,Fondo estratégico de IA 9M,Fondo strategico AI di 9M,9M AI Strategie Fonds,9M AI Strategifond,9M AI strategifond,Fond de Strategie 9M AI,Strategický fond 9M AI
稳健基金,9M Stable Fund,9M稳健基金,9M穩健基金,9M安定型ファンド,9M 안정형 펀드,Dana Stabil 9M,กองทุนมั่นคง9M,Quỹ Ổn định 9M,9M स्थिर फंड,9M Stabilitätsfonds,Fonds stable 9M,Fundo estável 9M,Fondo estable 9M,Fondo stabile 9M,9M Stabiel Fonds,9M Stabilt fond,9M stabil fond,Fond Stabil 9M,Stabilní fond 9M
质押周期,Pledge Cycle,质押周期,質押週期,ステーキング期間,스테이킹 주기,Kitaran Gadaian,รอบการลงหลักประกัน,Chu kỳ thế chấp,गिरवी चक्र,Staking-Zeitraum,Période de staking,Período de staking,Período de staking,Periodo di staking,Stakingsperiode,Innsatsperiode,Stakingperiodă,Perioadă de miză,Doba stakingu
天,Day,天,天,日,일,Hari,วัน,Ngày,दिन,Tage,Jours,Dias,Días,Giorni,Dagen,Dager,Dagar,Zile,Dny
日收益率,Daily Return Rate,日收益率,日收益率,日次収益率,일 수익률,Kadar Pulangan Harian,อัตราผลตอบแทนรายวัน,Tỷ lệ Lợi suất Hàng ngày,दैनिक वापसी दर,Tägliche Rendite,Rendement quotidien,Retorno diário,Rentabilidad diaria,Rendimento giornaliero,Dagelijkse opbrengst,Daglig avkastning,Daglig avkastning,Profit zilnic,Denní výnos
交易流程,Transaction Process,交易流程,交易流程,取引手順,거래 절차,Proses Transaksi,กระบวนการทำธุรกรรม,Quy trình Giao dịch,लेनदेन प्रक्रिया,Handelsprozess,Processus d’achat,Processo de compra,Proceso de compra,Processo di acquisto,Transactieproces,Transaksjonsprosess,Transaktionsprocess,Procesul tranzacției,Proces transakce
购买提交,Purchase Submission,购买提交,購買提交,購入の提出,매수 제출,Penyerahan Pembelian,ส่งคำขอซื้อ,Gửi Đơn mua,खरीद सबमिशन,Kauf einreichen,Soumettre l’achat,Enviar compra,Enviar compra,Invia acquisto,Aankoop ingediend,Kjøp sendt in,Köp inskickad,Achiziție trimisă,Nákup odeslán
随时买入,Buy Anytime,随时买入,隨時買入,いつでも購入可能,언제든 매수 가능,Beli Pada Bila-bila Masa,ซื้อได้ตลอดเวลา,Mua mọi lúc,कभी भी खरीदें,Jederzeit kaufen,Achat à tout moment,Comprar a qualquer hora,Compra en cualquier momento,Acquista in qualsiasi momento,Altijd beschikbaar kjøp,Kjøp når som helst,Köp när som helst,Cumpără oricând,Koupit kdykoli
AI策略启动,AI Strategy Activation,AI策略启动,AI策略啟動,AI戦略の起動,AI 전략 시작,Pengaktifan Strategi AI,เปิดใช้งานกลยุทธ์AI,Kích hoạt Chiến lược AI,एआई रणनीति सक्रियण,KI-Strategie gestartet,Démarrage stratégie IA,Início da estratégia IA,Estrategia de IA iniciada,Avvio strategia AI,AI-strategie gestart,AI-strategi startet,AI-strategi startad,Strategie AI pornită,AI strategie spuštěna
首笔收益到账,First Income Arrival,首笔收益到账,首筆收益到賬,初回収益の支払い,첫 수익 정산 완료,Ketibaan Pendapatan Pertama,รายได้แรกถึงมือ,Thu nhập đầu tiên đến,पहली आय आगमन,Erste Erträge eingegangen,Premier gain reçu,Primeiro rendimento recebido,Primera ganancia recibida,Primo guadagno ricevuto,Eerste winst ontvangen,Første avkastning mottatt,Första vinsten mottagen,Prima plată a profitului dorit,První zisk přijat
买入后24小时到账,Arrival within 24 hours after purchase,买入后24小时到账,買入後24小時到賬,購入後24時間以内に到着,매수 후 24시간 내 정산,Tiba dalam 24 jam selepas pembelian,ถึงมือภายใน24ชั่วโมงหลังซื้อ,Đến trong vòng 24 giờ sau khi mua,खरीद के 24 घंटे के भीतर आगमन,Erträge in 24 Stunden nach Kauf,Crédit dans les 24h suivant l’achat,Crédito em até 24h após a compra,Acreditado 24h después de la compra,Accredito entro 24h dall’acquisto,Binnen 24 uur na aankoop ontvangen,Mottatt innen 24 timer etter kjøp,Mottaget inom 24 timmar efter köp,Plată în 24 de ore după achiziție,Vyplaceno do 24 hodin po nákupu
运作费用说明,Operation Cost Explanation,运作费用说明,運作費用說明,運用コストの説明,운영 수수료 설명,Penjelasan Kos Operasi,คำอธิบายค่าใช้จ่าย,Giải thích Chi phí Hoạt động,संचालन लागत स्पष्टीकरण,Betriebskostenübersicht,Détail des frais de fonctionnement,Detalhes de custos operacionais,Detalles de costos,Dettagli sui costi operativi,Uitleg over operationele kosten,Forklaring på driftskostnader,Förklaring av driftkostnader,Explicație privind costurile operaționale,Vysvětlení provozních nákladů
运作费用说明p,All AI funds on the platform adopt a reward distribution mechanism for fund income.,平台所有 AI 基金的收益采用奖励分配机制。,平台所有 AI 基金的收益採用獎勵分配機制。,プラットフォーム上のすべてのAIファンドの収益は、報酬分配メカニズムを採用しています。,플랫폼의 모든 AI 펀드 수익은 보상 분배 메커니즘을 적용합니다.,Semua dana AI di platform ini menggunakan mekanisme pengagihan ganjaran untuk pendapatan dana.,กองทุน AI ทั้งหมดบนแพลตฟอร์มใช้กลไกการกระจายรางวัลสำหรับรายได้ของกองทุน,Tất cả các quỹ AI trên nền tảng đều áp dụng cơ chế phân phối thưởng cho thu nhập của quỹ.,प्लेटफ़ॉर्म पर सभी AI फंड आय के लिए पुरस्कार वितरण तंत्र अपनाते हैं।,Alle KI-Fonds auf der Plattform wenden für die Fondserträge ein Belohnungsverteilungsmodell an.,Tous les fonds IA de la plateforme adoptent un mécanisme de distribution de récompenses pour les revenus du fonds.,Todos os fundos de IA na plataforma adotam um mecanismo de distribuição de recompensas para os rendimentos do fundo.,Todos los fondos de IA de la plataforma adoptan un mecanismo de distribución de recompensas para los ingresos del fondo.,Tutti i fondi AI sulla piattaforma adottano un meccanismo di distribuzione delle ricompense per i proventi del fondo.,Alle AI-fondsen op het platform hanteren een beloningsverdelingsmechanisme voor fondsinkomsten.,Alle AI-fond på plattformen benytter en belønningsfordelingsmekanisme for fondsinntekter.,Alla AI-fonder på plattformen använder en belöningsfördelningsmekanism för fondintäkter.,Toate fondurile AI de pe platformă adoptă un mecanism de distribuire a recompenselor pentru veniturile fondului.,Všechny AI fondy na platformě používají mechanismus rozdělování odměn pro příjmy fondu.
费用名称,Cost Name,费用名称,費用名稱,手数料項目,수수료 항목,Nama Kos,ชื่อค่าใช้จ่าย,Tên Chi phí,लागत का नाम,Gebührenbezeichnung,Nom des frais,Nome da taxa,Nombre de la tarifa,Nome della spesa,Kostennaam,Kostnadsnavn,Kostnadsnamn,Nume taxă,Název poplatku
基金收益分配占比,Fund Income Distribution Proportion,基金收益分配占比,基金收益分配佔比,ファンド収益分配割合,펀드 수익 분배 비율,Perkadaran Pengagihan Pendapatan Dana,สัดส่วนการกระจายรายได้กองทุน,Tỷ lệ Phân phối Thu nhập Quỹ,फंड आय वितरण अनुपात,Verteilung der Fondserträge,Répartition des bénéfices du fonds,Percentual de distribuição dos lucros,Porcentaje de distribución de beneficios,Percentuale di distribuzione dei profitti,Verdeling fondsopbrengsten,Fordeling av fondsinntekt,Fördelning av fondavkastning,Distribuția profitului fondului,Rozdělení výnosů fondu
管理费,Reward Wallet,奖励钱包,獎勵錢包,報酬ウォレット,보상 지갑,Dompet Ganjaran,กระเป๋ารางวัล,Ví phần thưởng,रिवॉर्ड वॉलेट,Belohnungs-Wallet,Portefeuille de récompenses,Carteira de Recompensas,Billetera de Recompensas,Portafoglio Premi,Beloningsportemonnee,Belønningslommebok,Belöningsplånbok,Portofel de recompense,Peněženka odměn
平台分红,9MD Distribution,9MD 发放,9MD 發放,9MD配布,9MD 지급,Pengagihan 9MD,การแจกจ่าย 9MD,Phân phối 9MD,9MD वितरण,9MD-Ausschüttung,Distribution 9MD,Distribuição 9MD,Distribución 9MD,Distribuzione 9MD,9MD-uitkering,9MD-distribusjon,9MD-distribution,Distribuție 9MD,Distribuce 9MD
用户投资收益,Withdrawable,可提现,可提現,引き出し可能,출금 가능,Boleh Dikeluarkan,ถอนออกได้,Có thể rút,निकासी योग्य,Abhebbar,Retirable,Levantável,Retirable,Prelevabile,Opneembaar,Uttakbar,Uttagbar,Retragibil,Vybratelný
选择基金周期和投资金额,Select Fund Cycle and Investment Amount,选择基金周期和投资金额,選擇基金週期和投資金額,ファンド期間と投資金額の選択,펀드 주기와 투자 금액 선택,Pilih Kitaran Dana dan Jumlah Pelaburan,เลือกรอบระยะเวลากองทุนและจำนวนเงินลงทุน,Chọn Chu kỳ Quỹ và Số tiền Đầu tư,फंड चक्र और निवेश राशि का चयन करें,Wählen Sie Laufzeit und Betrag,Choisissez la durée et le montant,Escolher período e valor do fundo,Elegir período e importe de inversión,Seleziona la durata e l’importo,Kies fondsduur en bedrag,Velg fondssyklus og beløp,Välj fondcykel och belopp,Alege perioada fondului și suma,Zvolte dobu fondu a částku
选择基金周期和投资金额p,"Users first select the required fund cycle (e.g., a 360-day fixed cycle).",用户需先选择所需的资金周期（如：360天固定周期）。,用戶需先選擇所需的資金週期（如：360 天固定週期）。,ユーザーはまず必要な資金運用期間（例：360日固定サイクル）を選択します。,사용자는 먼저 필요한 자금 운용 주기(예: 360일 고정 주기)를 선택해야 합니다.,Pengguna perlu memilih tempoh dana yang diperlukan terlebih dahulu (contoh: kitaran tetap 360 hari).,ผู้ใช้ต้องเลือกช่วงระยะเวลากองทุนที่ต้องการก่อน (เช่น รอบคงที่ 360 วัน),Người dùng cần chọn trước chu kỳ vốn mong muốn (ví dụ: chu kỳ cố định 360 ngày).,उपयोगकर्ताओं को पहले आवश्यक फंड अवधि का चयन करना होगा (उदाहरण: 360-दिन का निश्चित चक्र)।,Nutzer wählen zunächst den gewünschten Anlagezeitraum (z. B. einen festen 360-Tage-Zyklus).,Les utilisateurs doivent d’abord sélectionner la durée du fonds requise (par ex. un cycle fixe de 360 jours).,Os utilizadores devem primeiro selecionar o período do fundo pretendido (ex.: ciclo fixo de 360 dias).,"Los usuarios deben seleccionar primero el período del fondo requerido (por ejemplo, un ciclo fijo de 360 días).",Gli utenti devono prima selezionare il periodo del fondo richiesto (ad es. ciclo fisso di 360 giorni).,Gebruikers moeten eerst de gewenste fondsperiode selecteren (bijv. een vaste cyclus van 360 dagen).,Brukere må først velge ønsket fondsperiode (f.eks. en fast 360-dagers syklus).,Användare måste först välja önskad fondperiod (t.ex. en fast 360-dagarscykel).,Utilizatorii trebuie să selecteze mai întâi perioada fondului dorită (de ex. un ciclu fix de 360 de zile).,Uživatelé musí nejprve zvolit požadovanou dobu fondu (např. pevný 360denní cyklus).
每日收益,Daily Income,每日收益,每日收益,日次収益,일일 수익,Pendapatan Harian,รายได้รายวัน,Thu nhập Hàng ngày,दैनिक आय,Täglicher Ertrag,Revenus quotidiens,Rendimento diário,Ganancia diaria,Guadagno giornaliero,Dagelijkse opbrengst,Daglig avkastning,Daglig vinst,Profit zilnic,Denní výnos
每日收益p,After the purchase,购买后，平台根据用户投资时间，每24小时计算和发放一次投资收益。注:这笔收益是根据当天的真实基金收益发放,購買後，平台根據用戶投資時間，每24小時計算和發放一次投資收益。注:這筆收益是根據當天的真實基金收益發放,購入後、プラットフォームはユーザーの投資時間に基づき、24時間ごとに収益を計算・支払いします（注：この収益は当日の実際のファンド収益に基づきます）,"매수 후, 플랫폼은 투자 시간에 따라 24시간마다 수익을 계산하여 지급합니다. *이 수익은 당일 실제 펀드 수익 기준으로 지급됩니다.",Selepas pembelian,หลังการซื้อ,Sau khi mua,खरीद के बाद,"Nach dem Kauf berechnet und verteilt die Plattform alle 24 Stunden Erträge, basierend auf der Investitionszeit des Nutzers und den tatsächlichen Tageserträgen.","Après l’achat, la plateforme calcule et distribue les gains toutes les 24 h selon les résultats réels du jour.","Após a compra, os rendimentos são calculados e distribuídos a cada 24h, com base no lucro real do dia.","Tras la compra, la plataforma distribuye ganancias cada 24 h según los beneficios reales del día.","Dopo l’acquisto, la piattaforma calcola e distribuisce il rendimento ogni 24 ore in base ai profitti effettivi del giorno.",Na aankoop wordt elke 24u winst berekend en uitgekeerd obv echte prestaties,Etter kjøp beregnes avkastning hver 24. time basert på faktisk resultat,Efter köp beräknas och delas avkastning ut var 24:e timme baserat på verkligt resultat,"După cumpărare, profitul este calculat la fiecare 24h pe baza performanței reale",Po nákupu je výnos každých 24 hodin podle skutečného výkonu fondu
复投选择,Reinvestment Option,复投选择,複投選擇,自動再投資の設定,자동 재투자 선택,Pilihan Pelaburan Semula,ตัวเลือกการลงทุนซ้ำ,Tùy chọn Tái đầu tư,पुनर्निवेश विकल्प,Option zur Reinvestition,Option de réinvestissement,Opção de reinvestimento,Opción de reinversión,Opzione reinvestimento,Herinvesteringsoptie,Gjeninvesteringsvalg,Återinvesteringsval,Opțiune de reinvestire,Volba reinvestice
复投选择p,Users can choose to enable the automatic reinvestment option to reinvest the principal in the fund,用户可以选择开启自动复投选项，将本金再次投入基金，从而实现更多收益增长,用戶可以選擇開啟自動複投選項，將本金再次投入基金，從而實現更多收益增長,ユーザーは自動再投資を有効にして、元本を再度ファンドに投資することで、さらなる収益増加を目指すことができます,사용자는 자동 재투자를 활성화하여 원금을 다시 투자함으로써 수익을 극대화할 수 있습니다.,Pengguna boleh memilih untuk mengaktifkan pilihan pelaburan semula automatik untuk melaburkan semula prinsipal ke dalam dana,ผู้ใช้สามารถเลือกเปิดใช้งานตัวเลือกการลงทุนซ้ำอัตโนมัติเพื่อนำเงินต้นกลับมาลงทุนในกองทุนอีกครั้ง,Người dùng có thể chọn kích hoạt tùy chọn tái đầu tư tự động để tái đầu tư vốn gốc vào quỹ,उपयोगकर्ता फंड में मूलधन को फिर से निवेश करने के लिए स्वचालित पुनर्निवेश विकल्प को सक्षम करना चुन सकते हैं,"Nutzer können die automatische Reinvestition aktivieren, um ihre Einlage erneut zu investieren und höhere Gewinne zu erzielen.",L’utilisateur peut activer le réinvestissement automatique pour générer plus de revenus.,Usuários podem ativar a reinversão automática para ampliar ganhos.,El usuario puede activar la reinversión automática para seguir generando ganancias.,Gli utenti possono attivare la funzione di reinvestimento automatico per aumentare i profitti.,Gebruiker kan automatisch herinvesteren voor meer winst,Bruker kan velge automatisk gjeninvestering for høyere avkastning,Användare kan aktivera auto-återinvestering för mer vinst,Utilizatorul poate activa reinvestirea automată pentru profit,Uživatel může zvolit automatickou reinvestici pro vyšší výnos
到期退还本金,Principal Refund Upon Maturity,到期退还本金,到期退還本金,満期時元本返還,만기 시 원금 반환,Bayaran Balik Prinsipal Apabila Matang,คืนเงินต้นเมื่อครบกำหนด,Hoàn trả Vốn gốc khi Đáo hạn,परिपक्वता पर मूलधन वापसी,Rückzahlung des Kapitals am Ende,Remboursement du capital à l’échéance,Devolução do capital no vencimento,Devolución del capital al vencimiento,Rimborso del capitale a scadenza,Terugbetaling bij afloop,Tilbakebetaling ved utløp,Återbetalning vid förfall,Rambursare la expirare,Vrácení jistiny při splatnosti
到期退还本金p,When the fund matures,基金到期时，如果没有开启自动复投选项，平台将立即退还用户的投资本金,基金到期時，如果沒有開啟自動複投選項，平台將立即退還用戶的投資本金,ファンド満期時に自動再投資が設定されていない場合、プラットフォームは直ちに元本を返還します,"펀드 만기 시 자동 재투자가 설정되어 있지 않다면, 플랫폼은 즉시 원금을 반환합니다.",Apabila dana matang,เมื่อกองทุนครบกำหนด,Khi quỹ đáo hạn,जब फंड परिपक्व होता है,"Wenn die Laufzeit endet und keine automatische Reinvestition aktiviert ist, wird das Kapital automatisch zurückerstattet.","Si le réinvestissement automatique n’est pas activé, le capital est remboursé à l’échéance.","Se não houver reinvestimento automático, o capital é devolvido ao término.","Si no hay reinversión automática, el capital se devuelve al final del período.","Se non viene attivato il reinvestimento automatico, il capitale verrà rimborsato alla scadenza.",Zonder auto-reinvestering wordt de investering direct terugbetaald,Investeringen tilbakebetales ved forfall hvis auto-gjeninvest ikke er aktiv,Ej aktiverad återinvestering = direkt återbetalning vid fondens slut,"La expirare, dacă nu e activată reinvestirea, se returnează suma investită","Pokud není reinvestice aktivní, jistina bude po splatnosti vrácena"
再次选择,Choose Again,再次选择,再次選擇,再選択,다시 선택,Pilih Semula,เลือกใหม่,Chọn lại,फिर से चुनें,Erneut auswählen,Choisir à nouveau,Selecionar novamente,Volver a elegir,Seleziona di nuovo,Opnieuw kiezen,Velg på nytt,Välj igen,Alege din nou,Zvolit znovu
再次选择p,Once the fund matures,一旦基金到期，用户可以重新选择基金类型再次投入资金,一旦基金到期，用戶可以重新選擇基金類型再次投入資金,ファンド満期後、ユーザーは再度ファンドタイプを選び投資を続けることができます,"펀드가 만료되면, 사용자는 새로운 펀드를 선택하여 다시 투자할 수 있습니다.",Setelah dana matang,เมื่อกองทุนครบกำหนด,Một khi quỹ đáo hạn,एक बार फंड परिपक्व हो जाने के बाद,Nach Ablauf des Fonds kann der Nutzer einen neuen Fondstyp wählen und erneut investieren.,"Une fois le fonds expiré, l’utilisateur peut en sélectionner un nouveau et réinvestir.","Quando o fundo expira, o usuário pode escolher outro tipo de fundo e reinvestir.","Al vencer el fondo, el usuario puede seleccionar otro tipo y volver a invertir.","Alla scadenza del fondo, l’utente può scegliere un altro tipo di fondo e investire di nuovo.",Bij afloop kan gebruiker nieuwe fondsinvestering kiezen,"Når fondet utløper, kan bruker velge nytt fond","När fonden löper ut, kan användaren välja en ny fond","După expirare, utilizatorul poate alege un nou fond ke investíci",Po splatnosti si může uživatel znovu vybrat fond a investovat
了解风险和回报,Understand Risks and Returns,了解风险和回报,瞭解風險和回報,リスクと収益の理解,리스크 및 수익 이해,Fahami Risiko dan Pulangan,ทำความเข้าใจความเสี่ยงและผลตอบแทน,Hiểu rủi ro và lợi nhuận,जोखिमों और रिटर्न को समझें,Risiken und Erträge verstehen,Comprendre les risques et rendements,Entender riscos e retornos,Entender riesgos y beneficios,Comprendere rischi e rendimenti,Begrijp risico’s en rendement,Forstå risiko og avkastning,Förstå risker och avkastning,Înțelege riscuri și randamente,Pochopit rizika a výnosy
了解风险和回报p,"This investment involves a high degree of risk, and you may lose all or a substantial portion of your invested capital.",本投资具有较高风险，您可能会损失全部或大部分投资本金。,本投資具有較高風險，您可能會損失全部或大部分投資本金。,本投資は高いリスクを伴い、投資元本の全部または大部分を失う可能性があります。,본 투자는 높은 위험을 수반하며 투자 원금의 전부 또는 상당 부분을 잃을 수 있습니다.,"Pelaburan ini melibatkan tahap risiko yang tinggi, dan anda mungkin kehilangan semua atau sebahagian besar modal pelaburan anda.",การลงทุนนี้มีความเสี่ยงสูง และคุณอาจสูญเสียเงินลงทุนทั้งหมดหรือส่วนใหญ่ของเงินทุนที่ลงทุนไป,Khoản đầu tư này có mức độ rủi ro cao và bạn có thể mất toàn bộ hoặc phần lớn số vốn đã đầu tư.,"इस निवेश में उच्च स्तर का जोखिम शामिल है, और आप अपनी निवेशित पूंजी का पूरा या बड़ा हिस्सा खो सकते हैं।","Diese Investition ist mit einem hohen Risiko verbunden, und Sie können Ihr gesamtes oder einen erheblichen Teil Ihres investierten Kapitals verlieren.",Cet investissement comporte un niveau de risque élevé et vous pouvez perdre tout ou une partie substantielle de votre capital investi.,Este investimento envolve um elevado grau de risco e pode perder a totalidade ou uma parte substancial do capital investido.,Esta inversión implica un alto grado de riesgo y puede perder la totalidad o una parte sustancial de su capital invertido.,Questo investimento comporta un alto livello di rischio e potresti perdere tutto o una parte sostanziale del capitale investito.,Deze investering brengt een hoog risico met zich mee en u kunt uw volledige of een aanzienlijk deel van uw geïnvesteerde kapitaal verliezen.,"Denne investeringen innebærer høy risiko, og du kan tape hele eller en betydelig del av den investerte kapitalen.","Denna investering innebär en hög grad av risk, och du kan förlora hela eller en betydande del av ditt investerade kapital.",Această investiție implică un grad ridicat de risc și este posibil să pierdeți întregul sau o parte substanțială din capitalul investit.,Tato investice zahrnuje vysokou míru rizika a můžete ztratit veškerý nebo podstatnou část investovaného kapitálu.
买入,Buy,买入,買入,購入,매수,Beli,ซื้อ,Mua,खरीदें,Kaufen,Acheter,Comprar,Comprar,Acquista,Kopen,Kjøp,Köp,Cumpără,Koupit
质押代币,Pledged Token,质押代币,質押代幣,ステーキングトークン,스테이킹 토큰,Token Dijamin,โทเค็นที่ใช้เป็นหลักประกัน,Token Thế chấp,गिरवी रखा गया टोकन,Gestakete Token,Jeton mis en gage,Token em staking,Tokens en staking,Token in staking,Gestorte tokens,Stakede tokens,Stakade tokens,Tokenuri puse în staking,Zastavené tokeny
产出代币,Output Token,产出代币,產出代幣,生成トークン,생성된 토큰,Token Output,โทเค็นที่ได้รับ,Token Đầu ra,आउटपुट टोकन,Ausgegebene Token,Jeton généré,Token gerado,Tokens generados,Token generati,Opbrengst tokens,Uttakstokens,Genererade tokens,Tokenuri generate,Výstupní tokeny
买入基金,Buy Fund,买入基金,買入基金,ファンド購入,펀드 매수,Beli Dana,ซื้อกองทุน,Mua Quỹ,फंड खरीदें,Fonds kaufen,Acheter un fonds,Comprar fundo,Comprar fondo,Acquista fondo,Fonds kopen,Kjøp fond,Köp fond,Cumpără fond,Koupit fond
输入总质押USDT额度,Enter Total Pledged USDT Amount,输入总质押USDT额度,輸入總質押USDT額度,総ステーキングUSDT金額を入力,총 스테이킹 USDT 금액 입력,Masukkan Jumlah USDT Yang Dijamin,กรอกจำนวน USDT ที่ใช้เป็นหลักประกันทั้งหมด,Nhập Tổng Số tiền USDT Thế chấp,कुल गिरवी रखी गई USDT राशि दर्ज करें,Gesamtbetrag an USDT eingeben,Saisir le montant total en USDT,Inserir valor total de USDT,Ingresar monto total en USDT,Inserisci importo totale in USDT,Voer totaal USDT-bedrag in,Skriv inn totalt beløp USDT,Ange total USDT-summa,Introdus suma totală USDT,Zadejte celkové množství USDT
您需支付,You Need to Pay,您需支付,您需支付,お支払い金額,결제 금액,Anda Perlu Bayar,จำนวนเงินที่ต้องชำระ,Bạn cần Thanh toán,आपको भुगतान करना होगा,Zu zahlen,Montant à payer,Você pagará,Debe pagar,Dovrai pagare,Te betalen bedrag,Du må betale,Du måste betala,Va trebui să plătiți,Musíte zaplatit
余额,Balance,余额,餘額,残高,잔액,Baki,ยอดคงเหลือ,Số dư,शेष,Guthaben,Solde,Saldo,Saldo,Saldo,Saldo,Saldo,Saldo,Sold,Saldo
充值,Recharge,充值,充值,チャージ,충전,Isi Semula,เติมเงิน,Nạp tiền,रीचार्ज करें,Aufladen,Recharger,Recarregar,Recargar,Ricarica,Storten,Innskudd,Insättning,Depunere,Dobití
我已阅读,I Have Read,我已阅读,我已閱讀,同意しました,읽었습니다,Saya Telah Baca,ฉันได้อ่าน,Tôi đã đọc,मैंने पढ़ा है,Ich habe gelesen,J’ai lu,Eu li,He leído,Ho letto,Ik heb gelezen,Jeg har lest,Jag har läst,Am citit,Přečetl jsem si
基金投资协议,《Fund Investment Agreement》,《基金投资协议》,《基金投資協議》,《ファンド投資契約》,《펀드 투자 계약》,《Perjanjian Pelaburan Dana》,《ข้อตกลงการลงทุนกองทุน》แล้ว,《Thỏa thuận Đầu tư Quỹ》,《फंड निवेश समझौता》,„Fonds-Investitionsvereinbarung“,« Accord d’investissement du fonds »,“Contrato de investimento do fundo”,“Acuerdo de inversión del fondo”,“Accordo di investimento del fondo”,Beleggingsfonds overeenkomst,Fondsinvesteringsavtale,Investeringsfondsvtal,Contract de investiții în fonduri,Smlouva o investování do fondu
买入周期,Purchase Cycle,买入周期,買入週期,購入期間,매수 주기,Kitaran Pembelian,รอบระยะเวลาการซื้อ,Chu kỳ Mua,खरीद चक्र,Investitionszeitraum,Période d’achat,Ciclo de compra,Ciclo de compra,Ciclo di acquisto,Aankoopcyclus,Kjøpsperiode,Köpsperiod,Ciclul de achiziție,Cyklus nákupu
基金购买,Fund Purchase,基金购买,基金購買,ファンド購入,펀드 매수,Pembelian Dana,การซื้อกองทุน,Mua Quỹ,फंड खरीद,Fondskauf,Achat de fonds,Compra de fundo,Compra de fondo,Acquisto del fondo,Fondsaankoop,Fondskjøp,Fondköp,Achiziție fond,Nákup fondu
购买总额,Total Purchase Amount,购买总额,購買總額,購入総額,총 매수 금액,Jumlah Pembelian,ยอดซื้อทั้งหมด,Tổng Số tiền Mua,कुल खरीद राशि,Gesamtkaufbetrag,Montant total,Valor total de compra,Importe total de compra,Totale dell’investimento,Totaal aankoopbedrag,Totalt kjøpsbeløp,Total köpesumma,Suma totală a achiziției,Celková částka nákupu
支付代币,Payment Token,支付代币,支付代幣,支払いトークン,결제 토큰,Token Pembayaran,โทเค็นที่ใช้ชำระเงิน,Token Thanh toán,भुगतान टोकन,Bezahltoken,Jeton de paiement,Token de pagamento,Token de pago,Token di pagamento,Betalingsmunt,Betalingstoken,Betalt token,Token de plată,Platební token
购买时间,Purchase Time,购买时间,購買時間,購入時間,매수 시간,Masa Pembelian,เวลาที่ซื้อ,Thời gian Mua,खरीद समय,Kaufzeitpunkt,Heure d’achat,Hora de compra,Hora de compra,Ora dell’acquisto,Aankooptijdspunkt,Tidspunkt for kjøp,Köptidpunkt,Timpul achiziției,Čas nákupu
实时到账,Real-time Arrival,实时到账,實時到賬,リアルタイム反映,실시간 정산,Ketibaan Masa Nyata,ถึงมือแบบเรียลไทม์,Đến Thời gian thực,वास्तविक समय आगमन,Echtzeit-Gutschrift,Crédit en temps réel,Crédito em tempo real,Acreditación inmediata,Accredito immediato,Direct bijgeschreven,Umiddelbar overføring,Omedelbart mottagande,Transfer imediat,Připsání v reálném čase
发放时间,Distribution Time,发放时间,發放時間,支給時間,지급 시간,Masa Pengagihan,เวลาการกระจายรายได้,Thời gian Phân phối,वितरण समय,Auszahlungszeit,Heure de distribution,Horário de liberação,Hora de entrega,Ora di distribuzione,Uitbetalingstijd,Vid utbetaling,Utbetalningstid,Timp de plată,Čas výplaty
发放时间p,Distributed every 24h after purchase,买入后每满24h发放一次,買入後每滿24h發放一次,購入後24時間ごとに1回支給,매수 후 24시간마다 1회 정산,Diagih setiap 24 jam selepas pembelian,กระจายรายได้ทุก24ชั่วโมงหลังซื้อ,Phân phối mỗi 24 giờ sau khi mua,खरीद के बाद हर 24 घंटे में वितरित किया जाता है,Ausschüttung alle 24 Stunden nach Kauf,Distribution toutes les 24h après achat,Distribuição a cada 24h após compra,Distribución cada 24h después de la compra,Distribuzione ogni 24h dopo l’acquisto,Elke 24u na aankoop uitbetaling,Utbetales hver 24. time etter kjøp,Betalas ut varje 24h efter köp,Se plătește la fiecare 24h după achiziție,Vyplaceno každých 24 h po nákupu
到账方式,Arrival Method,到账方式,到賬方式,入金方法,입금 방식,Kaedah Ketibaan,วิธีการรับเงิน,Phương thức Đến,आगमन विधि,Gutschriftmethode,Mode de réception,Método de crédito,Método de recepción,Modalità di accredito,Bijschrijvingsmethode,Innbetalingsmåte,Mottagningssätt,Mod de primire,Způsob připsání
最大收益,Maximum Income,最大收益,最大收益,最大収益,최대 수익,Pendapatan Maksimum,รายได้สูงสุด,Thu nhập Tối đa,अधिकतम आय,Maximaler Ertrag,Rendement maximal,Lucro máximo,Ganancia máxima,Rendimento massimo,Maximale opbrengst,Maksimal avkastning,Maximal avkastning,Randament maximální,Maximální výnos
收益规则,Income Rules,收益规则,收益規則,収益ルール,수익 규칙,Peraturan Pendapatan,กฎการรับรายได้,Quy tắc Thu nhập,आय नियम,Ertragsregeln,Règles de rendement,Regras de rendimento,Reglas de rendimiento,Regole sui rendimenti,Opbrengstregels,Avkastningsregler,Avkastningsregler,Reguli de randament,Pravidla výnosu
自动复投功能,Automatic Reinvestment Function,自动复投功能,自動複投功能,自動再投資機能,자동 재투자 기능,Fungsi Pelaburan Semula Automatik,ฟังก์ชันลงทุนซ้ำอัตโนมัติ,Chức năng Tái đầu tư Tự động,स्वचालित पुनर्निवेश कार्य,Automatische Reinvestitionsfunktion,Fonction de réinvestissement automatique,Função de reinvestimento automático,Función de reinversión automática,Funzione di reinvestimento automatico,Automatische herinvestering,Automatisk gjeninvestering,Automatisk återinvestering,Funcție de reinvestire automată,Funkce automatického reinvestování
自动复投功能p,The automatic reinvestment function of the platform makes your investment more convenient and flexible. After the fund matures,平台的自动复投功能，让您投资更加便利与灵活。基金到期后，平台会自动把参与的本金重新投资。开启自动复投功能让资金在更长的时间内复利成长，使投资更有价值。,平台的自動複投功能，讓您投資更加便利與靈活。基金到期後，平台會自動把參與的本金重新投資。開啟自動複投功能讓資金在更長的時間內複利成長，使投資更有價值。,プラットフォームの自動再投資機能で、より便利かつ柔軟な投資が可能に。ファンド満期後、元本は自動的に再投資されます。長期的な複利成長を実現し、投資価値を高めます。,플랫폼 자동 재투자 기능으로 더욱 편리하고 유연한 투자를 경험하세요. 펀드 만기 시 원금을 자동 재투자되어 장기 복리 성장을 실현합니다.,Fungsi pelaburan semula automatik platform menjadikan pelaburan anda lebih mudah dan fleksibel. Selepas dana matang,ระบบลงทุนซ้ำอัตโนมัติของแพลตฟอร์มทำให้การลงทุนสะดวกและยืดหยุ่นมากขึ้น เมื่อกองทุนครบกำหนด,Chức năng tái đầu tư tự động của nền tảng giúp khoản đầu tư của bạn tiện lợi và linh hoạt hơn. Sau khi quỹ đáo hạn,प्लेटफ़ॉर्म का स्वचालित पुनर्निवेश कार्य आपके निवेश को अधिक सुविधाजनक और लचीला बनाता है। फंड परिपक्व होने के बाद,Die automatische Reinvestitionsfunktion der Plattform macht das Investieren bequemer und flexibler. Nach Ablauf des Fonds wird das Kapital automatisch reinvestiert.,"La fonction de réinvestissement automatique rend vos investissements plus pratiques et flexibles. À l’échéance, le capital est réinvesti automatiquement.","A função automática de reinvestimento torna o investimento mais conveniente e flexível. Ao final do ciclo, o capital é reinvestido automaticamente.","La función automática de reinversión facilita y flexibiliza su inversión. Al vencer el fondo, el capital se reinvierte automáticamente.","La funzione automatica di reinvestimento rende l’investimento più semplice e flessibile. Alla scadenza del fondo, il capitale viene reinvestito automaticamente.",De automatische herinvesteringsfunctie van het platform maakt investeren gemakkelijker en flexibeler. Bij afloop van het fonds wordt het oorspronkelijke bedrag automatisch opnieuw geïnvesteerd. Door deze functie te activeren groeit uw kapitaal door samengestelde rente over een langere periode.,Plattformens automatiske gjeninvesteringsfunksjon gjør investering mer praktisk og fleksibel. Ved forfall vil plattformen automatisk reinvestere hovedstolen. Ved å aktivere denne funksjonen får pengene vokse over tid.,Plattformens automatiska återinvesteringsfunktion gör investeringar enklare och mer flexibla. När fonden löper ut återinvesteras kapitalet automatiskt. Aktivering av funktionen gör att dina medel växer genom ränta-på-ränta över tid.,"Funcția de reinvestire automată a platformei oferă flexibilitate și comoditate. La expirarea fondului, capitalul este reinvestit automat. Activarea acesteia permite creșterea capitalului prin dobândă compusă.",Automatická reinvestiční funkce platformy zjednodušuje a zpřístupňuje investování. Po splatnosti fondu bude počáteční částka automaticky znovu investována. Aktivací této funkce se vaše prostředky budou dále zhodnocovat složeným úrokem.
购买记录,Purchase Record,购买记录,購買記錄,購入履歴,구매 내역,Rekod Pembelian,บันทึกการซื้อ,Lịch sử Mua,खरीद रिकॉर्ड,Kaufverlauf,Historique d’achats,Histórico de compras,Historial de compras,Cronologia acquisti,Aankoopgeschiedenis,Kjøpshistorikk,Köphistorik,Istoric achiziții,Záznamy o nákupech
投资中,Investing,投资中,:投資中,投資中,투자 중,Sedang Melabur,กำลังลงทุน,Đang Đầu tư,निवेश,Investiert,En cours d’investissement,Em investimento,En inversión,In corso d’investimento,In investering,Inn i investering,I pågående investering,În curs de investiție,V investici
到期时间,Maturity Time,到期时间,到期時間,満期時間,만기 시간,Masa Matang,เวลาครบกำหนด,Thời gian Đáo hạn,परिपक्वता समय,Ablaufzeitpunkt,Date d’échéance,Data de vencimento,Fecha de vencimiento,Data di scadenza,Vervaltijd,Utløpstid,Förfallotid,Timp de expirare,Doba splatnosti
最大收益进度,Maximum Income Progress,最大收益进度,最大收益進度,最大収益の進捗,최대 수익 진행률,Kemajuan Pendapatan Maksimum,ความคืบหน้ารายได้สูงสุด,Tiến độ Thu nhập Tối đa,अधिकतम आय प्रगति,Fortschritt zum maximalen Ertrag,Progression vers le rendement max.,Progresso até lucro máximo,Progreso hacia la ganancia máxima,Avanzamento verso il rendimento massimo,Voortgang naar maximale opbrengst,Fremgang mot maksimal avkastning,Framsteg mot maximal avkastning,Progres spre randamentul maximální,Postup k maximálnímu výnosu
提醒复投,*The current investment is about to meet the maximum income,*当前投资即将满足最大收益，建议开启自动复投按钮,*當前投資即將滿足最大收益，建議開啟自動複投按鈕,*現在の投資は最大収益に近づいています。自動再投資の有効化をおすすめします。,*현재 투자 금액이 최대 수익에 도달하려 하므로 자동 재투자 기능을 활성화하는 것을 권장합니다,*Pelaburan semasa akan mencapai pendapatan maksimum,*การลงทุนปัจจุบันใกล้ถึงรายได้สูงสุดแล้ว,*Khoản đầu tư hiện tại sắp đạt thu nhập tối đa,*वर्तमान निवेश अधिकतम आय को पूरा करने वाला है,*Ihr Investment nähert sich dem maximalen Ertrag – Aktivieren Sie die automatische Reinvestition,*Investissement proche du rendement maximal – Activez la réinvest. automatique,*Investimento quase no lucro máximo – Ative reinvestimento automático,*Su inversión está cerca del beneficio máximo – Active la reinversión automática,*L’investimento è vicino al rendimento massimo – Si consiglia attivare il reinvestimento automatico,*Uw investering nadert het maximale rendement. Activeer automatische herinvestering.,*Investeringen dine nærmer seg maksimal avkastning. Aktiver gjeninvestering.,*Din investering är nära max avkastning. Aktivera återinvestering.,*Investiția se apropie de randament maxim. Activați reinvestirea automată.,*Vaše investice se blíží maximálnímu výnosu. Aktivujte automatickou reinvestici.
自动复投,Automatic Reinvestment,自动复投,自動複投,自動再投資,자동 재투자,Pelaburan Semula Automatik,ลงทุนซ้ำอัตโนมัติ,Tái đầu tư Tự động,स्वचालित पुनर्निवेश,Automatisch reinvestieren,Réinvestissement automatique,Reinvestimento automático,Reinversión automática,Reinvestimento automatico,Automatisch herinvesteren,Automatisk gjeninvestering,Automatisk återinvestering,Reinvestire automată,Automatická reinvestice
投资总额,Total Investment,投资总额,投資總額,総投資額,총 투자 금액,Jumlah Pelaburan,ยอดลงทุนรวม,Tổng Đầu tư,कुल निवेश,Gesamtinvestition,Montant total investi,Total investido,Monto total invertido,Totale investito,Totale investeringstegoed,Totalt investeringsbeløp,Total investeringssum,Suma totală investită,Celková investovaná částka
今日收益,Today's Income,今日收益,今日收益,本日の収益,오늘의 수익,Pendapatan Hari Ini,รายได้วันนี้,Thu nhập Hôm nay,आज की आय,Ertrag heute,Gain d’aujourd’hui,Ganho de hoje,Ganancia de hoy,Guadagno odierno,Opbrengst vandaag,Dagens avkastning,Dagens vinst,Câștigul de azi,Dnešní výnos
昨日收益,Yesterday's Income,昨日收益,昨日收益,昨日の収益,어제의 수익,Pendapatan Semalam,รายได้เมื่อวาน,Thu nhập Hôm qua,कल की आय,Ertrag gestern,Gain d’hier,Ganho de ontem,Ganancia de ayer,Guadagno di ieri,Opbrengst gisteren,Gårsdagens avkastning,Gårdagens vinst,Câștigul de ieri,Včerejší výnos
已获取收益,Income Received,已获取收益,已獲取收益,取得済み収益,누적 수익,Pendapatan Diterima,รายได้ที่ได้รับแล้ว,Thu nhập Đã nhận,प्राप्त आय,Erhaltener Ertrag,Rendement obtenu,Lucro obtido,Ganancia obtenida,Guadagno ottenuto,Gerealiseerde opbrengst,Mottatt avkastning,Mottagna vinster,Câștiguri obținute,Získané výnosy
投资收益,Investment Income,投资收益,投資收益,投資収益,투자 수익,Pendapatan Pelaburan,รายได้จากการลงทุน,Thu nhập Đầu tư,निवेश आय,Investitionsertrag,Rendement de l’investissement,Retorno do investimento,Rendimiento de inversión,Rendimento dell’investimento,Investeringsopbrengst,Investeringsinntekt,Investeringsavkastning,Randament investiție,Výnos z investice
个人基金投资额,Personal Fund Investment Amount,个人基金投资额,個人基金投資額,個人ファンド投資額,개인 펀드 투자액,Jumlah Pelaburan Dana Peribadi,ยอดลงทุนกองทุนส่วนบุคคล,Số tiền Đầu tư Cá nhân vào Quỹ,व्यक्तिगत फंड निवेश राशि,Persönliches Fondsinvest,Investissement personnel en fonds,Investimento pessoal em fundo,Inversión personal en fondos,Investimento personale in fondi,Persoonlijke fondsinvestering,Personlig fondsinvestering,Personlig fondsinvestering,Investiție personală în fondy,Osobní investice do fondu
已提取收益,Withdrawn Income,已提取收益,已提取收益,引き出し済み収益,출금한 수익,Pendapatan Dikeluarkan,รายได้ที่ถอนแล้ว,Thu nhập Đã rút,निकाली गई आय,Ausgeschütteter Ertrag,Rendement retiré,Lucro retirado,Ganancia retirada,Guadagno ritirato,Opgenomen opbrengst,Uttatte gevinster,Uttagna vinster,Randamente retrase,Vybrané výnosy
未提取收益,Unwithdrawn Income,未提取收益,未提取收益,未引き出し収益,미출금 수익,Pendapatan Belum Dikeluarkan,รายได้ที่ยังไม่ได้ถอน,Thu nhập Chưa rút,निकाली नहीं गई आय,Nicht abgehobener Ertrag,Rendement non retiré,Lucro não retirado,Ganancia no retirada,Guadagno non ritirato,Opbrengst nog niet opgenomen,Ikke uttatt gevinst,Ej uttagna vinster,Randamente nerevendicate,Nevybrané výnosy
基金投资总收益,Total Fund Investment Income,基金投资总收益,基金投資總收益,ファンド投資総収益,펀드 투자 총 수익,Jumlah Pendapatan Pelaburan Dana,ยอดรวมรายได้จากกองทุน,Tổng Thu nhập Đầu tư Quỹ,कुल फंड निवेश आय,Gesamtertrag aus Fondsinvestitionen,Rendement total du fonds,Ganho total de investimento em fundo,Ganancia total de fondos,Guadagno totale da fondi,Totale fondsopbrengst,Totalt fondsavkastning,Total fondsvinst,Randament total al fondului,Celkový výnos z fondu
昨日投资收益,Yesterday's Investment Income,昨日投资收益,昨日投資收益,昨日のファンド収益,어제의 펀드 수익,Pendapatan Pelaburan Semalam,รายได้จากการลงทุนเมื่อวาน,Thu nhập Đầu tư Hôm qua,कल की निवेश आय,Investitionsertrag gestern,Rendement des investissements d’hier,Ganho de investimento de ontem,Rendimiento de inversión de ayer,Guadagno da investimenti di ieri,Gisteren fondsopbrengst,Gårsdagens fondsavkastning,Gårdagens fondsvinst,Câștig fond de ieri,Včerejší výnos z fondu
提取收益,Withdraw Income,提取收益,提取收益,収益を引き出す,수익 출금,Keluarkan Pendapatan,ถอนรายได้,Rút Thu nhập,आय निकालें,Ertrag abheben,Retirer le rendement,Retirar lucro,Retirar ganancia,Ritira il rendimento,Opbrengst opnemen,Uttak gevinst,Uttag vinst,Retragere câștigů,Vybrat výnos
收益明细,Income Details,收益明细,收益明細,収益明細,수익 상세내역,Butiran Pendapatan,รายละเอียดรายได้,Chi tiết Thu nhập,आय विवरण,Ertragsübersicht,Détails des gains,Detalhes de rendimentos,Detalles de ganancias,Dettagli rendimenti,Opbrengstdetails,Avkastningsdetaljer,Detaljerad vinst,Detalii câștigů,Podrobnosti výnosu
已发放,Distributed,已发放,已發放,支給済み,지급 완료,Diagihkan,กระจายรายได้แล้ว,Đã Phân phối,वितरित,Bereits ausgezahlt,Déjà versé,Já distribuído,Ya entregado,Già erogato,Uitgekeerd,Utbetalt,Utbetalt,Plătit,Vyplaceno
已提取,Withdrawn,已提取,已提取,出金済み,출금 완료,Dikeluarkan,ถอนแล้ว,Đã Rút,निकाली गई,Bereits abgehoben,Déjà retiré,Já retirado,Ya retirado,Già ritirato,Reeds opgenomen,Allerede tatt ut,Redan uttaget,Deja retras,Získáno
基金类型,Fund Type,基金类型,基金類型,ファンドタイプ,펀드 종류,Jenis Dana,ประเภทกองทุน,Loại Quỹ,फंड प्रकार,Fondstyp,Type de fonds,Tipo de fundo,Tipo de fondo,Tipo di fondo,Fondstype,Fondstype,Fondtyp,Tip de fond,Typ fondu
发放金额,Distribution Amount,发放金额,發放金額,支給金額,지급 금액,Jumlah Pengagihan,จำนวนที่กระจาย,Số tiền Phân phối,वितरण राशि,Auszahlungsbetrag,Montant versé,Valor distribuído,Monto entregado,Importo erogato,Uitgekeerd bedrag,Utbetalt beløp,Utbetalat belopp,Suma plătită,Vyplacená částka
预计到账,Estimated Arrival,预计到账,預計到賬,予定入金,예상 입금,Anggaran Ketibaan,ประมาณการถึงมือ,Dự kiến Đến,अनुमानित आगमन,Voraussichtliche Gutschrift,Crédit prévu,Crédito estimado,Crédito estimado,Accredito previsto,Geschatte ontvangsttijd,Estimert mottakstid,Beräknad ankomst,Timp estimat pentru primire,Očekávaný čas přijetí
提取数量,Withdrawal Quantity,提取数量,提取數量,出金数量,출금 수량,Kuantiti Pengeluaran,จำนวนที่ถอน,Số lượng Rút,निकासी मात्रा,Abhebebetrag,Montant à retirer,Quantidade a retirar,Cantidad a retirar,Quantità da ritirare,Opnamebedrag,Uttaksbeløp,Uttagsbelopp,Sumă retrasă,Částka k výběru
手续费,Handling Fee,手续费,手續費,手数料,수수료,Yuran Pemprosesan,ค่าธรรมเนียมการดำเนินการ,Phí Xử lý,हैंडलिंग शुल्क,Gebühr,Frais,Taxa,Comisión,Commissione,Transactiekosten,Transaksjonsgebyr,Transaktionsavgift,Comision taxă,Poplatek
累计奖励,Accumulated Rewards,累计奖励,累計獎勵,累計報酬,누적 보상,Ganjaran Terkumpul,รางวัลสะสม,Phần thưởng Tích lũy,संचित पुरस्कार,Gesamtprämie,Récompense cumulée,Recompensa acumulada,Recompensa acumulada,Premio cumulativo,Totale beloning,Akkumulert belønning,Ackumulerad belöning,Recompensă acumulată,Kumulovaná odměna
昨日VIP奖励,Yesterday's VIP Reward,昨日VIP奖励,昨日VIP獎勵,昨日のVIP報酬,어제의 VIP 보상,Ganjaran VIP Semalam,รางวัล VIP เมื่อวาน,Phần thưởng VIP Hôm qua,कल का वीआईपी पुरस्कार,VIP-Prämie gestern,Récompense VIP d’hier,Bônus VIP de ontem,Recompensa VIP de ayer,Premio VIP di ieri,Gisteren VIP-bonus,Gårsdagens VIP-belønning,Gårdagens VIP-belöning,Bonus VIP de ieri,Včerejší VIP odměna
奖励明细,Reward Details,奖励明细,獎勵明細,報酬明細,보상 상세,Butiran Ganjaran,รายละเอียดรางวัล,Chi tiết Phần thưởng,पुरस्कार विवरण,Prämienübersicht,Détails des récompenses,Detalhes de recompensas,Detalles de recompensas,Dettagli del premio,Beloningsdetails,Detaljer om belønning,Bonusdetaljer,Detalii recompensă,Podrobnosti odměn
奖励状态,Reward Status,奖励状态,獎勵狀態,報酬ステータス,보상 상태,Status Ganjaran,สถานะรางวัล,Trạng thái Phần thưởng,पुरस्कार स्थिति,Prämienstatus,Statut de la récompense,Status da recompensa,Estado de la recompensa,Stato del premio,Beloningsstatus,Belønningsstatus,Bonusstatus,Stare recompensă,Stav odměny
奖励类型,Reward Type,奖励类型,獎勵類型,報酬タイプ,보상 종류,Jenis Ganjaran,ประเภทรางวัล,Loại Phần thưởng,पुरस्कार प्रकार,Prämienart,Type de récompense,Tipo de recompensa,Tipo de recompensa,Tipo di premio,Beloningstype,Belønningstype,Bonustyp,Tip de recompensă,Typ odměny
币权奖励,Token Rights Reward,币权奖励,幣權獎勵,トークン配当報酬,토큰 권익 보상,Ganjaran Hak Token,รางวัลสิทธิโทเค็น,Phần thưởng Quyền Token,टोकन अधिकार पुरस्कार,Tokenrechte-Prämie,Récompense en droits tokens,Recompensa de direitos de token,Recompensa de derechos de token,Premio in diritti di token,Tokenrechtenbonus,Tokenbelønning,Tokenbelöning,Bonus drepturi tokenů,Odměna za práva tokenu
奖励金额,Reward Amount,奖励金额,獎勵金額,報酬金額,보상 금액,Jumlah Ganjaran,จำนวนรางวัล,Số lượng Phần thưởng,पुरस्कार राशि,Prämienbetrag,Montant de la récompense,Valor da recompensa,Monto de la recompensa,Importo premio,Beloningsbedrag,Belønningsbeløp,Bonusbelopp,Sumă recompensă,Výše odměny
暂无数据,No Data,暂无数据,暫無數據,データなし,데이터 없음,Tiada Data,ไม่มีข้อมูล,Không có Dữ liệu,कोई डेटा नहीं,Keine Daten verfügbar,Aucune donnée disponible,Nenhum dado disponível,No hay datos disponibles,Nessun dato disponibile,Geen gegevens beschikbaar,Ingen data tilgjengelig,Inga data tillgängliga,Nu există date,K dispozici nejsou žádná data
获取资产列表失败,Failed to Get Asset List,获取资产列表失败,獲取資產列表失敗,資産リストの取得に失敗しました,자산 목록 불러오기 실패,Gagal Mendapatkan Senarai Aset,ดึงรายการสินทรัพย์ไม่สำเร็จ,Không thể lấy Danh sách Tài sản,एसेट सूची प्राप्त करने में विफल रहा,Abrufen der Vermögensliste fehlgeschlagen,Échec de récupération de la liste des actifs,Falha ao obter lista de ativos,Error al obtener lista de activos,Impossibile recuperare lista degli asset,Kan activalijst niet ophalen,Mislyktes å hente aktivaliste,Misslyckades med att hämta tillgångslista,Eroare la preluarea listei de active,Chyba při načítání seznamu aktiv
质押金额不能低于,The pledge amount cannot be less than {n},质押金额不能低于{n},質押金額不能低於{n},ステーキング金額は{n}以上でなければなりません,스테이킹 금액은 {n} 이상이어야 합니다,Jumlah gadaian tidak boleh kurang daripada {n},จำนวนหลักประกันต้องไม่น้อยกว่า {n},Số tiền thế chấp không được dưới {n},गिरवी रखी गई राशि {n} से कम नहीं हो सकती,Der Einsatzbetrag darf {n} nicht unterschreiten,Le montant de l’engagement ne peut être inférieur à {n},O valor de staking não pode ser inferior a {n},El monto de staking no puede ser inferior a {n},L’importo del pledge non può essere inferiore a {n},Inzetbedrag mag niet lager zijn dan {n},Pantbeløpet må være minst {n},Insatsbeloppet får inte vara lägre än {n},Suma investită nu poate fi mai mică de {n},Částka nesmí být nižší než {n}
请先同意协议,Please agree to the agreement first,请先同意协议,請先同意協議,まずは規約に同意してください,약관에 먼저 동의해 주세요,Sila setujui perjanjian terlebih dahulu,กรุณายอมรับข้อตกลงก่อน,Vui lòng đồng ý với thỏa thuận trước,कृपया पहले समझौते से सहमत हों,Bitte stimmen Sie zuerst der Vereinbarung zu,Veuillez d’abord accepter l’accord,"Por favor, aceite o contrato primeiro","Por favor, acepte el acuerdo primero",Si prega di accettare prima l’accordo,Ga akkoord met de overeenkomst,Godta avtalen først,Godkänn avtalet först,Vă rugăm să acceptați mai întâi acordul,Nejprve souhlasíte se smlouvou
请输入质押额度,Please enter the pledge amount,请输入质押额度,請輸入質押額度,ステーキング金額を入力してください,스테이킹 금액을 입력해 주세요,Sila masukkan jumlah gadaian,กรุณากรอกจำนวนหลักประกัน,Vui lòng nhập số tiền thế chấp,कृपया गिरवी रखी गई राशि दर्ज करें,Bitte Einsatzbetrag eingeben,Veuillez entrer le montant à engager,Insira o valor de staking,Ingrese el monto a invertir,Inserisci importo da investire,Voer inzetbedrag in,Angi investeringsbeløp,Ange insatsbelopp,Introduceți suma de investit,Zadejte částku k investici
基金型号,Fund Model,基金型号,基金型號,ファンドモデル,펀드 모델,Model Dana,รูปแบบกองทุน,Mô hình Quỹ,फंड मॉडल,Fondsmodell,Modèle de fonds,Modelo de fundo,Modelo de fondo,Modello del fondo,Fondstype,Modell av fond,Fondmodell,Model fond,Typ fondu
处理中,Processing,处理中,處理中,処理中,처리 중,Sedang Diproses,กำลังดำเนินการ,Đang xử lý,प्रसंस्करण,Wird bearbeitet,En cours de traitement,Em processamento,En proceso,In elaborazione,In behandeling,Behandles,Behandlas,În proces,Zpracovává se
:投资中,:Investing,:投资中,undefined,投資中,투자 중,Sedang Melabur,:กำลังลงทุน,:Đang Đầu tư,:निवेश,:Investiert,:En cours d’investissement,:Em investimento,:En inversión,:In corso d’investimento,In investering,I investering,I investering,În curs de investiție,V investici
已到期,Matured,已到期,已到期,満期済み,만기 완료,Telah Matang,ครบกำหนดแล้ว,Đã Đáo hạn,परिपक्व,Abgelaufen,Expiré,Expirado,Vencido,Scaduto,Vervallen,Har utløpt,Har förfallit,Expirat,Expirace
已赎回,Redeemed,已赎回,已贖回,償還済み,상환 완료,Telah Ditebus,ไถ่ถอนแล้ว,Đã Chuộc lại,भुनाया गया,Eingelöst,Racheté,Resgatado,Canjeado,Riscattato,Ingelost,Innløst,Inlöst,Răscumpărat,Vyplaceno
已取消,Cancelled,已取消,已取消,キャンセル済み,취소 완료,Dibatalkan,ยกเลิกแล้ว,Đã Hủy,रद्द किया गया,Abgebrochen,Annulé,Cancelado,Cancelado,Annullato,Geannuleerd,Avbrutt,Avbruten,Anulat,Zrušeno
复投中,Reinvesting,复投中,複投中,再投資中,재투자 중,Sedang Melabur Semula,กำลังลงทุนซ้ำ,Đang tái đầu tư,पुनर्निवेश जारी है,Wird reinvestiert,Réinvestissement en cours,Em reinvestimento,En reinversión,In reinvestimento,Wordt herbelegd,Gjeninvesteres,Återinvesteras,Se reinvestește,Znovu investováno
操作成功,Operation Successful,操作成功,操作成功,操作成功,작업이 성공했습니다,Operasi Berjaya,ดำเนินการสำเร็จ,Hoạt động Thành công,ऑपरेशन सफल,Aktion erfolgreich,Opération réussie,Operação bem-sucedida,Operación exitosa,Operazione riuscita,Bewerking geslaagd,Handlingen var vellykket,Åtgärden lyckades,Operațiune reușită,Operace úspěšná
币权奖励p,The token rights coefficient is {n},代币权益系数为{n}，享受平台每日代币分红,代幣權益係數為{n}，享受平台每日代幣分紅,トークン権益係数は{n}、プラットフォームの毎日のトークン配当に参加できます,"토큰 권익 계수는 {n}이며, 플랫폼의 일일 토큰 배당을 받을 수 있습니다",Pekali hak token ialah {n},ค่าสัมประสิทธิ์สิทธิโทเค็นคือ {n},Hệ số quyền token là {n},टोकन अधिकार गुणांक {n} है,"Token-Rechtefaktor ist {n}, tägliche Dividende verfügbar","Coefficient des droits token: {n}, dividendes quotidiens","Coeficiente de direito do token: {n}, dividendos diários","Coeficiente de derechos del token: {n}, dividendos diarios","Coefficiente diritti token: {n}, dividendi giornalieri","Tokenrendementscoëfficiënt is {n}, geniet van dagelijkse tokenbonus","Verdienskoeffisienten er {n}, nyt daglig tokenbonus","Tokenavkastningskoefficienten är {n}, njut av dagliga utdelningar","Coeficientul de drepturi token este {n}, bucură-te de bonus zilnic","Koeficient tokenových práv je {n}, užívejte si denní dividendy"
领取奖励,Receive Rewards,领取奖励,領取獎勵,報酬を受け取る,보상 받기,Terima Ganjaran,รับรางวัล,Nhận Phần thưởng,पुरस्कार प्राप्त करें,Belohnung abholen,Réclamer la récompense,Resgatar recompensa,Reclamar recompensa,Riscatta ricompensa,Beloning innen,Hent belønning,Hämta belöning,Ridică recompensa,Získat odměnu
VIP计划,VIP Plan,VIP计划,VIP計劃,VIPプログラム,VIP 프로그램,Pelan VIP,แผน VIP,Kế hoạch VIP,वीआईपी योजना,VIP-Programm,Programme VIP,Plano VIP,Programa VIP,Programma VIP,VIP-plan,VIP-program,VIP-program,VIP-plan,Plán VIP
昨日币权奖励,Yesterday's Token Rights Reward,昨日币权奖励,昨日幣權獎勵,昨日のトークン権益報酬,어제의 토큰 권익 보상,Ganjaran Hak Token Semalam,รางวัลสิทธิโทเค็นเมื่อวาน,Phần thưởng Quyền Token Hôm qua,कल का टोकन अधिकार पुरस्कार,Tokenprämie gestern,Récompense de token d’hier,Recompensa de token de ontem,Recompensa de token de ayer,Premio token di ieri,Gisteren tokenbonus,Gårsdagens tokenbelønning,Gårdagens tokenbonus,Bonus de ieri pentru tokenuri,Včerejší tokenová odměna
币权累计,Token Rights Accumulated,币权累计,幣權累計,累計トークン権益,누적 토큰 권익,Hak Token Terkumpul,สิทธิโทเค็นสะสม,Quyền Token Tích lũy,संचित टोकन अधिकार,Tokenrechte gesamt,Droits token cumulés,Direitos de token acumulados,Derechos de token acumulados,Diritti token accumulati,Tokenopbouw,Akkumulerte tokens,Tokenackumulering,Tokenuri acumulate,Akkumulace tokenů
没有可提取的收益,No Withdrawable Income,没有可提取的收益,沒有可提取的收益,引き出し可能な収益はありません,출금 가능한 수익이 없습니다,Tiada Pendapatan Boleh Keluar,ไม่มีรายได้ที่ถอนได้,Không có Thu nhập Có thể Rút,कोई निकासी योग्य आय नहीं,Kein auszahlbarer Ertrag,Aucun gain à retirer,Nenhum lucro disponível,Sin ganancias disponibles,Nessun guadagno prelevabile,Geen opneembare opbrengst,Ingen uttakbar gevinst,Inga uttagbara vinster,Nu există câștiguri de retras,Žádný zisk k výběru
没有可领取得奖励,No Claimable Rewards,没有可领取得奖励,沒有可領取的獎勵,受け取れる報酬はありません,수령 가능한 보상이 없습니다,Tiada Ganjaran Boleh Dituntut,ไม่มีรางวัลที่รับได้,Không có Phần thưởng Có thể Yêu cầu,कोई दावा योग्य पुरस्कार नहीं,Keine verfügbare Belohnung,Aucune récompense à réclamer,Nenhuma recompensa disponível,Sin recompensas disponibles,Nessuna ricompensa disponibile,Geen beschikbare beloningen,Ingen tilgjengelige belønninger,Inga tillgängliga belöningar,Nu există recompense de revendicat,Nejsou k dispozici žádné odměny
您已达成最高等级,You Have Reached the Highest Level,您已达成最高等级,您已達成最高等級,最高ランクに到達しました,최고 등급을 달성하셨습니다,Anda Telah Mencapai Tahap Tertinggi,คุณถึงระดับสูงสุดแล้ว,Bạn Đã Đạt Cấp Độ Cao Nhất,आप उच्चतम स्तर पर पहुंच गए हैं,Höchste Stufe erreicht,Niveau maximum atteint,Você alcançou o nível máximo,Has alcanzado el nivel máximo,Hai raggiunto il livello massimo,U heeft het hoogste niveau bereikt,Du har nådd høyeste nivå,Du har nått högsta nivå,Ai atins cel mai înalt nivel,Dosáhli jste nejvyšší úrovně
ai嗨,Hi! I'm your AI assistant,嗨！我是你的AI小助手,嗨！我是你的AI小助手,こんにちは！私はあなたのAIスマートアシスタントです,안녕하세요! 저는 당신의 AI 스마트 도우미입니다,Hi! Saya pembantu AI anda,สวัสดี! ฉันคือผู้ช่วย AI ของคุณ,Xin chào! Tôi là trợ lý AI của bạn,नमस्ते! मैं आपकी एआई सहायक हूँ,Hallo! Ich bin dein AI-Assistent,Salut ! Je suis ton assistant IA,Oi! Sou seu assistente de IA,¡Hola! Soy tu asistente de IA,Ciao! Sono il tuo assistente AI,Hoi! Ik ben je AI-assistent,Hei! Jeg er din AI-assistent,Hej! Jag är din AI-assistent,Bună! Sunt asistentul tău AI,Ahoj! Jsem váš AI asistent
ai介绍,Your intelligent assistant,你身边的智能助手，可以帮你搜索商品、答疑、写作等、去输入你的问题吧,你身邊的智能助手，可以幫你搜索商品、答疑、寫作等、去輸入你的問題吧,商品検索、質問回答、文章作成などをサポートするインテリジェントアシスタントです。気になることを入力してみてください,"항상 곁에 있는 지능형 비서로, 상품 검색, 질문 답변, 글쓰기 등을 도와드릴 수 있습니다. 궁금한 것을 입력해 보세요",Pembantu pintar anda,ผู้ช่วยอัจฉริยะของคุณ,Trợ lý thông minh của bạn,आपकी बुद्धिमान सहायक,"Dein smarter Helfer für Produktsuche, Fragen, Texte uvm.","Votre assistant intelligent pour tout : recherche, questions, rédaction","Seu assistente para busca, dúvidas, redação, etc.","Tu asistente para buscar productos, responder dudas, escribir, etc.","Il tuo assistente per ricerche, domande, scrittura e altro","Je slimme assistent die helpt bij zoeken, vragen en schrijven – stel je vraag!","Din smarte assistent kan hjelpe deg med søk, svar og skriving – spør i vei!","Din smarta assistent kan hjälpa dig söka, svara, skriva – skriv din fråga!","Asistentul tău inteligent te poate ajuta cu căutări, întrebări, scriere – pune întrebarea ta!","Váš chytrý asistent vám pomůže s hledáním, odpověďmi a psaním – zeptejte se!"
你可以这样问,You Can Ask Like This,你可以这样问,你可以這樣問,以下のように質問できます,이렇게 물어보실 수 있습니다,Anda Boleh Bertanya Seperti Ini,คุณสามารถถามแบบนี้ได้,Bạn có thể hỏi như thế này,आप ऐसे पूछ सकते हैं,Du kannst so fragen,Vous pouvez demander ainsi,Você pode perguntar assim,Puedes preguntar así,Puoi chiedere così,Je kunt bijvoorbeeld vragen:,Du kan spørre slik:,Du kan fråga så här:,Poți întreba astfel:,Můžete se zeptat například:
问题1,What is your xxxx?,你们的xxxx是什么？,你們的xxxx是什麼？,御社のxxxxとは何ですか？,귀사의 xxxx는 무엇인가요?,Apakah xxxx anda?,xxxx ของคุณคืออะไร?,Cái gì là xxxx của bạn?,आपका xxxx क्या है?,Was ist euer xxxx?,Qu’est-ce que votre xxxx ?,O que é o seu xxxx?,¿Qué es su xxxx?,Cos’è il vostro xxxx?,Wat is jullie xxxx?,Hva er deres xxxx?,Vad är er xxxx?,Ce este xxxx-ul vostru?,Co je vaše xxxx?
问题2,Which API platform do you connect to?,你们是接入哪家API平台？,你們是接入哪家API平台？,どのAPIプラットフォームと連携していますか？,어떤 API 플랫폼과 연동되어 있나요?,Platform API mana yang anda sambungkan?,คุณเชื่อมต่อกับแพลตฟอร์ม API ใด?,Bạn kết nối với nền tảng API nào?,आप किस एपीआई प्लेटफॉर्म से जुड़ते हैं?,Mit welcher API-Plattform seid ihr verbunden?,Quelle plateforme API utilisez-vous ?,Qual plataforma de API vocês usam?,¿Con qué plataforma API están integrados?,Quale piattaforma API utilizzate?,Met welk API-platform zijn jullie verbonden?,Hvilken API-plattform bruker dere?,Vilken API-plattform är ni anslutna till?,Cu ce platformă API sunteți integrați?,S jakou API platformou jste propojeni?
余额不足请充值,Insufficient balance,余额不足请充值,餘額不足請充值,残高が不足しています。チャージしてください,잔액이 부족합니다. 충전해 주세요,Baki tidak mencukupi,ยอดคงเหลือไม่เพียงพอ,Số dư không đủ,अपर्याप्त शेष राशि,"Guthaben unzureichend, bitte aufladen","Solde insuffisant, veuillez recharger","Saldo insuficiente, recarregue","Saldo insuficiente, recargue","Saldo insufficiente, ricaricare","Onvoldoende saldo, graag opwaarderen","Utilstrekkelig saldo, vennligst fyll på","Otillräckligt saldo, vänligen fyll på","Saldo insuficient, vă rugăm să încărcați fonduri","Nedostatečný zůstatek, dobijte prosím"
请先选择链,Please select the chain first,请先选择链,請先選擇鏈,まずチェーンを選択してください,먼저 체인을 선택해 주세요,Sila pilih rantai terlebih dahulu,กรุณาเลือกเครือข่ายก่อน,Vui lòng chọn chuỗi trước,कृपया पहले श्रृंखला का चयन करें,Bitte wählen Sie zuerst die Chain,Veuillez d’abord choisir le réseau,Selecione a rede primeiro,Selecciona la red primero,Seleziona prima la rete,Kies eerst een keten,Vennligst velg en kjede først,Vänligen välj en kedja,Vă rugăm să selectați mai întâi lanțul,Nejprve vyberte síť
平级奖励,Peer-level Reward,平级奖励,平級獎勵,同格報酬,동일 등급 보상,Ganjaran Setara,รางวัลระดับเดียวกัน,Phần thưởng ngang cấp,सहकर्मी-स्तरीय इनाम,Belohnung auf gleicher Ebene,Récompense de même niveau,Bônus do mesmo nível,Recompensa de mismo nivel,Ricompensa di pari livello,Gelijk niveau beloning,Belønning for samme nivå,Belöning på samma nivå,Recompensă de același nivel,Odměna za stejnou úroveň
基金购买直推奖励,Direct Referral Reward for Fund Purchase,基金购买直推奖励,基金購買直推獎勵,ファンド購入の直接紹介報酬,펀드 구매 직접 추천 보상,Ganjaran Rujukan Langsung untuk Pembelian Dana,รางวัลการแนะนำโดยตรงสำหรับการซื้อกองทุน,Phần thưởng Giới thiệu Trực tiếp khi Mua Quỹ,निधि खरीद के लिए सीधा रेफरल इनाम,Direktprämie bei Fondskauf,Récompense directe sur fonds,Bônus direto de compra de fundo,Recompensa directa por compra,Bonus diretto per acquisto,Directe bonus bij fondsaankoop,Direkte bonus for fondsinnkjøp,Bonus vid direkt fondsköp,Bonus direct pentru achiziție fond,Bonus za přímý nákup fondu
基金购买间推奖励,Indirect Referral Reward for Fund Purchase,基金购买间推奖励,基金購買間推獎勵,ファンド購入の間接紹介報酬,펀드 구매 간접 추천 보상,Ganjaran Rujukan Tidak Langsung untuk Pembelian Dana,รางวัลการแนะนำอ้อมสำหรับการซื้อกองทุน,Phần thưởng Giới thiệu Gián tiếp khi Mua Quỹ,निधि खरीद के लिए अप्रत्यक्ष रेफरल इनाम,Indirekte Prämie bei Fondskauf,Récompense indirecte sur fonds,Bônus indireto de compra,Recompensa indirecta por compra,Bonus indiretto per acquisto,Indirecte bonus bij fondsaankoop,Indirekte bonus for fondsinnkjøp,Bonus vid indirekt fondsköp,Bonus indirect pentru achiziție fond,Bonus za nepřímý nákup fondu
本金返回,Principal Return,本金返回,本金返回,元本返還,원금 반환,Pulangan Prinsipal,คืนเงินต้น,Hoàn trả Vốn gốc,मूलधन वापसी,Kapitalrückgabe,Retour du capital,Retorno do capital,Devolución del capital,Restituzione del capitale,Hoofdsom terugbetaling,Tilbakebetaling av hovedbeløp,Återbetalning av kapital,Rambursare a capitalului,Vrácení jistiny
购买基金,Buy Fund,购买基金,購買基金,ファンドを購入する,펀드 구매,Beli Dana,ซื้อกองทุน,Mua Quỹ,निधि खरीदें,Fonds kaufen,Acheter un fonds,Comprar fundo,Comprar fondo,Acquista fondo,Fond kopen,Kjøp fond,Köp fond,Cumpără fond,Koupit fond
投资详情,Investment Details,投资详情,投資詳情,投資詳細,투자 상세정보,Butiran Pelaburan,รายละเอียดการลงทุน,Chi tiết Đầu tư,निवेश विवरण,Investitionsdetails,Détails de l’investissement,Detalhes do investimento,Detalles de inversión,Dettagli investimento,Investeringsdetails,Investeringsdetaljer,Investeringens detaljer,Detalii investiție,Podrobnosti investice
购买信息,Purchase Information,购买信息,購買資訊,購入情報,구매 정보,Maklumat Pembelian,ข้อมูลการซื้อ,Thông tin Mua,खरीद जानकारी,Kaufdetails,Informations d’achat,Detalhes da compra,Información de compra,Informazioni sull’acquisto,Aankoopinformatie,Kjøpsinformasjon,Köpinformation,Informații achiziție,Informace o nákupu
创世节点返回,Genesis Node Return,创世节点返回,創世節點返回,ジェネシスノード返還,창세 노드 반환,Pulangan Nod Genesis,ผลตอบแทนโหนด Genesis,Hoàn trả Nút Genesis,जेनेसिस नोड रिटर्न,Rückgabe Genesis-Node,Retour du nœud de genèse,Retorno do nó gênesis,Retorno del nodo génesis,Ritorno nodo genesi,Terugbetaling Genesis Node,Tilbakebetaling av Genesis Node,Återbetalning av Genesis-nod,Rambursare nod Genesis,Vrácení uzlu Genesis
信仰节点返回,Faith Node Return,信仰节点返回,信仰節點返回,バリデーションノード返還,신앙 노드 반환,Pulangan Nod Faith,ผลตอบแทนโหนด Faith,Hoàn trả Nút Faith,फेथ नोड रिटर्न,Rückgabe Glaube-Knoten,Retour du nœud de foi,Retorno do nó de fé,Retorno del nodo de fe,Ritorno nodo di fede,Terugbetaling Faith Node,Tilbakebetaling av Tro-nod,Återbetalning av Tro-nod,Rambursare nod Credință,Vrácení uzlu Víra
信仰节点收益,Faith Node Benefits,信仰节点收益,信仰節點收益,バリデーションノード収益,신앙 노드 수익,Manfaat Nod Faith,สิทธิประโยชน์โหนด Faith,Lợi ích Nút Faith,फेथ नोड लाभ,Ertrag des Glaubensknotens,Revenu du nœud de foi,Rendimento do nó de fé,Ganancias del nodo de fe,Guadagno del nodo di fede,Opbrengst Faith Node,Inntekt fra Tro-nod,Intäkter från Tro-nod,Venituri nod Credință,Výnosy uzlu Víra
冻结金额,Other amount,其他资金,其他資金,その他の資産,기타 자산,Amaun lain,จำนวนอื่นๆ,Số tiền khác,अन्य राशि,Sonstige Mittel,Autres fonds,Outros fundos,Otros fondos,Altri fondi,Overige fondsen,Andre midler,Andra medel,Alte fonduri,Ostatní prostředky
老数据总资产,Total assets of old data,老数据总资产,老數據總資產,旧データの総資産,이전 데이터 총 자산,Jumlah aset data lama,สินทรัพย์รวมของข้อมูลเก่า,Tổng tài sản dữ liệu cũ,पुराने डेटा की कुल संपत्ति,Gesamtes Altvermögen,Actifs totaux des anciennes données,Ativos totais de dados antigos,Activos totales de datos antiguos,Patrimonio totale vecchi dati,Totale activa oude gegevens,Totale eiendeler gamle data,Tillgångar från gamla data,Active totale date vechi,Celkové aktivum starých dat
解冻,thawing,解冻,解凍,ロック解除,잠금 해제,Mencair,กำลังละลาย,rã đông,पिघलना,Entsperren,Débloquer,Descongelar,Descongelar,Sblocca,Ontdooien,Opptining,Upptining,Deblocare,Rozmrazit
账号导入赠送,account import gift,账号导入赠送,帳號導入贈送,アカウントインポート特典,계정 가져오기 보너스,Hadiah import akaun,ของขวัญการนำเข้าบัญชี,quà tặng nhập tài khoản,खाता आयात उपहार,Kontoimport-Bonus,Bonus d’importation de compte,Bônus de importação de conta,Bonificación por importar cuenta,Bonus per importazione account,Account importbonus,Kontoimportbonus,Kontoimportbonus,Bonus la import cont,Bonus za import účtu
充币哈希,Coin deposit hash,充币哈希,充幣雜湊,入金ハッシュ,입금 해시,Hash deposit syiling,แฮชการฝากเหรียญ,hash nạp tiền,सिक्का जमा हैश,Einzahlungs-Hash,Hachage du dépôt,Hash do depósito,Hash del depósito,Hash del deposito,Stortingshash,Innskuddshash,Inbetalningshash,Hash de încărcare,Depozitní hash
请输入充币哈希,Please enter the deposit hash,请输入充币哈希,請輸入充幣雜湊,入金ハッシュを入力してください,입금 해시를 입력해 주세요,Sila masukkan hash deposit,กรุณากรอกแฮชการฝาก,Vui lòng nhập hash nạp tiền,कृपया जमा हैश दर्ज करें,Bitte Einzahlungshash eingeben,Veuillez entrer le hash de dépôt,Insira o hash do depósito,Introduce el hash del depósito,Inserisci l’hash del deposito,Voer stortingshash in,Vennligst skriv inn innskuddshash,Vänligen ange inbetalningshash,Introduceți hash-ul de încărcare,Zadejte hash vkladu
单次质押不能高于,Single pledge cannot exceed {n},单次质押不能高于{n},單次質押不能高於{n},単回ステーキング金額は{n}を超えてはいけません,단일 스테이킹 금액은 {n}을 초과할 수 없습니다,Gadaian tunggal tidak boleh melebihi {n},การวางหลักประกันครั้งเดียวไม่สามารถเกิน {n},Mỗi lần thế chấp không được vượt quá {n},एकल प्रतिज्ञा {n} से अधिक नहीं हो सकती,Einzelne Einzahlung darf {n} nicht überschreiten,Le dépôt unique ne doit pas dépasser {n},Staking único não pode ultrapassar {n},Una sola participación no puede superar {n},Singolo staking non superiore a {n},Eenmalige staking mag niet hoger zijn dan {n},Enkeltstaking kan ikke overstige {n},Enskild staking får inte överstiga {n},Staking unic nu poate depăși {n},Jednorázové staking nesmí přesáhnout {n}
闪兑,Quick Exchange,闪兑,快兌,スワップ,스왑,Pertukaran Pantas,การแลกเปลี่ยนด่วน,Trao đổi Nhanh,त्वरित विनिमय,Soforttausch,Échange instantané,Câmbio instantâneo,Intercambio rápido,Scambio istantaneo,Directe wissel,Umiddelbar veksling,Omedelbart byte,Schimb instantanee,Blesková výměna
接收代币,Received Token,接收代币,接收代幣,受取トークン,토큰 받기,Token Diterima,โทเค็นที่ได้รับ,Token Đã nhận,प्राप्त टोकन,Empfangene Token,Jeton(s) reçus,Token recebido,Token recibido,Token ricevuti,Ontvangen token,Motta token,Ta emot token,Primește token,Obdržet token
兑换价格,Exchange Price,兑换价格,兌換價格,スワップ価格,환전 가격,Harga Pertukaran,ราคาแลกเปลี่ยน,Giá Trao đổi,विनिमय मूल्य,Umrechnungskurs,Taux de change,Taxa de câmbio,Precio de cambio,Prezzo di cambio,Wisselkoers,Vekslingskurs,Växlingskurs,Preț de schimb,Výměnný kurz
确认兑换,Confirm Exchange,确认兑换,確認兌換,スワップを確認,환전 확인,Sahkan Pertukaran,ยืนยันการแลกเปลี่ยน,Xác nhận Trao đổi,विनिमय की पुष्टि करें,Umtausch bestätigen,Confirmer l’échange,Confirmar troca,Confirmar intercambio,Conferma lo scambio,Bevestig wissel,Bekreft veksling,Bekräfta växling,Confirmă schimbul,Potvrdit výměnu
闪兑扣款,Quick Exchange Deduction,闪兑扣款,快兌扣款,スワップ差し引き,스왑 차감,Potongan Pertukaran Pantas,การหักบัญชีการแลกเปลี่ยนด่วน,Khấu trừ Trao đổi Nhanh,त्वरित विनिमय कटौती,Abzug beim Soforttausch,Déduction pour échange instantané,Dedução de câmbio instantâneo,Deducción por intercambio rápido,Detrazione per scambio istantaneo,Directe wisselafschrijving,Umiddelbar belastning,Omedelbart avdrag,Debitare schimb instant,Terčení bleskové výměny
闪兑入账,Quick Exchange Credited,闪兑入账,快兌入帳,スワップ入金,스왑 입금 완료,Kredit Pertukaran Pantas,การเติมเงินการแลกเปลี่ยนด่วน,Đã ghi có Trao đổi Nhanh,त्वरित विनिमय जमा,Gutschrift aus Soforttausch,Crédit de l’échange instantané,Crédito do câmbio instantâneo,Abono del intercambio rápido,Accredito da scambio istantaneo,Directe wisselbijschrijving,Umiddelbar kreditering,Omedelbar kreditering,Creditare schimb instant,Připsání bleskové výměny
充币提示1,✅ Please make sure that the transfer amount you entered matches exactly with the actual transferred amount,✅ 请务必核对您填写的转账数量与实际转入数量完全一致,✅ 請務必核對您填寫的轉帳數量與實際轉入數量完全一致,✅ 入金金額が実際の送金金額と完全に一致するか必ず確認してください,✅ 이체 금액이 실제 입금 금액과 완전히 일치하는지 꼭 확인해 주세요,✅ Sila pastikan jumlah transfer yang dimasukkan sama tepat dengan jumlah sebenar yang ditransfer,✅ กรุณาตรวจสอบว่าจำนวนเงินที่คุณกรอกตรงกับจำนวนเงินที่โอนจริงทุกประการ,✅ Vui lòng đảm bảo rằng số tiền chuyển khoản bạn nhập khớp chính xác với số tiền đã chuyển khoản thực tế,✅ कृपया सुनिश्चित करें कि आपके द्वारा दर्ज की गई हस्तांतरण राशि वास्तविक हस्तांतरित राशि से बिल्कुल मेल खाती है,"✅ Bitte stellen Sie sicher, dass der eingegebene Betrag genau dem überwiesenen Betrag entspricht",✅ Veuillez vérifier que le montant saisi correspond exactement au montant transféré,✅ Verifique se o valor inserido corresponde exatamente ao valor transferido,✅ Verifica que el monto ingresado coincida exactamente con el monto transferido,✅ Verifica che l’importo inserito corrisponda esattamente a quello trasferito,✅ Controleer of het opgegeven bedrag exact overeenkomt met het werkelijke overgemaakte bedrag,✅ Sørg for at det innskrevne beløpet stemmer nøyaktig med det faktiske overførte beløpet,✅ Kontrollera att det angivna beloppet exakt matchar det faktiska överförda beloppet,✅ Verificați dacă suma introdusă corespunde exact cu suma transferată,"✅ Zkontrolujte, zda zadaná částka přesně odpovídá skutečně převedené částce"
充币提示2,⚠️ If the submitted Hash recharge amount does not match the actual amount,⚠️ 如与提交Hash实际充值数量不符，系统将拒绝充值，请联系在线客服退款,⚠️ 如與提交的雜湊實際充幣數量不符，系統將拒絕充幣，請聯繫線上客服退款,⚠️ 提出したハッシュの金額と実際の入金額が一致しない場合、システムにより入金が拒否されます。払い戻しはカスタマーサポートにご連絡ください,"⚠️ 제출한 해시와 실제 입금 금액이 다를 경우, 시스템에서 입금을 거절할 수 있으며, 환불은 고객센터로 문의해 주세요",⚠️ Jika jumlah pengisian Hash yang dikirim tidak sesuai dengan jumlah sebenar,⚠️ หากจำนวนเงินที่เติมตาม Hash ที่ส่งมาไม่ตรงกับจำนวนเงินจริง,⚠️ Nếu số tiền nạp lại Hash đã gửi không khớp với số tiền thực tế,⚠️ यदि सबमिट की गई हैश रिचार्ज राशि वास्तविक राशि से मेल नहीं खाती है,⚠️ Bei Abweichung vom Hash-Betrag wird die Einzahlung abgelehnt. Kontaktieren Sie den Support für eine Rückerstattung.,"⚠️ En cas de divergence avec le montant réel du Hash, le dépôt sera refusé. Contactez le support pour un remboursement.","⚠️ Se o valor do depósito não corresponder ao hash enviado, o sistema recusará o crédito. Contate o suporte para reembolso.","⚠️ Si el monto real no coincide con el hash enviado, el sistema rechazará el depósito. Contacta al soporte para un reembolso.","⚠️ Se l’importo reale non corrisponde al Hash inviato, il sistema rifiuterà la ricarica. Contatta il supporto per il rimborso.","⚠️ Als het bedrag niet overeenkomt met de hash, wordt de storting geweigerd – neem contact op met de klantenservice voor terugbetaling","⚠️ Hvis beløpet ikke samsvarer med innsendt hash, vil innskuddet bli avvist – kontakt kundeservice for refusjon","⚠️ Om beloppet inte matchar den angivna hashen, kommer insättningen att avvisas – kontakta kundtjänst för återbetalning","⚠️ Dacă suma nu se potrivește cu hash-ul transmis, sistemul va respinge reîncărcarea – contactați serviciul clienți pentru rambursare","⚠️ Pokud částka neodpovídá předloženému hash, vklad bude zamítnut – kontaktujte zákaznický servis kvůli vrácení peněz"
充币提示3,⏳ Refunds will be processed within 1-3 business days (subject to extension on holidays). If there is any delay,⏳ 退款需要1-3个工作日到账（节假日顺延），如有延迟请联系在线客服,⏳ 退款需要1-3個工作日到帳（節假日順延），如有延遲請聯繫線上客服,⏳ 払い戻しには1～3営業日かかります（祝日を除く）。遅延がある場合はカスタマーサポートにご連絡ください,"⏳ 환불은 업무일 기준 1~3일 소요되며 (공휴일 제외), 지연 시 고객센터로 문의해 주세요",⏳ Bayaran balik akan diproses dalam 1-3 hari kerja (mungkin dilanjutkan pada cuti umum). Jika terdapat kelewatan,⏳ จะดำเนินการคืนเงินภายใน 1-3 วันทำการ (อาจล่าช้าในวันหยุด),⏳ Các khoản hoàn tiền sẽ được xử lý trong vòng 1-3 ngày làm việc (có thể kéo dài vào ngày lễ). Nếu có bất kỳ sự chậm trễ nào,⏳ वापसी 1-3 व्यावसायिक दिनों के भीतर संसाधित की जाएगी (छुट्टियों पर विस्तार के अधीन)। यदि कोई देरी होती है,"⏳ Rückerstattung dauert 1–3 Werktage (Feiertage ausgenommen), bei Verzögerung bitte Support kontaktieren","⏳ Le remboursement prend 1 à 3 jours ouvrés (hors jours fériés). En cas de retard, contactez le support.",⏳ O reembolso leva de 1 a 3 dias úteis (exceto feriados). Contate o suporte em caso de atraso.,⏳ El reembolso tarda de 1 a 3 días hábiles (excluyendo festivos). Contacta al soporte en caso de retraso.,"⏳ Il rimborso richiede 1-3 giorni lavorativi (esclusi i festivi). In caso di ritardo, contattare il supporto.",⏳ Terugbetaling duurt 1–3 werkdagen (vertraagd bij feestdagen); neem contact op met klantenservice bij vertraging,⏳ Refusjon tar 1–3 virkedager (forsinket ved helligdager); kontakt kundeservice ved forsinkelse,⏳ Återbetalning tar 1–3 arbetsdagar (fördröjning vid helgdagar); kontakta kundtjänst vid försening,⏳ Rambursarea durează 1–3 zile lucrătoare (prelungit în timpul sărbătorilor); contactați serviciul clienți în caz de întârziere,⏳ Vrácení peněz trvá 1–3 pracovní dny (delší během svátků); kontaktujte zákaznický servis při zpoždění
我的团队,My Team,我的团队,我的團隊,マイチーム,내 팀,Pasukan Saya,ทีมของฉัน,Đội của tôi,मेरी टीम,Mein Team,Mon équipe,Minha equipe,Mi equipo,Il mio team,Mijn team,Mitt team,Mitt team,Echipa mea,Můj tým
查询团队账号,Search Team Account,查询团队账号,查詢團隊帳號,チームアカウントを検索,팀 계정 조회,Cari Akaun Pasukan,ค้นหาบัญชีทีม,Tìm kiếm Tài khoản Đội,टीम खाता खोजें,Team-Konto abfragen,Rechercher le compte de l’équipe,Consultar conta da equipe,Consultar cuenta del equipo,Consulta account del team,Teamaccount opzoeken,Søk etter teamkonto,Sök teamkonto,Caută cont de echipă,Vyhledat týmový účet
团队总人数,Total Team Members,团队总人数,團隊總人數,チーム総人数,팀 총 인원,Jumlah Ahli Pasukan,สมาชิกทีมทั้งหมด,Tổng Thành viên Đội,कुल टीम सदस्य,Gesamtanzahl Teammitglieder,Nombre total de membres de l’équipe,Total de membros da equipe,Total de miembros del equipo,Totale membri del team,Totaal aantal teamleden,Totalt antall teammedlemmer,Totalt antal lagmedlemmar,Număr total de membri echipă,Celkový počet členů týmu
查看团队投资数据,View Team Investment Data,查看团队投资数据,查看團隊投資資料,チーム投資データを見る,팀 투자 데이터 보기,Lihat Data Pelaburan Pasukan,ดูข้อมูลการลงทุนทีม,Xem Dữ liệu Đầu tư Đội,टीम निवेश डेटा देखें,Team-Investitionsdaten ansehen,Voir les données d’investissement de l’équipe,Ver dados de investimento da equipe,Ver datos de inversión del equipo,Visualizza i dati di investimento del team,Bekijk teaminvesteringsgegevens,Vis teamets investeringsdata,Visa lagets investeringsdata,Vizualizați datele investițiilor echipei,Zobrazit investiční data týmu
已投资,Invested,已投资,已投資,投資済み,투자 완료,Telah Melabur,ลงทุนแล้ว,Đã Đầu tư,निवेश किया गया,Investiert,Investi,Já investiu,Ya ha invertido,Ha investito,Geïnvesteerd,Investert,Investerat,Investit,Investováno
未投资,Not Invested,未投资,未投資,未投資,미투자,Belum Melabur,ยังไม่ได้ลงทุน,Chưa Đầu tư,निवेश नहीं किया गया,Nicht investiert,Non investi,Não investiu,No ha invertido,Non ha investito,Niet geïnvesteerd,Ikke investert,Inte investerat,Neinvestit,Neinvestováno
投资额,Investment Amount,投资额,投資額,投資金額,투자 금액,Jumlah Pelaburan,จำนวนเงินลงทุน,Số tiền Đầu tư,निवेश राशि,Investitionsbetrag,Montant investi,Valor investido,Monto invertido,Importo investito,Investeringsbedrag,Investeringsbeløp,Investeringsbelopp,Sumă investită,Investovaná částka
推荐代数,Recommended Generations,推荐代数,推薦代數,紹介レベル数,추천 대수,Generasi Disyorkan,รุ่นที่แนะนำ,Thế hệ Giới thiệu,अनुशंसित पीढ़ियाँ,Empfehlungsgeneration,Génération de recommandation,Geração de indicação,Generación de recomendación,Generazione di referenza,Aanbevolen generatie,Anbefalt generasjon,Rekommenderad generation,Generație recomandată,Doporučená generace
代,Generation,代,代,代,대,Generasi,รุ่น,Thế hệ,पीढ़ी,Generation,Génération,Geração,Nivel,Livello,Generatie,Generasjon,Generation,Gen,Další úroveň
邀请时间,Invitation Time,邀请时间,邀請時間,招待時間,초대한 시간,Masa Jemputan,เวลาการเชิญ,Thời gian Mời,आमंत्रण समय,Einladungszeitpunkt,Heure d’invitation,Hora do convite,Hora de invitación,Ora dell’invito,Uitnodigingstijd,Tidspunkt for invitasjon,Inbjudningstid,Timp invitație,Čas pozvání
查看下级,View Subordinates,查看下级,查看下級,下位を見る,하위 보기,Lihat Subordinat,ดูสมาชิกลูกทีม,Xem Cấp dưới,अधीनस्थों को देखें,Untergeordnete anzeigen,Voir le niveau inférieur,Ver subordinados,Ver inferiores,Visualizza livello inferiore,Bekijk onderliggende leden,Se underordnede medlemmer,Visa underordnade,Vezi subordonat,Zobrazit podřízené
邀请人,Referrer,邀请人,邀請人,紹介者,추천인,Perujuk,ผู้แนะนำ,Người giới thiệu,रेफरर,Einladender,Parrain,Convidador,Persona que invita,Invitante,Uitnodiger,Inviterende person,Inbjudare,Persoană care a invitat,Pozývající
返回上级,Return to Superior,返回上级,返回上級,上位に戻る,상위로 돌아가기,Kembali ke Atasan,กลับไปยังผู้บังคับบัญชา,Quay lại Cấp trên,वरिष्ठ को वापस लौटें,Zurück zum Vorgesetzten,Retour au niveau supérieur,Voltar para o superior,Volver al superior,Torna al livello superiore,Terug naar bovenliggende,Gå tilbake til overordnet,Tillbaka till överordnad,Înapoi la superior,Zpět na vyšší úroveň
团队投资数据,Team Investment Data,团队投资数据,團隊投資資料,チーム投資データ,팀 투자 데이터,Data Pelaburan Pasukan,ข้อมูลการลงทุนทีม,Dữ liệu Đầu tư Đội,टीम निवेश डेटा,Team-Investitionsdaten,Données d’investissement de l’équipe,Dados de investimento da equipe,Datos de inversión del equipo,Dati di investimento del team,Team investeringsdata,Teamets investeringsdata,Lagets investeringsdata,Date investiții echipă,Investiční údaje týmu
人,People,人,人,人,명,Orang,จำนวนคน,Người,लोग,Personen,Personnes,Pessoas,Personas,Persone,Aantal personen,Personer,Personer,Persoane,Osoby
今日新增人数,New Members Today,今日新增人数,今日新增人數,本日の新規メンバー数,오늘 신규 인원,Ahli Baru Hari Ini,สมาชิกใหม่วันนี้,Thành viên Mới Hôm nay,आज के नए सदस्य,Neue Mitglieder heute,Nouveaux membres aujourd’hui,Novos membros hoje,Nuevos miembros hoy,Nuovi membri oggi,Vandaag toegevoegd aantal personer,Antall nye i dag,Antal nya idag,Noi membri astăzi,Dnešní přírůstek
今日新增小区投资,New Community Investments Today,今日新增小区投资,今日新增小區投資,本日のコミュニティ投資額増加,오늘 소구역 투자 증가,Pelaburan Komuniti Baru Hari Ini,การลงทุนชุมชนใหม่วันนี้,Đầu tư Cộng đồng Mới Hôm nay,आज के नए सामुदायिक निवेश,Nuve Investitionen heute im kleinen Bereich,Nouvel investissement local aujourd’hui,Novo investimento na subárea hoje,Nueva inversión del área menor hoy,Nuovo investimento nella zona minore oggi,Vandaag nieuwe investering wijk,I dag ny delinvestering,Dagens nya sektionsinvestering,Investiții noi în sector azi,Dnešní nové investice v oblasti
今日新增团队投资,New Team Investments Today,今日新增团队投资,今日新增團隊投資,本日のチーム投資額増加,오늘 팀 투자 증가,Pelaburan Pasukan Baru Hari Ini,การลงทุนทีมใหม่วันนี้,Đầu tư Đội Mới Hôm nay,आज के नए टीम निवेश,Neue Team-Investitionen heute,Nouveaux investissements d’équipe aujourd’hui,Novos investimentos da equipe hoje,Nuevas inversiones del equipo hoy,Nuovi investimenti del team oggi,Vandaag nieuwe teaminvestering,I dag ny teaminvestering,Dagens nya laginvestering,Investiții noi în echipă azi,Dnešní týmové investice
小区总投资额,Total Community Investment,小区总投资额,小區總投資額,コミュニティ総投資額,소구역 총 투자 금액,Jumlah Pelaburan Komuniti,การลงทุนชุมชนทั้งหมด,Tổng Đầu tư Cộng đồng,कुल सामुदायिक निवेश,Gesamtes Investment in der kleinen Region,Total des investissements dans la sous-zone,Total investido na subárea,Inversión total del área menor,Totale investito nella zona minore,Totale investering per wijk,Total delinvestering,Totalt sektionsinvestering,Investiție totală sector,Oblastní investice celkem
团队投资总额,Total Team Investment,团队投资总额,團隊投資總額,チーム総投資額,팀 총 투자 금액,Jumlah Pelaburan Pasukan,การลงทุนทีมทั้งหมด,Tổng Đầu tư Đội,कुल टीम निवेश,Gesamtteam-Investition,Investissements totaux de l’équipe,Total investido pela equipe,Inversión total del equipo,Totale investimenti del team,Totaal teaminvesteringsbedrag,Total teaminvestering,Total laginvestering,Investiție totală echipă,Celková investice týmu
多少天投资总额,Total Investment in {n} Days,{n}天投资总额,{n}天投資總額,{n}日間の総投資額,{n}일간 총 투자 금액,Jumlah Pelaburan dalam {n} Hari,การลงทุนทั้งหมดใน {n} วัน,Tổng Đầu tư trong {n} Ngày,{n} दिनों में कुल निवेश,Investitionssumme der letzten {n} Tage,Montant investi sur {n} jours,Total investido em {n} dias,Inversión total en {n} días,Totale investito negli ultimi {n} giorni,Investeringsbedrag in {n} dagen,Investering over {n} dager,Investering under {n} dagar,Investiție în {n} zile,Investice za {n} dní
大区,Zone,大区,大區,大エリア,대구역,Zon,โซน,Khu vực,क्षेत्र,Großregion,Grande région,Grande região,Gran zona,Grande zona,Grote regio,Storre region,Större region,Regiune principală,Velký region
小区,Community,小区,小區,小エリア,소구역,Komuniti,ชุมชน,Cộng đồng,समुदाय,Kleinzelle,Petite zone,Pequena zona,Zona menor,Piccola zona,Kleine regio,Mindre region,Mindre region,Regiune mică,Malý region
兑换手续费,Exchange fee,兑换手续费,兌換手續費,スワップ手数料,환전 수수료,Yuran Pertukaran,ค่าธรรมเนียมการแลกเปลี่ยน,Phí trao đổi,विनिमय शुल्क,Umtauschgebühr,Frais de conversion,Taxa de câmbio,Comisión de conversión,Commissione di cambio,Wisselcommissie,Vekslingsgebyr,Växlingsavgift,Comision de schimb,Poplatek za směnu
实际到账,Actual Receipt,实际到账,實際到賬,実際の入金額,실제 입금액,Penerimaan Sebenar,จำนวนเงินที่ได้รับจริง,Biên lai thực tế,वास्तविक प्राप्ति,Tatsächlich gutgeschrieben,Montant réellement reçu,Valor realmente creditado,Monto recibido realmente,Importo effettivamente accreditato,Reëel ontvangen bedrag,Faktisk mottatt beløp,Faktiskt mottaget belopp,Sumă efectiv primită,Skutečně připsaná částka
闪兑手续费扣除,Flash exchange fee deduction,闪兑手续费扣除,閃兌手續費扣除,スワップ手数料差し引き,스왑 수수료 차감,Potongan yuran pertukaran pantas,การหักค่าธรรมเนียมการแลกเปลี่ยนด่วน,Khấu trừ phí trao đổi nhanh,फ्लैश विनिमय शुल्क कटौती,Soforttausch-Gebühr abgezogen,Frais de swap déduits,Taxa de troca rápida deduzida,Comisión por cambio rápido deducida,Commissione di cambio rapido detratta,Aftrek directe wisselcommissie,Fratrekk øyeblikkelig vekslingsgebyr,Avdrag direkt växlingsavgift,Deductie comision schimb rapid,Odpočet poplatku za bleskovou směnu
信仰节点投资总额,Total investment in faith nodes,信仰节点投资总额,信仰節點投資總額,バリデーションノード総投資額,신앙 노드 총 투자액,Jumlah pelaburan dalam nod Faith,การลงทุนทั้งหมดในโหนด Faith,Tổng đầu tư vào các nút đức tin,विश्वास नोड्स में कुल निवेश,Gesamte Investition in Glaubensknoten,Montant total investi dans le nœud de foi,Total investido no nó de fé,Inversión total en nodo de fe,Totale investimenti nel nodo di fede,Totale investering Faith Node,Total investering Tro-node,Total investering Tro-nod,Investiție totală nod Credință,Celková investice uzlu Víra
创世节点投资总额,Total investment in Genesis Node,创世节点投资总额,創世節點投資總額,ジェネシスノード総投資額,창세 노드 총 투자액,Jumlah pelaburan dalam Nod Genesis,การลงทุนทั้งหมดในโหนด Genesis,Tổng đầu tư vào Nút Genesis,जेनेसिस नोड में कुल निवेश,Gesamte Investition in Schöpfungsknoten,Montant total investi dans le nœud de création,Total investido no nó de criação,Inversión total en nodo génesis,Totale investimenti nel nodo della creazione,Totale investering Genesis Node,Total investering Genesis Node,Total investering Genesis-nod,Investiție totală nod Genesis,Celková investice uzlu Genesis
节点已售罄,Node sold out,节点已售罄,節點已售罄,ノード完売,노드 매진,Nod telah habis dijual,โหนดหมดแล้ว,Hết nút,नोड बिक गया,Knoten ausverkauft,Nœud épuisé,Nó esgotado,Nodo agotado,Nodo esaurito,Alle knooppunten zijn uitverkocht,Alle noder er utsolgt,Alla noder är slutsålda,Toate nodurile sunt epuizate,Všechna uzly jsou vyprodána
领取静态收益,Receive static income,领取静态收益,領取靜態收益,静的収益を受け取る,정적 수익 수령,Terima pendapatan statik,รับรายได้แบบคงที่,Nhận thu nhập tĩnh,स्थिर आय प्राप्त करें,Statische Erträge abholen,Réclamer les gains statiques,Resgatar ganhos estáticos,Reclamar ganancias estáticas,Ritira guadagni statici,Ontvang statische opbrengst,Hent statisk avkastning,Hämta statisk avkastning,Revendică câștiguri statice,Získat statický výnos
领取动态收益,Receive dynamic income,领取动态收益,領取動態收益,動的収益を受け取る,동적 수익 수령,Terima pendapatan dinamik,รับรายได้แบบไดนามิก,Nhận thu nhập động,गतिशील आय प्राप्त करें,Dynamische Erträge abholen,Réclamer les gains dynamiques,Resgatar ganhos dinâmicos,Reclamar ganancias dinámicas,Ritira guadagni dinamici,Ontvang dynamische opbrengst,Hent dynamisk avkastning,Hämta dynamisk avkastning,Revendică câștiguri dinamice,Získat dynamický výnos
未获取到币价,No coin price obtained,未获取到币价,未獲取到幣價,トークン価格を取得できませんでした,토큰 시세를 가져올 수 없습니다,Tiada harga syiling diperoleh,ไม่ได้รับราคาเหรียญ,Không nhận được giá coin,कोई सिक्का मूल्य प्राप्त नहीं हुआ,Preis konnte nicht abgerufen werden,Prix non récupéré,Falha ao obter o preço da moeda,No se pudo obtener el precio del token,Prezzo non disponibile,Kon niet prijs van munt ophalen,Klarte ikke hente valutapris,Kunde inte hämta myntpris,Nu s-a putut obține prețul monedei,Nepodařilo se získat cenu mince
发送,Send,发送,傳送,送信,보내기,Hantar,ส่ง,Gửi,भेजें,Senden,Envoyer,Enviar,Enviar,Invia,Versturen,Send,Send,Trimite,Odeslat
收益来源,Revenue source,收益来源,收益來源,収益の出所,수익 출처,Sumber pendapatan,แหล่งที่มาของรายได้,Nguồn doanh thu,राजस्व स्रोत,Einnahmequelle,Source de revenus,Fonte de rendimento,Fuente de ingresos,Fonte dei profitti,Inkomstbron,Inntektskilde,Inkomstkälla,Sursă de venit,Zdroj příjmu
区,area,区,區,区画,구역,Kawasan,พื้นที่,khu vực,क्षेत्र,Bereich,Zone,Área,Zona,Area,Regio,Distrikt,Område,Zonă,Oblast
输入 XRP Tag,Enter XRP Tag,输入 XRP Tag,輸入XRP Tag,XRPタグを入力してください,XRP 태그 입력,Masukkan XRP Tag,กรอกXRP Tag,Nhập Tag XRP,XRP टैग दर्ज करें,XRP-Tag eingeben,Entrez le tag XRP,Insira a Tag XRP,Introduce la etiqueta XRP,Inserisci il Tag XRP,Voer XRP Tag in,Skriv inn XRP-merke,Ange XRP-tagg,Intoduceți eticheta XRP,Zadejte XRP tag
XRP Tag Recharge,Please make sure to copy both the XRP address and XRP Tag at the same time to ensure deposit,请务必同时复制 XRP 地址和 XRP Tag，以确保充币，否则资产将会丢失,請務必同時複製XRP地址和XRP Tag，以確保充幣，否則資產將會遺失,XRPアドレスとタグを必ず一緒にコピーしてください。資産が失われる恐れがあります,자산 손실을 방지하기 위해 XRP 주소와 태그를 반드시 함께 복사해 주세요,Sila pastikan untuk menyalin alamat XRP dan XRP Tag serentak untuk memastikan deposit,กรุณาแน่ใจว่าคัดลอกทั้งที่อยู่XRPและXRP Tagพร้อมกันเพื่อการฝากเงินที่ปลอดภัย,Vui lòng đảm bảo sao chép cả địa chỉ XRP và Tag XRP cùng lúc để đảm bảo gửi tiền,कृपया सुनिश्चित करें कि जमा सुनिश्चित करने के लिए XRP पता और XRP टैग दोनों को एक ही समय में कॉपी करें,"Bitte kopieren Sie sowohl die XRP-Adresse als auch den XRP-Tag, um die Aufladung sicherzustellen, sonst geht Ihr Vermögen verloren.",Veuillez copier à la fois l’adresse XRP et le tag pour éviter toute perte de fonds.,Copie tanto o endereço quanto o tag do XRP para evitar perda de ativos.,Copia tanto la dirección como el Tag de XRP para evitar la pérdida de fondos.,Copia sia l’indirizzo che il Tag di XRP per evitare la perdita di fondi,Kopieer zowel het XRP-adres als de tag om fouten te voorkomen,Kopier både XRP-adressen og taggen for å sikre innskudd,Kopiera både XRP-adress och tagg för att säkerställa insättning,Vă rugăm să copiați atât adresa cât și tag-ul XRP pentru a evita pierderea fondurilor,Zkopírujte adresu i XRP tag pro správné připsání prostředků
XRP Tag Withdraw,Please enter the XRP Tag of the receiving platform to avoid financial losses,请输入接收平台的 XRP Tag，以免造成资金损失,請輸入接收平臺的XRP Tag，以免造成資金損失,資産損失を防ぐため、受取プラットフォームのXRPタグを正しく入力してください,수신 플랫폼의 XRP 태그를 정확히 입력해 주세요,Sila masukkan XRP Tag platform penerima untuk mengelakkan kerugian kewangan,กรุณากรอกXRP Tagของแพลตฟอร์มรับเงินเพื่อหลีกเลี่ยงความสูญเสียทางการเงิน,Vui lòng nhập Tag XRP của nền tảng nhận để tránh tổn thất tài chính,वित्तीय नुकसान से बचने के लिए कृपया प्राप्त करने वाले प्लेटफॉर्म का XRP टैग दर्ज करें,"Bitte geben Sie den XRP-Tag der Empfängerplattform ein, um Verluste zu vermeiden.",Entrez le tag XRP de la plateforme de réception pour éviter toute perte,Insira o Tag XRP da plataforma receptora para evitar perdas,Ingresa el Tag XRP de la plataforma receptora para evitar pérdidas,Inserisci il Tag XRP della piattaforma di ricezione per evitare perdite,Voer de XRP-tag van het ontvangende platform in om verlies te voorkomen,Skriv inn XRP-taggen til mottaksplattformen for å unngå tap,Ange mottagarplattformens XRP-tagg för att undvika förlust,Intoduceți tag-ul XRP al platformei de primire pentru a evita pierderi,"Zadejte XRP tag cílové platformy, abyste předešli ztrátě"
当前等级,Current Level,当前等级,當前等級,現在の等級,현재 등급,Tahap semasa,ระดับปัจจุบัน,Cấp độ hiện tại,वर्तमान स्तर,Aktueller Rang,Niveau actuel,Nível atual,Nivel actual,Livello attuale,Huidig niveau,Nåværende nivå,Nuvarande nivå,Nivel actual,Aktuální úroveň
团队投资额,Team Investment Amount,团队投资额,團隊投資額,チーム投資額,팀 투자액,Jumlah Pelaburan Pasukan,จำนวนเงินลงทุนทีม,Số tiền đầu tư của đội,टीम निवेश राशि,Team-Investitionsbetrag,Montant investi par l’équipe,Valor investido pela equipe,Inversión del equipo,Importo investito dal team,Totaal teaminvestering,Teamets investeringsbeløp,Lagets investeringsbelopp,Investiție totală echipă,Celková investice týmu
团队人数,Team Member Count,团队人数,團隊人數,チームメンバー数,팀 인원,Bilangan Ahli Pasukan,จำนวนสมาชิกทีม,Số lượng thành viên trong đội,टीम सदस्य गणना,Anzahl Teammitglieder,Nombre de membres de l’équipe,Número de membros da equipe,Número de miembros del equipo,Numero di membri del team,Aantal teamleden,Antall teammedlemmer,Antal teammedlemmar,Număr membri echipă,Počet členů týmu
级别,Level,级别,級別,等級,등급,Tahap,ระดับ,Cấp độ,स्तर,Stufe,Niveau,Nível,Nivel,Livello,Niveau,Nivå,Nivå,Nivel,Úroveň
人数,Number of People,人数,人數,人数,인원,Bilangan Orang,จำนวนคน,Số lượng người,लोगों की संख्या,Personenanzahl,Nombre de personnes,Número de pessoas,Número de personas,Numero di persone,Aantal personen,Antall personer,Antal personer,Număr persoane,Počet osob
更换邮箱,Change Email,更换邮箱,更換電子信箱,メールアドレスを変更,이메일 변경,Tukar Emel,เปลี่ยนอีเมล,Thay đổi Email,ईमेल बदलें,E-Mail ändern,Modifier l’e-mail,Alterar e-mail,Cambiar correo electrónico,Cambia e-mail,E-mailadres wijzigen,Bytt e-post,Byt e-post,Schimbă adresa de email,Změnit e-mail
安全提示,Security Tip,安全提示,安全提示,セキュリティ通知,보안 알림,Tip Keselamatan,เคล็ดลับความปลอดภัย,Mẹo bảo mật,सुरक्षा युक्ति,Sicherheitshinweis,Alerte de sécurité,Aviso de segurança,Aviso de seguridad,Avviso di sicurezza,Beveiligingstip,Sikkerhetstips,Säkerhetstips,Sfat de securitate,Bezpečnostní tip
安全提示p,Your account is not linked to an email,您的账号未绑定邮箱，存在账号安全风险，建议绑定邮箱,您的帳號未綁定電子信箱，存在帳號安全風險，建議綁定電子信箱,メールが連携されていないため、アカウントのセキュリティリスクがあります。メールを連携することをおすすめします,이메일이 연동되지 않았습니다. 계정 보안을 위해 이메일 연동해 주시길 바랍니다,Akaun anda tidak dikaitkan dengan emel,บัญชีของคุณยังไม่ได้ผูกกับอีเมล,Tài khoản của bạn chưa liên kết với email,आपका खाता ईमेल से लिंक नहीं है,Ihr Konto ist nicht mit einer E-Mail verknüpft. Bitte E-Mail-Adresse zur Sicherheit hinzufügen.,Votre compte n’est pas lié à une adresse e-mail. Veuillez l’ajouter pour plus de sécurité.,Sua conta não está vinculada a um e-mail. Recomenda-se vinculá-lo para segurança.,Su cuenta no tiene un correo vinculado. Se recomienda añadirlo por seguridad.,Il tuo account non è collegato a un’e-mail. Si consiglia di farlo per motivi di sicurezza.,Uw account is niet gekoppeld aan e-mail – bind voor veiligheid,Kontoen din er ikke koblet til e-post – anbefalt for sikkerhet,Ditt konto är inte kopplat till en e-post – bind för ökad säkerhet,Contul dvs. nu este legat de un email – recomandăm legare,Zatím jste nepřipojili e-mail – doporučeno kvůli bezpečnosti
稍后绑定,Bind Later,稍后绑定,稍後綁定,後で連携,나중에 연동,Ikat Nanti,ผูกภายหลัง,Liên kết sau,बाद में बाइंड करें,Später verknüpfen,Lier plus tard,Vincular depois,Vincular más tarde,Collega più tardi,Later koppelen,Koble til senere,Koppla senare,Conectează mai târziu,Připojit později
绑定邮箱,Bind Email,绑定邮箱,綁定電子信箱,メールアドレスを連携,이메일 연동,Ikat Emel,ผูกอีเมล,Liên kết Email,ईमेल बाइंड करें,E-Mail verknüpfen,Lier une adresse e-mail,Vincular e-mail,Vincular correo,Collega e-mail,E-mailadres koppelen,Koble til e-post,Koppla e-post,Leagă adresa de email,Připojit e-mail
邮箱账号,Email Account,邮箱账号,電子信箱帳號,メールアカウント,이메일 계정,Akaun Emel,บัญชีอีเมล,Tài khoản Email,ईमेल खाता,E-Mail-Konto,Compte e-mail,Conta de e-mail,Cuenta de correo,Account e-mail,E-mailaccount,E-postkonto,E-postkonto,Cont de email,E-mailový účet
新邮箱,New Email,新邮箱,新電子信箱,新しいメールアドレス,새 이메일,Emel Baharu,อีเมลใหม่,Email mới,नया ईमेल,Neue E-Mail-Adresse,Nouvelle adresse e-mail,Novo e-mail,Nuevo correo electrónico,Nuovo indirizzo e-mail,Nieuw e-mailadres,Ny e-postadress,Ny e-post,Adresă de email nouă,Nový e-mail
请输入邮箱账号,Please Enter Email,请输入邮箱账号,請輸入電子信箱帳號,メールアカウントを入力してください,이메일 계정을 입력해 주세요,Sila Masukkan Emel,กรุณากรอกอีเมล,Vui lòng nhập Email,कृपया ईमेल दर्ज करें,Bitte geben Sie das E-Mail-Konto ein,Veuillez entrer le compte e-mail,Insira a conta de e-mail,Introduce la cuenta de correo,Inserisci l’account e-mail,Voer e-mailadres in,Skriv inn e-postadresse,Ange e-postadress,Intoduceți adresa de email,Zadejte e-mailovou adresu
请输入要绑定的邮箱账号,Please Enter the Email to Bind,请输入要绑定的邮箱账号,請輸入要綁定的電子信箱帳號,連携するメールアドレスを入力してください,연결할 이메일을 입력해 주세요,Sila Masukkan Emel untuk Diikat,กรุณากรอกอีเมลที่จะผูก,Vui lòng nhập Email để Liên kết,बाइंड करने के लिए कृपया ईमेल दर्ज करें,Bitte geben Sie die zu verknüpfende E-Mail ein,Veuillez entrer l’adresse à lier,Insira o e-mail a ser vinculado,Introduce el correo que deseas vincular,Inserisci l’account da collegare,Voer het e-mailadres in dat u wilt koppelen,Skriv inn e-posten du vil koble til,Ange e-postadressen att koppla,Introduceți emailul pe care doriți să-l legați,"Zadejte e-mail, který chcete připojit"
请输入正确的邮箱账号,Please Enter a Valid Email,请输入正确的邮箱账号,請輸入正確的電子信箱帳號,正しいメールアドレスを入力してください,올바른 이메일 주소를 입력해 주세요,Sila Masukkan Emel yang Sah,กรุณากรอกอีเมลที่ถูกต้อง,Vui lòng nhập Email hợp lệ,कृपया एक वैध ईमेल दर्ज करें,Bitte geben Sie eine gültige E-Mail-Adresse ein,Veuillez entrer une adresse e-mail valide,Insira um e-mail válido,Introduce un correo válido,Inserisci un indirizzo e-mail valido,Voer een geldig e-mailadres in,Skriv inn gyldig e-postadress,Ange korrekt e-postadress,Introduceți o adresă de email validă,Zadejte platný e-mail
邮箱验证码,Email Verification Code,邮箱验证码,電子信箱驗證碼,メール認証コード,이메일 인증번호,Kod Pengesahan Emel,รหัสยืนยันอีเมล,Mã xác minh Email,ईमेल सत्यापन कोड,E-Mail-Bestätigungscode,Code de vérification e-mail,Código de verificação de e-mail,Código de verificación por correo,Codice di verifica e-mail,E-mailverificatiecode,E-postbek,,,
请输入验证码,Please Enter Verification Code,请输入验证码,請輸入驗證碼,認証コードを入力してください,인증번호를 입력해 주세요,Sila Masukkan Kod Pengesahan,กรุณากรอกรหัสยืนยัน,Vui lòng nhập Mã xác minh,कृपया सत्यापन कोड दर्ज करें,Bitte geben Sie den Code ein,Veuillez entrer le code,Insira o código,Introduce el código,Inserisci il codice,Voer verificatiecode in,Skriv inn verifiseringskode,Ange verifieringskod,Introduceți codul de verificare,Zadejte ověřovací kód
新邮箱验证码,New Email Verification Code,新邮箱验证码,新電子信箱驗證碼,新しいメールの認証コード,새 이메일 인증번호,Kod Pengesahan Emel Baharu,รหัสยืนยันอีเมลใหม่,Mã xác minh Email mới,नया ईमेल सत्यापन कोड,Bestätigungscode für neue E-Mail,Code de vérification de la nouvelle e-mail,Código de verificação do novo e-mail,Código de verificación del nuevo correo,Codice di verifica per la nuova e-mail,Verificatiecode nieuw e-mailadres,Verifiseringskode for ny e-postadress,Verifieringskod för ny e-post,Cod de verificare email nou,Verifikační kód nového e-mailu
已绑定的邮箱验证码,Bound Email Verification Code,已绑定的邮箱验证码,已綁定的電子信箱驗證碼,既存メールの認証コード,기존 이메일 인증번호,Kod Pengesahan Emel Terikat,รหัสยืนยันอีเมลที่ผูกไว้,Mã xác minh Email đã liên kết,बाउंड ईमेल सत्यापन कोड,Bestätigungscode der verknüpften E-Mail,Code de vérification de l’e-mail liée,Código de verificação do e-mail vinculado,Código del correo vinculado,Codice di verifica dell’e-mail collegata,Verificatiecode gekoppeld e-mailadres,Verifiseringskode for eksisterende e-postadress,Verifieringskod för kopplad e-post,Cod verificare email existent,Verifikační kód připojeného e-mailu
请输入已绑定的邮箱验证码,Please Enter the Verification Code for the Bound Email,请输入已绑定的邮箱验证码,請輸入已綁定的電子信箱驗證碼,既存メールの認証コードを入力してください,기존 이메일의 인증번호를 입력해 주세요,Sila Masukkan Kod Pengesahan untuk Emel Terikat,กรุณากรอกรหัสยืนยันสำหรับอีเมลที่ผูกไว้,Vui lòng nhập Mã xác minh cho Email đã liên kết,कृपया बाउंड ईमेल के लिए सत्यापन कोड दर्ज करें,Bitte geben Sie den Code der verknüpften E-Mail ein,Veuillez entrer le code de l’e-mail liée,Insira o código da conta de e-mail vinculada,Introduce el código del correo vinculado,Inserisci il codice dell’e-mail collegata,Voer verificatiecode van gekoppeld e-mailadres in,Skriv inn koden for tilkoblet e-postadress,Ange verifieringskod för kopplad e-post,Introduceți codul de la emailul existent,Zadejte kód z připojeného e-mailu
获取验证码,Get Verification Code,获取验证码,獲取驗證碼,認証コードを取得,인증번호 받기,Dapatkan Kod Pengesahan,รับรหัสยืนยัน,Nhận Mã xác minh,सत्यापन कोड प्राप्त करें,Code anfordern,Obtenir le code,Obter código,Obtener código,Ottieni il codice,Code verkrijgen,Hent kode,Hämta kod,Obțineți codul,Získat kód
近24小时涨幅,Growth in last 24 hours,近24小时涨幅,近24小時漲幅,過去24時間の上昇率,최근 24시간 상승률,Pertumbuhan dalam 24 Jam Terakhir,การเติบโตใน24ชั่วโมงล่าสุด,Tăng trưởng trong 24 giờ qua,पिछले 24 घंटों में वृद्धि,Veränderung in den letzten 24 Stunden,Variation des dernières 24 heures,Variação nas últimas 24 horas,Cambio en las últimas 24 horas,Variazione nelle ultime 24 ore,Stijging afgelopen 24 uur,Økning siste 24 timer,Uppgång senaste 24h,Crestere în ultimele 24h,Růst za posledních 24 hodin
行情,Market,行情,行情,マーケット,시세,Pasaran,ตลาด,Thị trường,बाजार,Markt,Marché,Cotação,Mercado,Mercato,Marktomstandigheden,Markedssituasjon,Marknadsläge,Piața,Situace na trhu
小时,Hour,小时,小時,時間,시간,Jam,รายชั่วโมง,Giờ,घंटा,Stunde,Heure,Hora,Hora,Ora,Uur,Time,Timme,Oră,Hodina
日,Day,日,日,日,일,Hari,รายวัน,Ngày,दिन,Tag,Jour,Dia,Día,Giorno,Dag,Dag,Dag,Zi,Den
周,Week,周,週,週,주,Minggu,รายสัปดาห์,Tuần,सप्ताह,Woche,Semaine,Semana,Semana,Settimana,Week,Uke,Vecka,Săptămână,Týden
月,Month,月,月,月,월,Bulan,รายเดือน,Tháng,माह,Monat,Mois,Mês,Mes,Mese,Maand,Måned,Månad,Lună,Měsíc
年,Year,年,年,年,연,Tahun,รายปี,Năm,वर्ष,Jahr,Année,Ano,Año,Anno,Jaar,År,År,An,Let
公司,{plat} Corporation,{plat}公司,{plat}公司,{plat}会社,{plat} 회사,{plat} Corporation,{plat} Corporation,{plat} Corporation,{plat} कॉर्पोरेशन,{plat} Unternehmen,Société {plat},Empresa {plat},Empresa {plat},Azienda {plat},{plat} Bedrijf,{plat} Selskap,{plat} Företag,Compania {plat},Společnost {plat}
资本连接,Capital Connectivity,资本连接,資本連接,資本連携,자본 연결,Perhubungan Modal,การเชื่อมต่อทางการเงิน,Kết nối Vốn,पूंजी कनेक्टिविटी,Kapitalverbindung,Connexion de capital,Conexão de capital,Conexión de capital,Connessione di capitale,Kapitaalverbinding,Kapitaltilkobling,Kapitalanslutning,Conectare Capital,Propojení kapitálu
公司简介,AI opens up new horizons for your investments,人工智能为您的投资开辟新天地，让您的资金与出色的交易相匹配,人工智慧為您的投資開創新天地，讓資金與優質交易相匹配,AIがあなたの投資に新たな可能性を開き、資金と優れた取引をマッチングさせます,인공지능이 당신의 투자를 위한 새로운 길을 엽니다. 자산을 뛰어난 거래와 연결해 보세요,AI membuka ufuk baharu untuk pelaburan anda,AIเปิดโลกใหม่ให้กับการลงทุนของคุณ,AI mở ra những chân trời mới cho các khoản đầu tư của bạn,एआई आपके निवेश के लिए नए क्षितिज खोलता है,Künstliche Intelligenz eröffnet neue Wege für Ihre Investitionen und bringt Ihr Kapital mit herausragenden Trades zusammen,L’intelligence artificielle ouvre de nouveaux horizons à vos investissements en associant votre capital à des transactions performantes,A inteligência artificial abre novos caminhos para seus investimentos e alinha seu capital com negociações excelentes,La IA abre nuevas oportunidades de inversión y alinea tu capital con operaciones destacadas,"L’intelligenza artificiale apre nuovi orizzonti per i tuoi investimenti, abbinando fondi a operazioni eccellenti",Kunstmatige intelligentie opent nieuwe horizonten voor uw investering – uw geld werkt samen met slimme handel,Kunstig intelligens åpner nye muligheter for investeringen din – kapitalen matcher smarte handler,AI öppnar nya möjligheter för din investering – kapitalet matchas med smart handel,Inteligența artificială deschide noi orizonturi pentru investiția dvs. – fondurile dvs. lucrează cu tranzacții inteligente,Umělá inteligence otevírá nové možnosti pro vaše investice – vaše prostředky se propojují s chytrými obchody
代数,Generation,代数,代數,代数,대수,Generasi,รุ่น,Thế hệ,पीढ़ी,Ebene,Génération,Nível,Nivel,Livello,Graad,Grad,Grad,Grad,Stupeň
昨日投资金额,Yesterday's Investment Amount,昨日投资金额,昨日投資金額,昨日の投資金額,어제의 투자 금액,Jumlah Pelaburan Semalam,ยอดลงทุนเมื่อวาน,Số tiền đầu tư hôm qua,कल की निवेश राशि,Investitionssumme gestern,Montant investi hier,Valor investido ontem,Monto invertido ayer,Importo investito ieri,Gisteren geïnvesteerd bedrag,Beløp investert i går,Belopp investerat igår,Suma investită ieri,Včerejší investovaná částka
总投资金额,Total Investment Amount,总投资金额,總投資金額,総投資金額,총 투자 금액,Jumlah Pelaburan Keseluruhan,ยอดลงทุนรวม,Tổng số tiền đầu tư,कुल निवेश राशि,Gesamtinvestition,Montant total investi,Valor total investido,Inversión total,Importo totale investito,Totaal geïnvesteerd bedrag,Totalt investert beløp,Totalt investerat belopp,Suma totală investită,Celková investice
昨日动态收益,Yesterday's Dynamic Income,昨日动态收益,昨日動態收益,昨日の動的収益,어제의 동적 수익,Pendapatan Dinamik Semalam,รายได้ไดนามิกเมื่อวาน,Thu nhập động hôm qua,कल की गतिशील आय,Dynamische Erträge gestern,Gains dynamiques d’hier,Ganhos dinâmicos de ontem,Ganancias dinámicas de ayer,Guadagni dinamici di ieri,Gisteren dynamisch rendement,Gårsdagens dynamiske avkastning,Gårdagens dynamiska avkastning,Câștiguri dinamice de ieri,Včerejší dynamický výnos
累计动态收益,Total Dynamic Income,累计动态收益,累計動態收益,累計動的収益,누적 동적 수익,Jumlah Pendapatan Dinamik,รายได้ไดนามิกรวม,Tổng thu nhập động,कुल गतिशील आय,Kumulierte dynamische Erträge,Gains dynamiques cumulés,Ganhos dinâmicos acumulados,Ganancias dinámicas acumuladas,Guadagni dinamici cumulativi,Opgeteld dynamisch rendement,Akkumulert dynamisk avkastning,Ackumulerad dynamisk avkastning,Câștiguri dinamice cumulate,Kumulativní dynamický výnos
昨日新增人数,New Users Yesterday,昨日新增人数,昨日新增人數,昨日の新規ユーザー数,어제 신규 인원,Pengguna Baharu Semalam,ผู้ใช้ใหม่เมื่อวาน,Người dùng mới hôm qua,कल के नए उपयोगकर्ता,Neue Mitglieder gestern,Nouveaux membres hier,Novos membros ontem,Nuevos miembros ayer,Nuovi membri ieri,Gisteren nieuw aantal leden,Antall nye personer i går,Antal nya medlemmar igår,Număr nou de utilizatori ieri,Počet nových osob včera
团队投资金额,Team Investment Amount,团队投资金额,團隊投資金額,チーム投資金額,팀 투자 금액,Jumlah Pelaburan Pasukan,ยอดลงทุนทีม,Số tiền đầu tư của đội,टीम निवेश राशि,Investitionssumme des Teams,Investissement de l’équipe,Valor investido pela equipe,Inversión del equipo,Investimento totale del team,Team investeringsbedrag,Lagets investeringsbeløp,Lagets investeringsbelopp,Investiție echipă,Investice týmu
个人,Individual,个人,個人,個人,개인,Individu,รายบุคคล,Cá nhân,व्यक्तिगत,Individuell,Individuel,Pessoal,Personal,Personale,Persoonlijk,Individuell,Personlig,Individual,Osobní
团队,Team,团队,團隊,チーム,팀,Pasukan,ทีม,Đội,टीम,Team,Équipe,Equipe,Equipo,Squadra,Team,Team,Lag,Echipă,Tým
confirmOrder,Confirm your order,确认订单,確認訂單,注文を確認する,주문 확인,Sahkan pesanan anda,ยืนยันคำสั่งซื้อของคุณ,Xác nhận đơn hàng của bạn,अपना ऑर्डर पुष्टि करें,Bestellung bestätigen,Confirmer la commande,Confirmar pedido,Confirmar pedido,Conferma ordine,Bevestig bestelling,Bekreft bestilling,Bekräfta beställning,Confirmă comanda,Potvrdit objednávku
purchase,Purchase,购买,購買,購入,구매,Pembelian,การซื้อ,Mua,खरीदारी,Kauf,Achat,Comprar,Compra,Acquisto,Aankoop,Kjøp,Köp,Achiziție,Nákup
results,Results,结果,結果,結果,결과,Keputusan,ผลลัพธ์,Kết quả,परिणाम,Ergebnis,Résultat,Resultado,Resultado,Risultato,Resultaat,Resultat,Resultat,Rezultat,Výsledek
viewFundDetails,View fund details,查看基金详情,查看基金詳情,ファンド詳細を表示,펀드 상세 보기,Lihat butiran dana,ดูรายละเอียดกองทุน,Xem chi tiết quỹ,फंड विवरण देखें,Fonddetails anzeigen,Voir les détails du fonds,Ver detalhes do fundo,Ver detalles del fondo,Visualizza dettagli del fondo,Bekijk fondsdetails,Se fondets detaljer,Visa fonddetaljer,Vezi detalii fond,Zobrazit podrobnosti o fondu
return,Return,返回,返回,戻る,돌아가기,Kembali,กลับ,Quay lại,वापसी,Zurück,Retour,Voltar,Volver,Indietro,Terugkeer,Tilbake,Tillbaka,Înapoi,Zpět
autoReinvestmentDesc,"The platform's automatic reinvestment feature makes investing more convenient and flexible. Upon maturity, the platform automatically reinvests your principal. Enabling automatic reinvestment allows your funds to compound over a longer period of time, making your investment more valuable.",平台的自动复投功能让投资更便捷灵活。到期后，平台会自动将您的本金重新投资。开启自动复投可以让您的资金在更长时间内产生复利，使您的投资更具价值。,平台的自動複投功能讓投資更便捷靈活。到期後，平台會自動將您的本金重新投資。開啟自動複投可以讓您的資金在更長時間內產生複利，使您的投資更具價值。,プラットフォームの自動再投資機能により、投資がより便利で柔軟になります。満期時、プラットフォームは自動的に元本を再投資します。自動再投資を有効にすると、資金がより長期間複利で増えるため、投資価値が高まります。,플랫폼의 자동 재투자 기능으로 투자가 더 편리하고 유연해집니다. 만기 시 플랫폼은 자동으로 원금을 재투자합니다. 자동 재투자를 활성화하면 더 오랜 기간 동안 복리 효과를 누릴 수 있어 투자 가치가 높아집니다.,"Ciri pelaburan semula automatik platform menjadikan pelaburan lebih mudah dan fleksibel. Apabila matang, platform akan melaburkan semula prinsipal anda secara automatik. Mengaktifkan pelaburan semula automatik membolehkan dana anda dikompaun dalam tempoh yang lebih lama, menjadikan pelaburan anda lebih berharga.",คุณสมบัติการลงทุนใหม่อัตโนมัติของแพลตฟอร์มทำให้การลงทุนสะดวกและยืดหยุ่นมากขึ้น เมื่อครบกำหนด แพลตฟอร์มจะนำเงินต้นของคุณไปลงทุนใหม่โดยอัตโนมัติ การเปิดใช้งานการลงทุนใหม่อัตโนมัติช่วยให้เงินของคุณทบต้นเป็นเวลานานขึ้น ทำให้การลงทุนของคุณมีมูลค่ามากขึ้น,"Tính năng tái đầu tư tự động của nền tảng giúp việc đầu tư thuận tiện và linh hoạt hơn. Khi đến hạn, nền tảng sẽ tự động tái đầu tư số tiền gốc của bạn. Bật tính năng tái đầu tư tự động giúp tiền của bạn sinh lãi kép trong thời gian dài hơn, làm cho khoản đầu tư của bạn có giá trị hơn.","प्लेटफ़ॉर्म की स्वचालित पुनर्निवेश सुविधा निवेश को अधिक सुविधाजनक और लचीला बनाती है। परिपक्वता पर, प्लेटफ़ॉर्म स्वचालित रूप से आपकी मूल राशि का पुनर्निवेश करता है। स्वचालित पुनर्निवेश सक्षम करने से आपके फंड लंबी अवधि में चक्रवृद्धि बनाते हैं, जिससे आपका निवेश अधिक मूल्यवान बनता है।",Die automatische Reinvestitionsfunktion der Plattform macht Investitionen bequemer und flexibler. Nach Ablauf wird Ihr Kapital automatisch reinvestiert. Die Aktivierung ermöglicht langfristiges Zinseszinswachstum und erhöht den Investitionswert.,"La fonction de réinvestissement automatique rend les investissements plus pratiques et flexibles. À l’échéance, votre capital sera automatiquement réinvesti. Activer cette option permet une croissance composée plus longue, rendant votre investissement plus précieux.","A função de reinvestimento automático torna os investimentos mais convenientes e flexíveis. Ao vencer, o capital é automaticamente reinvestido. Ativar essa função permite crescimento com juros compostos, tornando seu investimento mais valioso.","La función de reinversión automática hace que invertir sea más conveniente y flexible. Al vencimiento, tu capital se reinvierte automáticamente. Activarla permite crecimiento compuesto a largo plazo, aumentando el valor de tu inversión.","La funzione di reinvestimento automatico rende gli investimenti più comodi e flessibili. Alla scadenza, il capitale sarà reinvestito automaticamente. Attivando questa funzione, i fondi cresceranno con interesse composto nel tempo, aumentando il valore dell’investimento.",De automatische herinvestering maakt beleggen gemakkelijker. Bij afloop herbelegt het platform automatisch uw kapitaal. Zo groeit het kapitaal langer.,Automatisk reinvestering gjør investeringer enklere. Ved forfall reinvesteres kapitalen automatisk. Dette gir lengre vekst.,Automatisk återinvestering gör investering enklare. Vid förfall återinvesteras kapitalet automatiskt. Detta maximerar tillväxt.,"Funcția de reinvestire automată face investiția mai convenabilă. La expirare, platforma reinvestește automat capitalul dvs.",Automatická reinvestice usnadňuje investování. Po vypršení platnosti systém automaticky reinvestuje váš kapitál.
noTeamMembers,No team members yet.,暂无团队成员。,暫無團隊成員。,まだチームメンバーがいません。,아직 팀원이 없습니다.,Tiada ahli pasukan lagi.,ยังไม่มีสมาชิกในทีม,Chưa có thành viên nhóm.,अभी तक कोई टीम सदस्य नहीं हैं।,Keine Teammitglieder vorhanden.,Aucun membre d’équipe pour le moment.,Nenhum membro da equipe no momento.,No hay miembros en el equipo por ahora.,Nessun membro del team al momento.,Geen teamleden gevonden,Ingen teammedlemmer funnet,Inga teammedlemmar finns,Niciun membru de echipă găsit,Žádní členové týmu
inviteFriends,Invite your friends to join your team!,邀请好友加入您的团队！,邀請好友加入您的團隊！,友達をチームに招待しましょう！,친구를 팀에 초대하세요!,Jemput rakan anda untuk menyertai pasukan anda!,เชิญชวนเพื่อนของคุณเข้าร่วมทีม!,Mời bạn bè tham gia nhóm của bạn!,अपने दोस्तों को अपनी टीम में शामिल होने के लिए आमंत्रित करें!,Laden Sie Freunde in Ihr Team ein!,Invitez vos amis à rejoindre votre équipe !,Convide seus amigos para o time!,¡Invita a tus amigos a tu equipo!,Invita i tuoi amici a unirsi al team!,Nodig vrienden uit om mee te doen,Inviter venner til teamet ditt,Bjud in vänner till ditt lag,Invitați prieteni în echipa dvs.,Pozvěte přátele do svého týmu!
daysFund,Days Fund,天基金,天基金,日数ファンド,일수 펀드,Dana Hari,กองทุนรายวัน,Quỹ ngày,दिन फंड,Laufzeitfonds,Fonds à durée déterminée,Fundo por duração,Fondo por días,Fondo a termine,Dagen Fonds,Dagers Fond,Dagars Fond,Fondul de zile,Denní fond
teamMembers,Team Members,团队成员,團隊成員,チームメンバー,팀 멤버,Ahli Pasukan,สมาชิกทีม,Thành viên nhóm,टीम सदस्य,Teammitglieder,Membres de l’équipe,Membros da equipe,Miembros del equipo,Membri del team,Teamleden,Teammedlemmer,Lagmedlemmar,Membri echipă,Členové týmu
onlyShowDepositors,Only show depositors,仅显示存款人,僅顯示存款人,預入者のみ表示,예금자만 표시,Hanya tunjuk pendeposit,แสดงเฉพาะผู้ฝากเงิน,Chỉ hiển thị người gửi tiền,केवल जमाकर्ता दिखाएं,Nur Einzahler anzeigen,Afficher uniquement les déposants,Mostrar apenas depositantes,Mostrar solo depositantes,Mostra solo chi ha depositato,Toon alleen storters,Vis bare innskytere,Visa endast insättare,Afișează doar cei care au depus,Aktivní pouze vkladatelé
myAssets,My Assets,我的资产,我的資產,マイアセット,내 자산,Aset Saya,สินทรัพย์ของฉัน,Tài sản của tôi,मेरी संपत्ति,Mein Vermögen,Mes actifs,Meus ativos,Mis activos,I miei asset,Mijn activa,Mine eiendeler,Mina tillgångar,Activele mele,Můj majetek
depositWarning,"When depositing this currency, please ensure that you use only the networks supported by 9M AI, as listed above. To prevent the potential loss of funds, do not use any other networks or smart contracts.",存入该币种时，请确保仅使用9M AI支持的上述网络。为防止资金潜在损失，请勿使用其他网络或智能合约。,存入該幣種時，請確保僅使用9M AI支持的上述網絡。為防止資金潛在損失，請勿使用其他網絡或智能合約。,この通貨を入金する際は、上記の9M AIがサポートするネットワークのみを使用してください。資金の損失を防ぐため、他のネットワークやスマートコントラクトは使用しないでください。,이 통화를 입금할 때는 반드시 위에 나열된 9M AI가 지원하는 네트워크만 사용하십시오. 자금 손실을 방지하기 위해 다른 네트워크나 스마트 계약을 사용하지 마십시오.,"Apabila mendepositkan mata wang ini, pastikan anda menggunakan hanya rangkaian yang disokong oleh 9M AI seperti yang disenaraikan di atas. Untuk mengelakkan kehilangan dana yang berpotensi, jangan gunakan mana-mana rangkaian atau kontrak pintar lain.",เมื่อฝากสกุลเงินนี้ โปรดตรวจสอบให้แน่ใจว่าคุณใช้เฉพาะเครือข่ายที่รองรับโดย 9M AI ตามที่ระบุไว้ข้างต้น เพื่อป้องกันการสูญเสียเงินทุน อย่าใช้เครือข่ายอื่นหรือสัญญาอัจฉริยะ,"Khi gửi tiền loại tiền này, vui lòng đảm bảo chỉ sử dụng các mạng được hỗ trợ bởi 9M AI như liệt kê ở trên. Để tránh mất tiền tiềm ẩn, không sử dụng bất kỳ mạng hoặc hợp đồng thông minh nào khác.","इस मुद्रा को जमा करते समय, कृपया सुनिश्चित करें कि आप केवल 9M AI द्वारा समर्थित नेटवर्क का उपयोग करते हैं, जैसा कि ऊपर सूचीबद्ध है। धन की संभावित हानि को रोकने के लिए, किसी अन्य नेटवर्क या स्मार्ट कॉन्ट्रैक्ट का उपयोग न करें।",Verwenden Sie beim Einzahlen dieser Währung nur das oben unterstützte Netzwerk von 9M AI. Andere Netzwerke oder Smart Contracts könnten zu Verlusten führen.,"Lors du dépôt, veuillez utiliser uniquement les réseaux pris en charge par 9M AI pour éviter toute perte de fonds.","Ao depositar, use apenas as redes suportadas pela 9M AI para evitar perdas.","Al depositar, asegúrese de usar solo redes compatibles con 9M AI para evitar pérdidas.","Quando depositi questa criptovaluta, assicurati di utilizzare solo le reti supportate da 9M AI per evitare perdite di fondi.",Gebruik alleen het netwerk ondersteund door 9M AI voor stortingen. Gebruik geen ander netwerk of slimme contracten om verlies te voorkomen.,Bruk kun nettverket støttet av 9M AI ved innskudd. Ikke bruk andre nettverk eller smartkontrakter.,Använd endast nätverket som stöds av 9M AI vid insättning. Undvik andra nätverk eller smarta kontrakt.,Folosiți doar rețeaua acceptată de 9M AI pentru depuneri. Nu folosiți alte rețele sau contracte inteligente.,Používejte pouze síť podporovanou 9M AI. Nepoužívejte jiné sítě ani chytré smlouvy.
confirmInfo,Confirm Information,确认信息,確認信息,情報確認,정보 확인,Sahkan Maklumat,ยืนยันข้อมูล,Xác nhận thông tin,जानकारी की पुष्टि करें,Informationen bestätigen,Confirmer les informations,Confirmar informações,Confirmar información,Conferma informazioni,Bevestig informatie,Bekreft informasjon,Bekräfta information,Confirmă informațiile,Potvrďte informace
withdrawalCurrency,Withdrawal Currency,提币币种,提幣幣種,出金通貨,출금 통화,Mata Wang Pengeluaran,สกุลเงินที่ถอน,Loại tiền rút,निकासी मुद्रा,Abhebungswährung,Devise de retrait,Cripto para saque,Criptomoneda de retiro,Criptovaluta per il prelievo,Valuta voor opname,Uttaksvaluta,Uttagsvaluta,Monedă pentru retragere,Měna pro výběr
confirmSubmit,Confirm and Submit,确认提交,確認提交,確認して送信,확인 및 제출,Sahkan dan Hantar,ยืนยันและส่ง,Xác nhận và gửi,पुष्टि करें और सबमिट करें,Einreichen bestätigen,Confirmer la soumission,Confirmar envio,Confirmar envío,Conferma invio,Bevestiging indienen,Bekreft innsending,Bekräfta inskickning,Confirmă trimiterea,Potvrdit odeslání
amount,Amount,金额,金額,金額,금액,Jumlah,จำนวน,Số lượng,राशि,Betrag,Montant,Quantia,Monto,Importo,Bedrag,Beløp,Belopp,Sumka,Částka
withdrawSuccess,Withdraw successful,提现成功,提現成功,出金成功,출금 성공,Pengeluaran Berjaya,ถอนเงินสำเร็จ,Rút tiền thành công,निकासी सफल,Auszahlung erfolgreich,Retrait réussi,Retirada bem-sucedida,Retiro exitoso,Prelievo riuscito,Opname succesvol,Uttak vellykket,Uttag lyckades,Retragere cu succes,Výběr úspěšný
exchangeConfirmation,Confirmation of exchange,兑换确认,兌換確認,交換確認,교환 확인,Pengesahan Pertukaran,การยืนยันการแลกเปลี่ยน,Xác nhận giao dịch,विनिमय की पुष्टि,Tausch bestätigen,Confirmer l’échange,Confirmar conversão,Confirmar intercambio,Conferma cambio,Bevestiging van omwisseling,Bekreft veksling,Bekräfta växling,Confirmare schimb,Změna potvrzena
channel,Channel,渠道,渠道,チャネル,채널,Saluran,ช่องทาง,Kênh,चैनल,Kanal,Canal,Canal,Canal,Canale,Kanaal,Kanal,Kanal,Canal,Kanál
expectedToReceive,Expected to receive,预计收到,預計收到,受取予定額,예상 수령액,Dijangka Terima,คาดว่าจะได้รับ,Dự kiến nhận được,प्राप्त होने की उम्मीद,Voraussichtlich erhalten,Montant estimé,Valor estimado a receber,Monto estimado a recibir,Previsto in arrivo,Geschat ontvangen,Forventet mottatt,Förväntad mottagning,Estimare primire,Očekávaný příjem
securityCheck,Security check in progress..,安全检查中..,安全檢查中..,セキュリティチェック中..,보안 검사 진행 중..,Pemeriksaan keselamatan sedang dijalankan..,กำลังตรวจสอบความปลอดภัย..,Đang kiểm tra bảo mật..,सुरक्षा जांच प्रगति पर है..,Sicherheitsprüfung läuft…,Vérification de sécurité en cours…,Verificação de segurança em andamento…,Verificación de seguridad en curso…,Controllo di sicurezza in corso…,Beveiligingscontrole bezig,Sikkerhetssjekk pågår,Säkerhetskontroll pågår,Verificare de securitate,Kontrola zabezpečení probíhá
withdrawComplete,Withdraw Complete,提现完成,提現完成,出金完了,출금 완료,Pengeluaran Selesai,ถอนเงินเสร็จสิ้น,Hoàn tất rút tiền,निकासी पूर्ण,Auszahlung abgeschlossen,Retrait terminé,Retirada concluída,Retiro completado,Prelievo completato,Opname voltooid,Uttak fullført,Uttag slutförd,Retragere finalizată,Výběr dokončen
withdrawNotice,The profits you withdraw will be deposited into your account.,您提取的收益将存入您的账户。,您提取的收益將存入您的賬戶。,出金した利益はアカウントに振り込まれます。,출금한 수익은 계좌로 입금됩니다.,Keuntungan yang anda keluarkan akan didepositkan ke dalam akaun anda.,กำไรที่คุณถอนจะถูกฝากเข้าบัญชีของคุณ,Lợi nhuận bạn rút sẽ được chuyển vào tài khoản của bạn.,आपके द्वारा निकाला गया लाभ आपके खाते में जमा कर दिया जाएगा।,Ihre abgehobenen Erträge werden Ihrem Konto gutgeschrieben.,Vos gains retirés seront crédités sur votre compte.,Os lucros retirados serão creditados em sua conta.,Las ganancias retiradas se acreditarán en tu cuenta.,I rendimenti prelevati verranno accreditati sul tuo account.,Uw opgenomen opbrengst wordt bijgeschreven op uw account.,Den uttatte inntekten vil bli kreditert din konto.,Din uttagna avkastning kommer att sättas in på ditt konto.,Câștigul retras va fi adăugat în contul dvs.,Váš výběr bude připsán na váš účet.
viewAccount,View Account,查看账户,查看賬戶,アカウントを表示,계정 보기,Lihat Akaun,ดูบัญชี,Xem tài khoản,खाता देखें,Konto anzeigen,Voir le compte,Ver conta,Ver cuenta,Visualizza account,Account bekijken,Se konto,Visa konto,Vedeți contul,Zobrazit účet
accountSettings,Account Settings,账户设置,賬戶設置,アカウント設定,계정 설정,Tetapan Akaun,การตั้งค่าบัญชี,Cài đặt tài khoản,खाता सेटिंग्स,Kontoeinstellungen,Paramètres du compte,Configurações da conta,Configuración de cuenta,Impostazioni account,Accountinstellingen,Kontooppsett,Kontoinställningar,Setări cont,Nastavení účtu
transactionSettings,Transaction Settings,交易设置,交易設置,取引設定,거래 설정,Tetapan Transaksi,การตั้งค่าธุรกรรม,Cài đặt giao dịch,लेन-देन सेटिंग्स,Handelseinstellungen,Paramètres de trading,Configurações de negociação,Configuración de comercio,Impostazioni di trading,Handelsinstellingen,Handelsinnstillinger,Handelsinställningar,Setări tranzacție,Nastavení obchodování
selectLanguage,Select a Language,选择语言,選擇語言,言語を選択,언어 선택,Pilih Bahasa,เลือกภาษา,Chọn ngôn ngữ,भाषा चुनें,Sprache wählen,Choisir la langue,Selecionar idioma,Seleccionar idioma,Seleziona lingua,Taal kiezen,Velg språk,Välj språk,Alegeți limba,Vyberte jazyk
logoutConfirm,Are you sure you want to log out of your current account?,确定要退出当前账户吗？,確定要退出當前賬戶嗎？,現在のアカウントからログアウトしますか？,현재 계정에서 로그아웃하시겠습니까?,Adakah anda pasti ingin log keluar dari akaun semasa?,คุณแน่ใจหรือไม่ว่าต้องการออกจากบัญชีปัจจุบัน?,Bạn có chắc chắn muốn đăng xuất khỏi tài khoản hiện tại?,क्या आप वाकई अपने वर्तमान खाते से लॉग आउट करना चाहते हैं?,Möchten Sie sich wirklich abmelden?,Voulez-vous vraiment vous déconnecter ?,Tem certeza de que deseja sair da conta atual?,¿Está seguro de que desea cerrar sesión?,Sei sicuro di voler uscire dall’account attuale?,Weet u zeker dat u wilt uitloggen?,Er du sikker på at du vil logge ut?,Vill du logga ut från kontot?,Sunteți sigur că doriți să vă deconectați?,Opravdu se chcete odhlásit?
enhanceSecurity,Enhance Security,增强安全,增強安全,セキュリティ強化,보안 강화,Tingkatkan Keselamatan,เพิ่มความปลอดภัย,Tăng cường bảo mật,सुरक्षा बढ़ाएं,Sicherheit verbessern,Sécurité renforcée,Segurança aprimorada,Seguridad mejorada,Sicurezza avanzata,Verbeterde beveiliging,Forbedret sikkerhet,Förbättrad säkerhet,Securitate îmbunătățită,Zvýšené zabezpečení
notOpenYet,Not open yet,尚未开放,尚未開放,まだ公開されていません,아직 오픈되지 않음,Belum Dibuka,ยังไม่เปิด,Chưa mở,अभी तक नहीं खुला,Noch nicht verfügbar,Pas encore disponible,Ainda não disponível,Aún no disponible,Non ancora disponibile,Nog niet beschikbaar,Ikke tilgjengelig ennå,Inte tillgänglig än,Încă indisponibil,Zatím není k dispozici
history,History,历史记录,歷史記錄,履歴,내역,Sejarah,ประวัติ,Lịch sử,इतिहास,Verlauf,Historique,Histórico,Historial,Cronologia,Geschiedenis,Historikk,Historik,Istoric,Historie
deleteAddress,Delete Address,删除地址,刪除地址,アドレス削除,주소 삭제,Padam Alamat,ลบที่อยู่,Xóa địa chỉ,पता हटाएं,Adresse löschen,Supprimer l’adresse,Excluir endereço,Eliminar dirección,Elimina indirizzo,Adres verwijderen,Slett adresse,Radera adress,Șterge adresa,Smazat adresu
deleteAddressConfirm,"Please confirm the deletion of the selected addresses. They can be re-imported after deletion; however, proceed with caution.",请确认删除所选地址。删除后可以重新导入，但请谨慎操作。,請確認刪除所選地址。刪除後可以重新導入，但請謹慎操作。,選択したアドレスの削除を確認してください。削除後も再インポート可能ですが、慎重に操作してください。,선택한 주소 삭제를 확인하십시오. 삭제 후 다시 가져올 수 있지만 주의해서 진행하십시오.,"Sahkan pemadaman alamat yang dipilih. Ia boleh diimport semula selepas pemadaman; namun, teruskan dengan berhati-hati.",โปรดยืนยันการลบที่อยู่ที่เลือก สามารถนำเข้ากลับมาได้หลังการลบ แต่โปรดดำเนินการด้วยความระมัดระวัง,"Vui lòng xác nhận xóa các địa chỉ đã chọn. Chúng có thể được nhập lại sau khi xóa; tuy nhiên, hãy thận trọng.","कृपया चयनित पतों को हटाने की पुष्टि करें। हटाने के बाद उन्हें फिर से आयात किया जा सकता है; हालांकि, सावधानी से आगे बढ़ें।",Bitte bestätigen Sie das Löschen der ausgewählten Adresse. Sie kann später erneut importiert werden – bitte mit Vorsicht verwenden.,"Veuillez confirmer la suppression de l’adresse sélectionnée. Elle pourra être réimportée ultérieurement, mais agissez avec prudence.","Confirme a exclusão do endereço selecionado. Pode ser reimportado, mas proceda com cautela.","Por favor, confirme la eliminación de la dirección seleccionada. Puede volver a importarse, pero proceda con precaución.","Conferma l’eliminazione dell’indirizzo selezionato. Potrai reimportarlo, ma procedi con cautela.","Bevestig het verwijderen van het geselecteerde adres. Het kan opnieuw worden geïmporteerd, maar wees voorzichtig.","Bekreft sletting av valgt adresse. Det kan importeres på nytt, men vær forsiktig.",Bekräfta raderingen av vald adress. Det kan importeras igen men var försiktig.,Confirmați ștergerea adresei selectate. Poate fi reimportată ulterior.,"Potvrďte smazání vybrané adresy. Lze ji znovu importovat, ale buďte opatrní."
vipEarningsLimit,VIP earnings limit,VIP收益上限,VIP收益上限,VIP収益上限,VIP 수익 한도,Had Pendapatan VIP,ขีดจำกัดรายได้ VIP,Giới hạn thu nhập VIP,VIP लाभ सीमा,VIP-Ertragslimit,Plafond de gains VIP,Limite de ganhos VIP,Límite de ganancias VIP,Limite dei guadagni VIP,VIP opbrengstlimiet,VIP-inntektsgrense,VIP-intäktsgräns,Limit câștiguri VIP,VIP limit příjmů
excludedEarningsNote,Does not include earnings obtained by users through purchasing fund products,不包含用户通过购买基金产品所获得的收益,不包含用戶通過購買基金產品所獲得的收益,ユーザーがファンド商品購入で得た収益は含まれません,사용자가 펀드 상품 구매를 통해 얻은 수익은 포함되지 않습니다,Tidak termasuk pendapatan yang diperoleh pengguna melalui pembelian produk dana,ไม่รวมรายได้ที่ผู้ใช้ได้รับจากการซื้อผลิตภัณฑ์กองทุน,Không bao gồm thu nhập người dùng nhận được thông qua việc mua sản phẩm quỹ,उपयोगकर्ता ने निवेश किए गए सभी निवेशों के लिए लाभ नहीं मिलेगा,Einnahmen aus dem Fondsinvestment sind nicht enthalten,N’inclut pas les revenus provenant de l’achat de produits de fonds,Não inclui os lucros obtidos com a compra de fundos,No incluye las ganancias generadas por compra de fondos,Non include i profitti ottenuti dagli investimenti nei fondi,Exclusief opbrengsten via fondsproducten,Inntekter fra fondsprodukter er ikke inkludert,Intäkter från fondköp ingår ej,Nu include câștiguri din fonduri,Nevztahuje se na výnosy z fondů
verificationCodeMustBe6Digits,Verification code must be 6 digits,验证码必须为6位数字,驗證碼必須為6位數字,確認コードは6桁の数字でなければなりません,인증번호는 6자리 숫자여야 합니다,Kod pengesahan mestilah 6 digit,รหัสยืนยันต้องเป็นตัวเลข 6 หลัก,Mã xác minh phải là 6 chữ số,सत्यापन कोड 6 अंकों की आवश्यकता है,Der Code muss aus 6 Ziffern bestehen,Le code doit comporter 6 chiffres,O código deve conter 6 dígitos,El código debe tener 6 dígitos,Il codice deve essere composto da 6 cifre,Verificatiecode moet 6 cijfers zijn,Koden må være 6 sifre,Koden måste vara 6 siffror,Codul de verificare trebuie să aibă 6 cifre,Ověřovací kód musí mít 6 číslic
resend,Resend,重新发送,重新發送,再送信,다시 보내기,Kemaskini,ส่ง lại,Gửi lại,पुनः भेजें,Erneut senden,Renvoyer,Reenviar,Reenviar,Invia di nuovo,Opnieuw verzenden,Send på nytt,Skicka igen,Trimite din nou,Odeslat znovu
googleAuthenticatorValidTime,The key of Google Authenticator is valid for 30 seconds. Please enter the correct key within the valid time.,Google身份验证器的密钥有效期为30秒。请在有效期内输入正确的密钥。,Google身份驗證器的密鑰有效期為30秒。請在有效期內輸入正確的密鑰。,Google Authenticatorのキーは30秒間有効です。有効期限内に正しいキーを入力してください。,Google Authenticator의 키는 30초간 유효합니다. 유효 기간 내에 올바른 키를 입력하세요.,Kunci Google Authenticator adalah sah selama 30 detik. Sila masukkan kunci yang betul dalam masa yang sah.,ключ Google Authenticator ถูกต้อง selama 30 วินาที โปรดใส่ключที่ถูกต้องภายในช่วงเวลาที่กำหนด,Mã xác minh Google Authenticator có hiệu lực trong 30 giây. Vui lòng nhập mã xác minh đúng trong khoảng thời gian này.,Google Authenticator की कुंजी 30 सेकंड के लिए वैध होती है। कृपया वैध समय के भीतर सही कुंजी दर्ज करें।,Der Google Authenticator-Code ist 30 Sekunden gültig. Bitte innerhalb dieses Zeitraums eingeben.,Le code Google Authenticator est valide pendant 30 secondes. Veuillez l’utiliser dans ce délai.,A chave do Google Authenticator é válida por 30 segundos. Insira dentro do prazo.,El código de Google Authenticator es válido por 30 segundos. Ingrésalo dentro del plazo.,Il codice Google Authenticator è valido per 30 secondi. Inseriscilo entro il tempo limite.,De sleutel van de Google Authenticator is 30 seconden geldig. Voer binnen die tijd de juiste code in.,Google Authenticator-nøkkelen er gyldig i 30 sekunder. Skriv inn riktig kode innen den tiden.,Nyckeln från Google Authenticator är giltig i 30 sekunder. Ange koden inom denna tid.,Codul Google Authenticator este valabil 30 de secunde. Introduceți-l corect în acest interval.,Kód z aplikace Google Authenticator je platný 30 sekund. Zadejte jej včas.
accountNotExist,Account does not exist,账号不存在,賬號不存在,アカウントが存在しません,계정이 존재하지 않습니다,Akaun tidak wujud,บัญชีไม่มีอยู่,Tài khoản không tồn tại,खाता मौजूद नहीं है,Konto existiert nicht,Compte inexistant,Conta não encontrada,La cuenta no existe,Account inesistente,Account bestaat niet,Konto eksisterer ikke,Kontot finns inte,Contul nu există,Účet neexistuje
accountDisabled,Account has been disabled,账号已被禁用,賬號已被禁用,アカウントは無効化されています,계정이 비활성화되었습니다,Akaun telah dilumpuhkan,บัญชีถูกปิดใช้งานแล้ว,Tài khoản đã bị vô hiệu hóa,खाता अक्षम कर दिया गया है,Konto wurde deaktiviert,Compte désactivé,Conta desativada,La cuenta ha sido deshabilitada,Account disabilitato,Account is uitgeschakeld,Konto er deaktivert,Kontot är inaktiverat,Contul a fost dezactivat,Účet byl deaktivován
parentAccountNotExist,Parent account does not exist,母账号不存在,母賬號不存在,親アカウントが存在しません,상위 계정이 존재하지 않습니다,Akaun induk tidak wujud,บัญชีแม่ไม่มีอยู่,Tài khoản mẹ không tồn tại,मूल खाता मौजूद नहीं है,Hauptkonto nicht gefunden,Compte principal inexistant,Conta principal não existe,La cuenta principal no existe,Account principale inesistente,Hoofdaccount bestaat niet,Hovedkontoen finnes ikke,Huvudkontot finns inte,Contul principal nu există,Hlavní účet neexistuje
parentAccountNotLoggedIn,Parent account is not logged in,母账号没有登录,母賬號沒有登錄,親アカウントがログインしていません,상위 계정이 로그인되지 않았습니다,Akaun induk belum log masuk,บัญชีแม่ยังไม่ได้ล็อกอิน,Tài khoản mẹ chưa đăng nhập,मूल खाता लॉगिन नहीं किया गया है,Hauptkonto nicht eingeloggt,Compte principal non connecté,Conta principal não conectada,La cuenta principal no ha iniciado sesión,Account principale non connesso,Hoofdaccount is niet ingelogd,Hovedkontoen er ikke logget inn,Huvudkontot är inte inloggat,Contul principal nu este conectat,Hlavní účet není přihlášen
newDeviceLogin,Login from new device,新设备登录,新設備登錄,新しいデバイスからのログイン,새 기기에서 로그인,Log masuk dari peranti baru,ล็อกอินจากอุปกรณ์ใหม่,Đăng nhập từ thiết bị mới,नए डिवाइस से लॉगिन,Neues Gerät angemeldet,Nouvelle connexion détectée,Novo dispositivo conectado,Nuevo dispositivo conectado,Nuovo dispositivo rilevato,Inloggen op nieuw apparaat,Ny enhetspålogging,Inloggning från ny enhet,Autentificare pe un dispozitiv nou,Přihlášení na novém zařízení
tokenNotExist,Token does not exist,Token不存在,Token不存在,トークンが存在しません,토큰이 존재하지 않습니다,Token tidak wujud,Token ไม่มีอยู่,Token không tồn tại,टोकन मौजूद नहीं है,Token existiert nicht,Jeton inexistant,Token inexistente,Token no válido,Token inesistente,Token bestaat niet,Token finnes ikke,Token finns inte,Tokenul nu există,Token neexistuje
loginTimeout,"Login timeout, please login again","登录超时,请重新登录","登錄超時,請重新登錄",ログインがタイムアウトしました、再度ログインしてください,"로그인 시간 초과, 다시 로그인해 주세요","Log masuk tamat tempoh, sila log masuk semula","ล็อกอินหมดเวลา, กรุณาล็อกอินอีกครั้ง","Đăng nhập hết hạn, vui lòng đăng nhập lại","लॉगिन समय समाप्त, कृपया पुनः लॉगिन करें",Anmeldung abgelaufen. Bitte erneut anmelden.,Connexion expirée. Veuillez vous reconnecter.,Sessão expirada. Faça login novamente.,"La sesión ha expirado. Por favor, inicia sesión de nuevo.",Timeout di login. Effettua nuovamente l’accesso.,"Sessie verlopen, log opnieuw in","Innlogging utløpt, vennligst logg inn på nytt","Inloggning har gått ut, vänligen logga in igen","Autentificare expirată, vă rugăm să vă reconectați","Přihlášení vypršelo, přihlaste se znovu"
notSubAccount,This account is not a sub-account,该账号不是子账号,該賬號不是子賬號,このアカウントはサブアカウントではありません,이 계정은 하위 계정이 아닙니다,Akaun ini bukan akaun sub,บัญชีนี้ไม่ใช่บัญชีย่อย,Tài khoản này không phải là tài khoản con,यह खाता उपखाता नहीं है,Dieses Konto ist kein Unterkonto,Ce compte n’est pas un sous-compte,Esta conta não é uma subconta,Esta cuenta no es una subcuenta,Questo account non è un sottoconto,Dit account is geen subaccount,Denne kontoen er ikke en underkonto,Det här kontot är inte ett underkonto,Acest cont nu este un cont secundar,Tento účet není podúčet
subAccountCannotLoginDirectly,Sub-accounts cannot login directly,子账号不能直接登录,子賬號不能直接登錄,サブアカウントは直接ログインできません,하위 계정은 직접 로그인할 수 없습니다,Akaun sub tidak boleh log masuk secara langsung,บัญชีย่อยไม่สามารถล็อกอินโดยตรง,Tài khoản con không thể đăng nhập trực tiếp,उपखाता सीधे लॉगिन नहीं कर सकते,Unterkonten können sich nicht direkt anmelden,Les sous-comptes ne peuvent pas se connecter directement,Subcontas não podem fazer login diretamente,Las subcuentas no pueden iniciar sesión directamente,I sottoconti non possono accedere direttamente,Subaccounts kunnen niet direct inloggen,Underkontoer kan ikke logge inn direkte,Underkonton kan inte logga in direkt,Conturile secundare nu pot accesa direct,Podúčty se nemohou přihlásit přímo
subAccountNoRelation,This sub-account has no associated relationship,该子账号不存在关联关系,該子賬號不存在關聯關係,このサブアカウントには関連関係が存在しません,이 하위 계정에는 연관 관계가 존재하지 않습니다,Akaun sub ini tidak mempunyai hubungan yang berkaitan,บัญชีย่อยนี้ไม่มีความสัมพันธ์ที่เกี่ยวข้อง,Tài khoản con này không có mối quan hệ liên kết,इस उपखाते का कोई संबंधित संबंध नहीं है,Dieses Unterkonto hat keine zugewiesene Beziehung,Ce sous-compte n’est lié à aucun compte principal,A subconta não está vinculada a nenhuma conta principal,Esta subcuenta no está asociada a ninguna cuenta principal,Il sottoconto non è associato a un account principale,Geen gekoppelde relatie gevonden voor dit subaccount,Underkontoet har ingen tilknytning,Ingen associering hittades för underkontot,Acest cont secundar nu este asociat,Tento podúčet není propojen
subAccountHasEmail,The sub-account has an email address,该子账号存在邮箱,該子賬號存在郵箱,サブアカウントにメールアドレスが存在します,해당 하위 계정에 이메일이 존재합니다,Akaun sub mempunyai alamat e-mel,บัญชีย่อยมีที่อยู่อีเมล,Tài khoản con có địa chỉ email,उप-खाते में एक ईमेल पता है,Dieses Unterkonto ist bereits mit einer E-Mail verbunden,Ce sous-compte a déjà une adresse e-mail,Esta subconta já possui um e-mail vinculado,Esta subcuenta ya tiene correo electrónico asociado,Il sottoconto ha già un’e-mail associata,Dit subaccount heeft een gekoppeld e-mailadres,Underkontoet har en e-post tilknyttet,Underkontot har ett e-postkonto,Acest cont secundar are un e-mail asociat,Podúčet má přiřazený e-mail
parentAccountNoEmail,The parent account has no email bound,母账号没有绑定邮箱,母賬號沒有綁定郵箱,親アカウントにメールがバインドされていません,상위 계정에 이메일이 연결되지 않았습니다,Akaun induk tidak mempunyai e-mel terikat,บัญชีแม่ไม่ได้ผูกมัดอีเมล,Tài khoản mẹ chưa liên kết email,मूल खाते में कोई ईमेल बंधा नहीं है,Hauptkonto hat keine E-Mail verknüpft,Le compte principal n’a pas de courriel associé,Conta principal sem e-mail vinculado,La cuenta principal no tiene correo electrónico vinculado,L’account principale non ha un’e-mail collegata,Hoofdaccount heeft geen e-mailadres gekoppeld,Hovedkontoen har ikke en tilknyttet e-post,Huvudkontot har ingen e-postadress kopplad,Contul principal nu are e-mail asociat,Hlavní účet nemá přiřazený e-mail
subAccountAlreadyBound,The sub-account is already bound to a parent account,该子账号已经绑定过母账号,該子賬號已經綁定過母賬號,このサブアカウントは既に親アカウントにバインドされています,해당 하위 계정은 이미 상위 계정과 연결되었습니다,Akaun sub sudah terikat dengan akaun induk,บัญชีย่อยนี้ถูกผูกกับบัญชีแม่แล้ว,Tài khoản con đã được liên kết với tài khoản mẹ,उप-खाता पहले से ही एक मूल खाते से बंधा हुआ है,Dieses Unterkonto ist bereits mit einem Hauptkonto verbunden,Ce sous-compte est déjà lié à un compte principal,Esta subconta já está vinculada a uma conta principal,Esta subcuenta ya está vinculada a una cuenta principal,Il sottoconto è già associato a un account principale,Subaccount is al gekoppeld aan een hoofdaccount,Underkontoet er allerede koblet til hovedkonto,Underkontot är redan kopplat till ett huvudkonto,Contul secundar este deja asociat cu un cont principal,Podúčet je již propojen s hlavním účtem
boundParentIsSubAccount,The bound parent account is a sub-account and cannot be bound again,被绑定的母账号属于子账号，不能再次绑定,被綁定的母賬號屬於子賬號，不能再次綁定,バインドされた親アカウントはサブアカウントであるため、再度バインドできません,연결된 상위 계정이 하위 계정이므로 다시 연결할 수 없습니다,"Akaun induk yang terikat adalah akaun sub, tidak boleh diikat lagi",บัญชีแม่ที่ถูกผูกไว้เป็นบัญชีย่อย ไม่สามารถผูกได้อีก,"Tài khoản mẹ được liên kết là tài khoản con, không thể liên kết lại","बंधा हुआ मूल खाता एक उप-खाता है, इसे फिर से नहीं बांधा जा सकता",Das verbundene Hauptkonto ist selbst ein Unterkonto und kann nicht erneut verknüpft werden,"Le compte principal sélectionné est un sous-compte, liaison impossible",A conta principal vinculada é uma subconta e não pode ser vinculada novamente,"La cuenta principal vinculada es una subcuenta, no se puede vincular","L’account principale selezionato è un sottoconto, impossibile procedere",Gekoppeld hoofdaccount is zelf een subaccount,Hovedkontoen som er tilknyttet er en underkonto,Huvudkontot som är kopplat är ett underkonto,"Contul principal asociat este un cont secundar, nu se poate asocia","Hlavní účet, který je přiřazen, je podúčet, nelze znovu propojit"
parentIsOtherSubAccount,This account already has a binding relationship and cannot be bound to another main account,此账号已有绑定关系，不能再绑定其他主账号,此賬號已有綁定關係，不能再綁定其他主賬號,このアカウントは既にバインド関係があるため、他のメインアカウントにバインドできません,이 계정은 이미 바인딩 관계가 있어 다른 메인 계정에 바인딩할 수 없습니다,Akaun ini sudah mempunyai hubungan pengikatan dan tidak boleh diikat dengan akaun utama lain,บัญชีนี้มีความสัมพันธ์การผูกมัดอยู่แล้ว ไม่สามารถผูกกับบัญชีหลักอื่นได้,Tài khoản này đã có mối quan hệ ràng buộc và không thể liên kết với tài khoản chính khác,इस खाते में पहले से ही एक बंधन संबंध है और इसे किसी अन्य मुख्य खाते से नहीं बांधा जा सकता,Dieses Konto ist bereits mit einem Hauptkonto verbunden und kann nicht erneut verknüpft werden,Ce compte est déjà lié à un compte principal,Esta conta já está vinculada a um outro principal,Esta cuenta ya está vinculada a otra cuenta principal,L’account è già legato a un altro account principale,"Dit account is al gekoppeld, kan niet opnieuw worden gekoppeld","Kontoen er allerede tilknyttet, kan ikke kobles til ny hovedkonto",Kontot är redan kopplat och kan inte kopplas om,"Acest cont este deja asociat, nu poate fi asociat cu alt cont principal","Tento účet je již propojen, nelze propojit s jiným"
bind,Bind,绑定,綁定,バインド,바인딩,Ikatan,ผูกมัด,Liên kết,बांधना,Verknüpfen,Lier,Vincular,Vincular,Associazione,Koppelen,Koble til,Koppla,Asociază,Propojit
bindConfirmation,"This account is already bound to an email. Are you sure you want to bind it as a sub-account? After confirmation, the email information of this account will be cleared.",该账号已绑定邮箱，是否确认将其绑定为子账号？确认后，该账号的邮箱信息将被清除。,該賬號已綁定郵箱，是否確認將其綁定為子賬號？確認後，該賬號的郵箱信息將被清除。,このアカウントは既にメールにバインドされています。サブアカウントとしてバインドしますか？確認後、このアカウントのメール情報は削除されます。,이 계정은 이미 이메일이 바인딩되어 있습니다. 서브 계정으로 바인딩하시겠습니까? 확인 후 이 계정의 이메일 정보는 삭제됩니다.,"Akaun ini telah terikat dengan e-mel. Adakah anda pasti mahu mengikatnya sebagai akaun sub? Selepas pengesahan, maklumat e-mel akaun ini akan dipadamkan.",บัญชีนี้มีการผูกมัดอีเมลแล้ว คุณแน่ใจหรือไม่ว่าต้องการผูกมัดเป็นบัญชีย่อย? หลังจากยืนยัน ข้อมูลอีเมลของบัญชีนี้จะถูกล้าง,"Tài khoản này đã được liên kết email. Bạn có chắc chắn muốn liên kết nó làm tài khoản con? Sau khi xác nhận, thông tin email của tài khoản này sẽ bị xóa.","यह खाता पहले से ही एक ईमेल से बंधा हुआ है। क्या आप इसे एक उप-खाते के रूप में बांधना चाहते हैं? पुष्टि के बाद, इस खाते की ईमेल जानकारी साफ कर दी जाएगी।",Dieses Konto ist mit einer E-Mail verknüpft. Möchten Sie es als Unterkonto verknüpfen? Die E-Mail wird dann gelöscht.,Ce compte a une adresse e-mail. Confirmez-vous l’association en tant que sous-compte ? L’e-mail sera supprimé.,Esta conta tem um e-mail vinculado. Deseja vinculá-la como subconta? O e-mail será removido.,Esta cuenta tiene correo vinculado. ¿Confirmas vincularla como subcuenta? El correo será eliminado.,L’account ha un’e-mail associata. Vuoi associarlo come sottoconto? L’e-mail sarà rimossa.,Dit account heeft een e-mail gekoppeld. Wilt u het koppelen als subaccount? De e-mail zal worden verwijderd.,Kontoet har en tilknyttet e-post. Vil du koble det som underkonto? E-posten slettes.,Kontot har en e-post kopplad. Vill du koppla som underkonto? E-posten tas bort.,Acest cont are un e-mail asociat. Doriți să-l asociați ca subcont? E-mailul va fi șters.,Tento účet má přiřazený e-mail. Chcete jej propojit jako podúčet? E-mail bude odstraněn.
account,Account,账号,賬號,アカウント,계정,Akaun,บัญชี,Tài khoản,खाता,Konto,Compte,Conta,Cuenta,Account,Account,Konto,Konto,Cont,Účet
enterAccount,Please enter account,请输入账号,請輸入賬號,アカウントを入力してください,계정을 입력하세요,Sila masukkan akaun,กรุณาใส่บัญชี,Vui lòng nhập tài khoản,कृपया खाता दर्ज करें,Bitte geben Sie das Konto ein,Veuillez saisir le compte,Insira a conta,Ingresa la cuenta,Inserisci l’account,Voer account in,Vennligst skriv inn konto,Ange konto,Introduceți contul,Zadejte účet
existingAccount,Already have an account? You can bind the original username/password account,已有账号？可将原用户名/密码账号,已有賬號？可將原用戶名/密碼賬號,既存のアカウントをお持ちですか？元のユーザー名/パスワードアカウントをバインドできます,기존 계정이 있습니까? 원래 사용자 이름/비밀번호 계정을 바인딩할 수 있습니다,Sudah ada akaun? Boleh mengikat akaun nama pengguna/kata laluan asal,มีบัญชีอยู่แล้ว? สามารถผูกบัญชีชื่อผู้ใช้/รหัสผ่านเดิม,Đã có tài khoản? Có thể liên kết tài khoản tên người dùng/mật khẩu gốc,पहले से खाता है? मूल उपयोगकर्ता नाम/पासवर्ड खाते को बांध सकते हैं,Bereits ein Konto? Sie können es mit einem Hauptkonto verknüpfen.,Vous avez déjà un compte ? Vous pouvez le lier à un compte principal.,Já tem uma conta? Vincule-a a uma conta principal.,¿Ya tienes cuenta? Puedes vincularla a una cuenta principal.,Hai già un account? Puoi associarlo a un account principale.,Al een account? Koppel je bestaande gebruikersnaam/wachtwoord,Har du allerede en konto? Koble til med brukernavn/passord,Redan ett konto? Anslut med användarnamn/lösenord,Aveți deja un cont? Conectați cu nume utilizator/parolă,Už máte účet? Připojte jej pomocí jména a hesla
bindMainAccount,Bind Main Account,绑定主账号,綁定主賬號,メインアカウントをバインド,메인 계정 바인딩,Ikat Akaun Utama,ผูกบัญชีหลัก,Liên kết Tài khoản Chính,मुख्य खाता बांधें,Hauptkonto verknüpfen,Lier le compte principal,Vincular conta principal,Vincular cuenta principal,Collega account principale,Koppel hoofdaccount,Koble til hovedkonto,Koppla huvudkonto,Asociază cont principal,Propojit hlavní účet
bindLoginHint,"After binding, you can switch sub-accounts by logging into the main account.",绑定后登录主账号即可切换子账号。,綁定後登錄主賬號即可切換子賬號。,バインド後、メインアカウントにログインするだけでサブアカウントを切り替えることができます。,바인딩 후 메인 계정에 로그인하여 서브 계정을 전환할 수 있습니다.,"Selepas pengikatan, anda boleh menukar akaun sub dengan log masuk ke akaun utama.",หลังการผูกมัด คุณสามารถเปลี่ยนบัญชีย่อยโดยการล็อกอินเข้าบัญชีหลัก,"Sau khi liên kết, bạn có thể chuyển đổi tài khoản con bằng cách đăng nhập vào tài khoản chính.","बांधने के बाद, मुख्य खाते में लॉगिन करके उप-खातों को बदल सकते हैं।",Nach der Verknüpfung kann der Hauptaccount zum Wechseln von Unterkonten genutzt werden.,"Une fois lié, vous pouvez passer au sous-compte via le compte principal.","Após vincular, acesse a conta principal para alternar subcontas.","Después de vincular, puedes iniciar sesión con la cuenta principal para cambiar a una subcuenta.","Dopo il collegamento, accedi all’account principale per cambiare sottoconto.",Na koppelen kun je inloggen met hoofdaccount om te wisselen,Etter tilknytning kan du logge inn med hovedkonto og bytte,Efter koppling kan du logga in på huvudkonto och växla,"După asociere, folosiți contul principal pentru a schimba",Po propojení se přihlaste hlavním účtem pro přepínání
accountManagement,Account Management,账号管理,賬號管理,アカウント管理,계정 관리,Pengurusan Akaun,การจัดการบัญชี,Quản lý Tài khoản,खाता प्रबंधन,Kontoverwaltung,Gestion des comptes,Gerenciamento de conta,Gestión de cuenta,Gestione account,Accountbeheer,Kontoadministrasjon,Kontoadministration,Administrare cont,Správa účtu
promptInfo,"To ensure account security, password verification is required when switching accounts on a new device. The binding relationship is valid for 7 days. After expiration, you need to re-enter the sub-account password for verification.",为保障账号安全，在新设备进行切换账号需进行密码验证。绑定关系有效期7天，过期需重新输入子账号密码进行验证。,為保障賬號安全，在新設備進行切換賬號需進行密碼驗證。綁定關係有效期7天，過期需重新輸入子賬號密碼進行驗證。,アカウントの安全性を確保するため、新しいデバイスでアカウントを切り替える際にはパスワード認証が必要です。バインディング関係の有効期間は7日間です。有効期限後は、サブアカウントのパスワードを再入力して認証を行う必要があります。,계정 보안을 위해 새 기기에서 계정 전환 시 비밀번호 확인이 필요합니다. 바인딩 관계는 7일 동안 유효합니다. 만료 후에는 서브 계정 비밀번호를 다시 입력하여 확인해야 합니다.,"Untuk memastikan keselamatan akaun, pengesahan kata laluan diperlukan ketika menukar akaun pada peranti baru. Hubungan pengikatan sah selama 7 hari. Selepas tamat tempoh, anda perlu memasukkan semula kata laluan akaun sub untuk pengesahan.",เพื่อความปลอดภัยของบัญชี จำเป็นต้องยืนยันรหัสผ่านเมื่อเปลี่ยนบัญชีบนอุปกรณ์ใหม่ ความสัมพันธ์การผูกมัดมีอายุ 7 วัน หลังจากหมดอายุ จำเป็นต้องกรอกรหัสผ่านบัญชีย่อยอีกครั้งเพื่อยืนยัน,"Để đảm bảo an toàn tài khoản, cần xác minh mật khẩu khi chuyển đổi tài khoản trên thiết bị mới. Mối quan hệ liên kết có hiệu lực trong 7 ngày. Sau khi hết hạn, bạn cần nhập lại mật khẩu tài khoản phụ để xác minh.","खाता सुरक्षा सुनिश्चित करने के लिए, नए डिवाइस पर खाता बदलते समय पासवर्ड सत्यापन आवश्यक है। बंधन संबंध 7 दिनों के लिए मान्य है। समाप्ति के बाद, सत्यापन के लिए उप-खाता पासवर्ड फिर से दर्ज करना होगा।","Um die Sicherheit zu gewährleisten, ist beim Gerätewechsel eine Passwortüberprüfung erforderlich. Die Verknüpfung ist 7 Tage gültig.","Pour des raisons de sécurité, un changement d’appareil nécessite une vérification du mot de passe. Valable 7 jours.","Para garantir a segurança, é necessário verificar a senha ao trocar de dispositivo. A vinculação expira em 7 dias.","Para proteger tu cuenta, debes verificar la contraseña al cambiar de dispositivo. El vínculo dura 7 días.","Per sicurezza, per cambiare dispositivo è necessario verificare la password. Il collegamento dura 7 giorni.","Om accountveiligheid te garanderen, moet je bij nieuw apparaat wachtwoord opnieuw invoeren. Koppeling is 7 dagen geldig.",For å sikre kontoen må du oppgi passord på nytt ved nytt utstyr. Tilkoblingen varer i 7 dager.,För att skydda kontot måste du bekräfta lösenord på ny enhet. Kopplingen är giltig i 7 dagar.,"Pentru securitate, reintroduceți parola pe un dispozitiv nou. Asociarea e valabilă 7 zile.",Pro zajištění bezpečnosti je při přihlášení na novém zařízení třeba ověřit heslo. Propojení platí 7 dní.
addNewAccount,Add New Account,添加新账号,添加新賬號,新しいアカウントを追加,새 계정 추가,Tambah Akaun Baru,เพิ่มบัญชีใหม่,Thêm Tài khoản Mới,नया खाता जोड़ें,Neues Konto hinzufügen,Ajouter un nouveau compte,Adicionar nova conta,Agregar nueva cuenta,Aggiungi nuovo account,Nieuw account toevoegen,Legg til ny konto,Lägg till nytt konto,Adaugă cont nou,Přidat nový účet
promptInformation,Prompt Information,提示信息,提示信息,プロンプト情報,프롬프트 정보,Maklumat Prompt,ข้อมูลคำแนะนำ,Thông tin Nhắc nhở,प्रॉम्प्ट सूचना,Hinweis,Message d’information,Mensagem de aviso,Mensaje de alerta,Messaggio informativo,Informatiebericht,Informasjonsmelding,Meddelande,Mesaj informativ,Informační zpráva
spot,Spot,现货,現貨,現物,현물,Spot,สปอต,Spot,स्पॉट,Spot-Handel,Comptant,À vista,Mercado spot,Spot,Spotmarkt,Spotmarked,Spotmarknad,Piață spot,Spotový trh
spot_click_tip,Not yet available. Please log in to the latest app to use this feature.,尚未开放，请登录最新APP使用此功能,尚未開放，請登錄最新APP使用此功能,まだ利用できません。最新のアプリにログインしてこの機能を使用してください。,아직 사용할 수 없습니다. 최신 앱에 로그인하여 이 기능을 사용하세요.,Belum tersedia. Sila log masuk ke aplikasi terkini untuk menggunakan ciri ini.,ยังไม่สามารถใช้งานได้ โปรดเข้าสู่ระบบแอปพลิเคชันล่าสุดเพื่อใช้ฟีเจอร์นี้,Chưa có sẵn. Vui lòng đăng nhập vào ứng dụng mới nhất để sử dụng tính năng này.,अभी उपलब्ध नहीं है। कृपया इस सुविधा का उपयोग करने के लिए नवीनतम ऐप में लॉग इन करें।,Noch nicht verfügbar. Bitte in der neuesten App anmelden.,Pas encore disponible. Veuillez vous connecter à l’app la plus récente.,Ainda não disponível. Faça login no aplicativo atualizado.,Aún no disponible. Inicia sesión en la app más reciente.,Non ancora disponibile. Accedi all’app aggiornata.,"Nog niet beschikbaar, log in via de nieuwste app","Ikke tilgjengelig ennå, logg inn med nyeste app","Inte tillgängligt, logga in via senaste appen",Funcția nu este disponibilă. Conectați-vă în cea mai recentă aplicație.,"Zatím není k dispozici, použijte nejnovější aplikaci"
msb_license,MSB License,MSB 牌照,MSB 執照,MSBライセンス,MSB 라이선스,Lesen MSB,ใบอนุญาต MSB,Giấy phép MSB,MSB लाइसेंस,MSB-Lizenz,Licence MSB,Licença MSB,Licencia MSB,Licenza MSB,MSB Licentie,MSB-lisens,MSB-licens,Licență MSB,Licence MSB
sec_license,SEC License,SEC 牌照,SEC 執照,SECライセンス,SEC 라이선스,Lesen SEC,ใบอนุญาต SEC,Giấy phép SEC,SEC लाइसेंस,SEC-Lizenz,Licence SEC,Licença SEC,Licencia SEC,Licenza SEC,SEC Licentie,SEC-lisens,SEC-licens,Licență SEC,Licence SEC
9m_ai_resource,9M AI Resource Library,9M AI 资源库,9M AI 資源庫,9M AIリソースライブラリ,9M AI 자료실,Perpustakaan Sumber 9M AI,ห้องสมุดข้อมูล 9M AI,Thư viện tài nguyên 9M AI,9M AI संसाधन पुस्तकालय,9M AI Ressourcenbibliothek,Bibliothèque de ressources 9M AI,Biblioteca de recursos 9M AI,Biblioteca de recursos de 9M AI,Libreria risorse 9M AI,9M AI Bronbibliotheek,9M AI Ressursbibliotek,9M AI Resursbibliotek,Bibliotecă resurse 9M AI,Knihovna zdrojů 9M AI
faq_posters,Promotional Posters,宣传海报,宣傳海報,プロモーションポスター,홍보 포스터,Poster Promosi,โปสเตอร์ประชาสัมพันธ์,Áp phích quảng bá,प्रचार पोस्टर,Werbeposter,Affiches promotionnelles,Pôsteres promocionais,Pósteres promocionales,Poster promozionali,Promotieposter,Reklameplakat,Reklamaffisch,Poster promoțional,Propagační plakát
faq_document,9M AI Documentation,9M AI 文档资料,9M AI 文件資料,9M AIドキュメント,9M AI 문서,Dokumentasi 9M AI,เอกสารข้อมูล 9M AI,Tài liệu 9M AI,9M AI दस्तावेज़,9M AI Dokumente,Documents de 9M AI,Documentos do 9M AI,Documentos de 9M AI,Documentazione 9M AI,9M AI Documentatie,9M AI-dokumentasjon,9M AI-dokumentation,Documente 9M AI,Dokumenty 9M AI
faq_videos,Promotional Videos,宣传视频,宣傳影片,プロモーション動画,홍보 영상,Video Promosi,วิดีโอโฆษณา,Video quảng bá,प्रचार वीडियो,Werbevideo,Vidéo promotionnelle,Vídeo promocional,Video promocional,Video promozionale,Promotievideo,Reklamevideo,Reklamfilm,Video promoțional,Propagační video
faq_app_download,9M AI App Download,下载 9M AI 应用,下載 9M AI 應用程式,9M AIアプリをダウンロード,9M AI 앱 다운로드,Muat Turun Aplikasi 9M AI,ดาวน์โหลดแอป 9M AI,Tải xuống ứng dụng 9M AI,9M AI ऐप डाउनलोड करें,9M AI App herunterladen,Télécharger l’app 9M AI,Baixar o app 9M AI,Descargar la app de 9M AI,Scarica l’app 9M AI,Download 9M AI-app,Last ned 9M AI-app,Ladda ner 9M AI-app,Descarcă aplicația 9M AI,Stáhnout aplikaci 9M AI
faq_website,9M AI Website,访问 9M AI 官网,前往 9M AI 官方網站,9M AI公式サイト,9M AI 공식 웹사이트,Laman Web 9M AI,เว็บไซต์ 9M AI,Trang web chính thức 9M AI,9M AI वेबसाइट,Offizielle 9M AI-Website besuchen,Accéder au site officiel 9M AI,Visitar o site oficial do 9M AI,Visitar el sitio oficial de 9M AI,Visita il sito ufficiale di 9M AI,Ga naar officiële 9M AI-website,Besøk 9M AI sin nettside,Besök 9M AI:s officiella webbplats,Vizitați site-ul oficial 9M AI,Navštivte oficiální web 9M AI
level_certificate,Level Certificate,等级证书,等級證書,レベル証明書,레벨 인증서,Sijil Tahap,ใบรับรองระดับ,Chứng chỉ cấp độ,स्तर प्रमाणपत्र,Level-Zertifikat,Certificat de niveau,Certificado de nível,Certificado de nivel,Certificato di livello,Niveaucertificaat,Nivåsertifikat,Nivåcertifikat,Certificat de nivel,Certifikát úrovně
shared_success,Share Successful,分享成功,分享成功,共有成功,공유 성공,Berkongsi Berjaya,แชร์สำเร็จ,Chia sẻ thành công,साझा सफल,Erfolgreich geteilt,Partagé avec succès,Compartilhado com sucesso,Compartido con éxito,Condivisione riuscita,Succesvol gedeeld,Delt vellykket,Delning lyckades,Partaj reușit,Sdílení úspěšné
download,Download,下载,下載,ダウンロード,다운로드,Muat Turun,ดาวน์โหลด,Tải xuống,डाउनलोड,Herunterladen,Télécharger,Baixar,Descargar,Scarica,Downloaden,Last ned,Ladda ner,Descarcă,Stáhnout
share,Share,分享,分享,共有,공유,Berkongsi,แชร์,Chia sẻ,साझा करें,Teilen,Partager,Compartilhar,Compartir,Condividi,Delen,Del,Dela,Partajează,Sdílet
my_level,My Level,我的等级,我的等級,マイレベル,내 레벨,Tahap Saya,ระดับของฉัน,Cấp độ của tôi,मेरा स्तर,Mein Level,Mon niveau,Meu nível,Mi nivel,Il mio livello,Mijn niveau,Mitt nivå,Min nivå,Nivelul meu,Moje úroveň
my_highest_level,My Highest Level: {vip},我的最高等级：{vip},我的最高等級：{vip},マイ最高レベル: {vip},내 최고 레벨: {vip},Tahap Tertinggi Saya: {vip},ระดับสูงสุดของฉัน: {vip},Cấp độ cao nhất của tôi: {vip},मेरा उच्चतम स्तर: {vip},Mein höchstes Level: {vip},Mon niveau le plus élevé : {vip},Meu nível mais alto: {vip},Mi nivel más alto: {vip},Mio livello massimo: {vip},Mijn hoogste niveau: {vip} ({star} sterren),Mitt høyeste nivå: {vip} ({star} stjerner),Min högsta nivå: {vip} ({star} stjärnor),Nivelul meu maxim: {vip} ({star} stele),Moje nejvyšší úroveň: {vip} ({star} hvězdy)
my_highest_level_star,({star} Stars),（{star}星）,（{star}星）,（{star}スター）,({star}개 별),({star} Bintang),({star} ดาว),({star} Sao),({star} सितारे),({star} Sterne),({star} étoiles),({star} estrelas),({star} estrellas),({star} stelle),({star} sterren),({star} stjerner),({star} stjärnor),({star} stele),({star} hvězdy)
my_level_slogan,Join us and win together!,加入我们，一起赢！,加入我們，一起贏！,私たちと一緒に勝利を掴みましょう！,함께 참여하고 승리하세요!,Sertai kami dan menang bersama!,เข้าร่วมกับเราและชนะไปด้วยกัน!,Tham gia cùng chúng tôi và cùng chiến thắng!,हमारे साथ जुड़ें और साथ में जीतें!,Mach mit und gewinne mit uns!,Rejoignez-nous pour gagner ensemble !,Junte-se a nós e vença conosco!,¡Únete a nosotros y ganemos juntos!,Unisciti a noi e vinci insieme!,Doe met ons mee en win samen!,Bli med oss og vinn sammen!,Gå med oss och vinn tillsammans!,Alătură-te nouă și câștigă împreună!,Připojte se k nám a vyhrajte společně!
download_and_share,Download and share,下载并分享,下載並分享,ダウンロードして共有,다운로드 및 공유,Muat turun dan kongsikan,ดาวน์โหลดและแชร์,Tải xuống và chia sẻ,डाउनलोड और साझा करें,Jetzt herunterladen und teilen,Téléchargez et partagez,Baixe e compartilhe,Descarga y comparte,Scarica e condividi,Download en deel,Last ned og del,Ladda ner och dela,Descarcă și partajează,Stáhnout a sdílet
basic_info,Basic Information,基本信息,基本資訊,基本情報,기본 정보,Informasi Asas,ข้อมูลพื้นฐาน,Thông tin cơ bản,मूल जानकारी,Grundinformationen,Informations de base,Informações básicas,Información básica,Informazioni di base,Basisinformatie,Grunnleggende info,Grundläggande information,Informații de bază,Základní informace
phone_number,Phone number,手机号,電話號碼,電話番号,전화번호,Nombor telefon,หมายเลขโทรศัพท์,Số điện thoại,फ़ोन नंबर,Telefonnummer,Numéro de téléphone,Número de telefone,Número de teléfono,Numero di telefono,Telefoonnummer,Telefonnummer,Telefonnummer,Număr de telefon,Telefonní číslo
enter_phone_number,Please enter your phone number,请输入您的手机号码,請輸入您的手機號碼,電話番号を入力してください,전화번호를 입력하세요,Sila masukkan nombor telefon anda,กรุณากรอกหมายเลขโทรศัพท์ของคุณ,Vui lòng nhập số điện thoại của bạn,कृपया अपना फ़ोन नंबर दर्ज करें,Bitte geben Sie Ihre Telefonnummer ein,Veuillez entrer votre numéro de téléphone,Insira seu número de telefone,Ingrese su número de teléfono,Inserisci il tuo numero di telefono,Voer uw telefoonnummer in,Vennligst skriv inn ditt telefonnummer,Ange ditt telefonnummer,Vă rugăm să introduceți numărul de telefon,Zadejte své telefonní číslo
enter_email_address,Please enter your email address,请输入您的邮箱地址,請輸入您的郵箱地址,メールアドレスを入力してください,이메일 주소를 입력하세요,Sila masukkan alamat emel anda,กรุณากรอกที่อยู่อีเมลของคุณ,Vui lòng nhập địa chỉ email của bạn,कृपया अपना ईमेल पता दर्ज करें,Bitte geben Sie Ihre E-Mail-Adresse ein,Veuillez entrer votre adresse e-mail,Insira seu e-mail,Veuillez saisir votre adresse e-mail.,Inserisci il tuo indirizzo email,Voer uw e-mailadres in,Vennligst skriv inn e-postadressen,Ange din e-postadress,Introduceți adresa de email,Zadejte svou e-mailovou adresu
venue_address,Venue Address,场地地址,場地地址,会場の住所,장소 주소,Alamat tempat,ที่อยู่สถานที่,Địa chỉ địa điểm,स्थान का पता,Standortadresse,Adresse du site,Endereço do local,Dirección del lugar,Indirizzo del luogo,Locatieadres,Stedadresse,Platsadress,Adresă locație,Adresa místa
enter_venue_address,Please enter the venue address,请输入场地地址,請輸入場地地址,会場の住所を入力してください,장소 주소를 입력하세요,Sila masukkan alamat tempat,กรุณากรอกที่อยู่สถานที่,Nhập địa chỉ địa điểm,कृपया स्थान का पता दर्ज करें,Bitte geben Sie die Standortadresse ein,Veuillez saisir l’adresse du site,Insira o endereço do local,Ingrese la dirección del lugar,Inserisci l’indirizzo del luogo,Voer het locatieadres in,Vennligst skriv inn stedadressen,Ange platsadressen,Introduceți adresa locației,Zadejte adresu místa
contact_info,Contact,联系人,聯絡人,連絡先,연락처,Hubungi,ติดต่อ,Liên hệ,संपर्क,Ansprechpartner,Personne à contacter,Pessoa de contato,Persona de contacto,Contatto,Contactpersoon,Kontaktperson,Kontaktperson,Persoană de contact,Kontaktní osoba
enter_contact_info,Please enter contact information,请输入联系信息,請輸入聯繫信息,連絡先情報を入力してください,연락처 정보를 입력하세요,Sila masukkan maklumat hubungan,กรุณากรอกข้อมูลติดต่อ,Vui lòng nhập thông tin liên hệ,कृपया संपर्क जानकारी दर्ज करें,Bitte geben Sie die Kontaktdaten ein,Veuillez entrer les informations de contact,Insira as informações de contato,Ingrese la información de contacto,Inserisci le informazioni di contatto,Voer contactgegevens in,Vennligst oppgi kontaktinformasjon,Ange kontaktinformation,Introduceți informațiile de contact,Zadejte kontaktní údaje
venue_type,Venue Type,场地类型,場地類型,会場タイプ,장소 유형,Jenis tempat,ประเภทสถานที่,Loại địa điểm,स्थल प्रकार,Standorttyp,Type de lieu,Tipo de local,Tipo de lugar,Tipo di sede,Type locatie,Type sted,Typ av plats,Tip locație,Typ místa
select_venue_type,Please select venue type,请选择场地类型,請選擇場地類型,selecione o tipo de local,会場タイプを選択してください,Chọn loại địa điểm,Sila pilih jenis tempat,장소 유형을 선택하세요,Si prega di selezionare il tipo di sede,Bitte wählen Sie den Standorttyp aus,Veuillez choisir le type de lieu,Selecione o tipo de local,Seleccione el tipo de lugar,Seleziona il tipo di sede,Kies het type locatie,Vennligst velg type sted,Välj platsens typ,Selectați tipul de locație,Vyberte typ místa
venue_rental_certificate,Venue rental certificate,场地租赁凭证,場地租賃憑證,会場のレンタル証明書,장소 임대 증명서,Sijil penyewaan tempat,Sertifikatการเช่าสถานที่,Giấy chứng nhận thuê địa điểm,स्थल किराये प्रमाणपत्र,Mietnachweis,Justificatif de location,Comprovante de aluguel,Comprobante de alquiler,Documento di affitto,Huurbewijs locatie,Leiebevis for sted,Hyresbevis,Dovada închirierii locației,Doklad o pronájmu místa
upload_rental_certificate_photos,Click to upload photos,点击上传照片,點擊上傳照片,写真をアップロードするにはクリックしてください,사진을 업로드하려면 클릭하세요,Klik untuk memuat naik foto,คลิกเพื่ออัปโหลดรูปภาพ,Nhấp để tải lên ảnh,Cliquez pour télécharger des photos,Klicken Sie zum Hochladen von Fotos,Cliquez pour télécharger la photo,Clique para fazer upload da foto,Haga clic para subir la foto,Clicca per caricare foto,Klik om foto te uploaden,Klikk for å laste opp bilde,Klicka för att ladda upp bild,Faceți clic pentru a încărca o fotografie,Kliknutím nahrajte fotografii
live_video_upload,Live video,现场视频,直播影片,ライブ動画,라이브 비디오,Video langsung,วิดีโอสด,Video trực tiếp,लाइव वीडियो,Vor-Ort-Video,Vidéo sur place,Vídeo no local,Video en el sitio,Video in loco,Video op locatie,Video fra stedet,Video på plats,Video de la fața locului,Video z místa
upload_live_video,Please upload a live video. Each video should be 10 minutes long and have more than 20 participants. The video should clearly show the scene and the teaching situation.,请上传现场视频 每条≥10分钟，20人以上参训，需清晰展示现场与授课情况,請上傳直播視頻。每個視頻應為10分鐘長，且有20人以上參與。視頻應清晰展示現場與教學情況。,ライブビデオをアップロードしてください。各ビデオは10分以上で、参加者が20人以上である必要があります。ビデオは、シーンと授業の状況を明確に示す必要があります。,실시간 비디오를 업로드해주세요. 각 비디오는 10분 이상이어야 하며 20명 이상의 참가자가 있어야 합니다. 비디오는 장면과 수업 상황을 명확하게 보여야 합니다.,Sila muat naik video langsung. Setiap video perlu berdurasi 10 minit dan mempunyai lebih daripada 20 peserta. Video harus menunjukkan dengan jelas cảnh quay và tình huống giảng dạy.,กรุณาอัปโหลดวิดีโอถ่ายทอดสด วิดีโอแต่ละรายการควรมีความยาว 10 นาทีและมีผู้เข้าร่วมมากกว่า 20 คน วิดีโอควรแสดงฉากและสถานการณ์การสอนอย่างชัดเจน.,Vui lòng tải lên một video trực tiếp. Mỗi video phải dài ít nhất 10 phút và có hơn 20 người tham gia. Video cần thể hiện rõ ràng cảnh quay và tình huống giảng dạy.,कृपया एक लाइव वीडियो अपलोड करें। प्रत्येक वीडियो की लंबाई 10 मिनट होनी चाहिए और इसमें 20 से अधिक प्रतिभागी होने चाहिए। वीडियो को दृश्य और शिक्षण स्थिति को स्पष्ट रूप से दिखाना चाहिए।,"Bitte laden Sie ein Video vor Ort hoch, mind. 10 Minuten, mit über 20 Teilnehmern. Der Unterricht und die Umgebung müssen klar erkennbar sein.","Veuillez télécharger une vidéo sur place (≥10 min, >20 participants), montrant clairement l’environnement et l’enseignement.","Faça upload de um vídeo no local (≥10 min, mais de 20 participantes), mostrando claramente o local e a aula.","Cargue un video en el sitio (≥10 minutos, más de 20 participantes), que muestre claramente el lugar y la enseñanza.","Carica un video in loco (≥10 min, ≥20 partecipanti), deve mostrare chiaramente la scena e la lezione.",Upload a.u.b. een video van minimaal 10 minuten met 20+ deelnemers waarin de training duidelijk te zien is,"Last opp en video på minst 10 minutter med 20+ deltakere, tydelig visende treningsforløpet",Ladda upp video på minst 10 minuter med 20+ deltagare som tydligt visar träningen,"Încărcați un videoclip de cel puțin 10 minute cu peste 20 participanți, care să arate clar desfășurarea cursului","Nahrajte video alespoň 10 minut s více než 20 účastníky, jasně ukazující výuku"
upload_videos,Click to upload videos,点击上传视频,點擊上傳影片,ビデオをアップロードするにはクリックしてください,비디오를 업로드하려면 클릭하세요,Klik untuk memuat naik video,คลิกเพื่ออัปโหลดวิดีโอ,Nhấp để tải lên video,Cliquez pour télécharger les vidéos,Klicken Sie zum Hochladen des Videos,Cliquez pour télécharger la vidéo,Clique para fazer upload do vídeo,Haga clic para subir el video,Clicca per caricare video,Klik om video te uploaden,Klikk for å laste opp video,Klicka för att ladda upp video,Faceți clic pentru a încărca videoclip,Kliknutím nahrajte video
operational_plan,Operational Plan,运营计划,營運計劃,運営計画,운영 계획,Pelan Operasi,แผนการดำเนินงาน,Kế hoạch hoạt động,प्रचालन योजना,Betriebsplan,Plan opérationnel,Plano de operação,Plan de operación,Piano operativo,Operationeel plan,Driftsplan,Verksamhetsplan,Plan de operare,Provozní plán
enter_operational_plan,Please enter your operating plan,请输入您的运营计划,請輸入您的營運計劃,運営計画を入力してください,운영 계획을 입력하세요,Sila masukkan pelan operasi anda,กรุณากรอกแผนการดำเนินงานของคุณ,Nhập kế hoạch hoạt động của bạn,कृपया अपनी संचालन योजना दर्ज करें,Bitte geben Sie Ihren Betriebsplan ein,Veuillez entrer votre plan opérationnel,Insira seu plano de operação,Ingrese su plan operativo,Inserisci il tuo piano operativo,Voer uw operationeel plan in,Vennligst skriv inn driftsplan,Ange din verksamhetsplan,Introduceți planul operațional,Zadejte svůj provozní plán
number_of_participants,Number of participants,参训人数,參訓人數,参加者数,참가자 수,Bilangan peserta,จำนวนผู้เข้าร่วม,Số lượng người tham gia,प्रतिभागियों की संख्या,Teilnehmerzahl,Nombre de participants,Número de participantes,Número de participantes,Numero di partecipanti,Aantal deelnemers,Antall deltakere,Antal deltagare,Număr participanți,Počet účastníků
enter_participants_number,Please enter the number of participants,请输入参训人数,請輸入參訓人數,参加者数を入力してください,참가자 수를 입력하세요,Sila masukkan bilangan peserta,กรุณากรอกจำนวนผู้เข้าร่วม,Nhập số lượng người tham gia,कृपया प्रतिभागियों की संख्या दर्ज करें,Bitte geben Sie die Teilnehmerzahl ein,Veuillez entrer le nombre de participants,Insira o número de participantes,Ingrese el número de participantes,Inserisci il numero di partecipanti,Voer aantal deelnemers in,Vennligst skriv inn antall deltakere,Ange antalet deltagare,Introduceți numărul de participanți,Zadejte počet účastníků
need_lecturer,Do you need a lecturer?,是否需要讲师,是否需要講師,講師が必要ですか？,강사가 필요합니까?,Adakah anda memerlukan pensyarah?,คุณต้องการวิทยากรไหม,Bạn có cần giảng viên không?,क्या आपको प्रशिक्षक की आवश्यकता है?,Benötigen Sie einen Dozenten?,Avez-vous besoin d’un formateur ?,Precisa de um instrutor?,¿Necesita un instructor?,Hai bisogno di un docente?,Heeft u een docent nodig?,Trenger du foreleser?,Behöver du en föreläsare?,Aveți nevoie de lector?,Potřebujete lektora?
language_of_instruction,Language of Instruction,授课语言,授課語言,指導言語,강의 언어,Bahasa pengajaran,ภาษาการสอน,Ngôn ngữ giảng dạy,शिक्षण की भाषा,Unterrichtssprache,Langue d’enseignement,Idioma de instrução,Idioma de enseñanza,Lingua di insegnamento,Les taal,Undervisningsspråk,Undervisningsspråk,Limbă de predare,Jazyk výuky
enter_language_of_instruction,Please enter the language of instruction,请输入授课语言,請輸入授課語言,指導言語を入力してください,강의 언어를 입력하세요,Sila masukkan bahasa pengajaran,กรุณากรอกภาษาการสอนของคุณ,Nhập ngôn ngữ giảng dạy,कृपया शिक्षण की भाषा दर्ज करें,Bitte geben Sie die Unterrichtssprache ein,Veuillez entrer la langue d’enseignement,Insira o idioma de instrução,Ingrese el idioma de enseñanza,Inserisci la lingua di insegnamento,Voer de onderwijstaal in,Vennligst skriv inn undervisningsspråk,Ange undervisningsspråk,Introduceți limba de predare,Zadejte jazyk výuky
receiving_address,Receiving address,收款地址,收款地址,受取住所,수령 주소,Alamat penerimaan,ที่อยู่รับ,Địa chỉ nhận hàng,प्राप्ति पता,Lieferadresse,Adresse de livraison,Endereço de entrega,Dirección de entrega,Indirizzo di consegna,Ontvangstadres,Mottaksadresse,Mottagaradress,Adresă de încasare,Adresa příjemce
enter_receiving_address,Please enter the address,请输入地址,請輸入地址,住所を入力してください,주소를 입력하세요,Sila masukkan alamat,กรุณากรอกที่อยู่,Nhập địa chỉ,कृपया पता दर्ज करें,Bitte geben Sie die Adresse ein,Veuillez entrer l’adresse,Insira o endereço,Ingrese la dirección,Inserisci l’indirizzo,Voer adres in,Vennligst skriv inn adresse,Ange adress,Introduceți adresa,Zadejte adresu
agree_to_rules,I have read and agree to the,我已阅读并同意,我已閱讀並同意,読みましたし、同意します,읽고 동의합니다,Saya telah membaca dan setuju dengan,ฉันได้อ่านและยอมรับ,Tôi đã đọc và đồng ý với,मैंने पढ़ा है और सहमति दी है,Ich habe gelesen und stimme zu,J’ai lu et j’accepte,Eu li e concordo,He leído y acepto,Ho letto e accetto,Ik heb gelezen en ga akkoord,Jeg har lest og godtar,Jag har läst och godkänner,Am citit și sunt de acord,Přečetl jsem si a souhlasím
training_center_rules,Training Center / Hub Program Rules,培训中心/工作室计划规则,培訓中心/工作室計劃規則,研修センター/ハブプログラム規則,교육센터/허브 프로그램 규칙,Peraturan Program Pusat Latihan / Hub,กฎระเบียบโปรแกรมศูนย์การฝึกอบรม / ฮับ,Quy tắc chương trình Trung tâm đào tạo / Hub,प्रशिक्षण केंद्र/हब कार्यक्रम नियम,Richtlinien für das Trainingszentrum/-studio,Règles du programme de centre/hub de formation,Regras do programa do centro/hub de treinamento,Reglas del programa del centro/hub de formación,Regole del programma del centro/hub di formazione,Regels voor het trainingscentrum/studio,Regler for treningssenter/studio,Regler för utbildningscenter/studio,Reguli pentru programul centrului/studioului,Pravidla programu tréninkového centra/studia
studio_application,Studio Application,工作室申请,工作室申請,スタジオ申請,스튜디오 신청,Pemohonan Studio,การสมัครสตูดิโอ,Ứng dụng Studio,स्टूडियो आवेदन,Antrag auf Studio,Demande de centre/hub,Stúdio aplicar,Solicitud de centro/hub,Domanda di centro/hub,Studio-aanvraag,Studio-søknad,Ansökan om studio,Cerere pentru centru,Žádost o studio
venue_address_detail,"Please provide as detailed an address as possible (country, city, and specific address, including venue name, street number, and street name) for subsequent verification.",请提供尽可能详细的地址（包括国家、城市和具体地址，包括场地名称、街道编号和街道名称）以供后续验证。,請提供盡可能詳細的地址（包括國家、城市和具體地址，包括場地名稱、街道編號和街道名稱）以供後續驗證。,次の確認のために、できるだけ詳細な住所（国、都市、具体的な住所、会場名、番地、通り名を含む）を提供してください。,"후속 확인을 위해 가능한 한 자세한 주소(국가, 도시, 특정 주소, 장소 이름, 거리 번호 및 거리 이름 포함)를 제공하십시오.","Sila berikan alamat yang terperinci sebanyak mungkin (negara, bandar, dan alamat khusus, termasuk nama tempat, nombor jalan, dan nama jalan) untuk pengesahan selanjutnya.","กรุณาระบุที่อยู่ให้ละเอียดที่สุดเท่าที่จะทำได้ (ประเทศ, เมือง และที่อยู่โดยเฉพาะ รวมถึงชื่อสถานที่ หมายเลขถนน และชื่อถนน) เพื่อการยืนยันในภายหลัง.","Vui lòng cung cấp địa chỉ chi tiết nhất có thể (quốc gia, thành phố và địa chỉ cụ thể, bao gồm tên địa điểm, số nhà và tên đường) để xác minh sau.","कृपया आगे की पुष्टि के लिए सबसे विस्तृत पता प्रदान करें (देश, शहर और विशिष्ट पता, जिसमें स्थल का नाम, सड़क संख्या और सड़क का नाम शामिल है)।","Bitte geben Sie eine möglichst vollständige Adresse an (Land, Stadt, genaue Anschrift inkl. Name, Straße, Hausnummer) zur späteren Verifizierung.","Fournissez une adresse détaillée (pays, ville, nom du site, numéro et rue) pour vérification.","Forneça o endereço completo (país, cidade, nome do local, número e rua) para verificação.","Proporcione una dirección completa (país, ciudad, nombre del lugar, número y calle) para verificación.","Fornire l’indirizzo completo (paese, città, nome del luogo, numero civico e via) per la verifica.","Geef een zo gedetailleerd mogelijk adres op (inclusief land, stad en volledige locatie, zoals naam, straatnummer en straatnaam) voor latere verificatie.","Vennligst oppgi så detaljert adresse som mulig (inkludert land, by og nøyaktig adresse, med stedsnavn, gatenummer og gatenavn) for verifisering.","Ange så detaljerad adress som möjligt (land, stad och fullständig plats inklusive namn, gatunummer och gatunamn) för vidare verifiering.","Vă rugăm să furnizați o adresă cât mai detaliată (țară, oraș și adresa completă, inclusiv numele locației, numărul și numele străzii) pentru verificare ulterioară.","Uveďte co nejpřesnější adresu (včetně země, města a konkrétního místa, jako je název místa, číslo a název ulice) pro pozdější ověření."
records,Records,记录,記錄,記録,기록,Rekod,บันทึก,Hồ sơ,रिकॉर्ड्स,Logs,Logs,Logs,Logs,Logs,Registratie,Registrering,Registrering,Înregistrare,Záznam
submitApplication,Submit your application,提交申请,提交申請,申請を提出,신청서 제출,Hantar permohonan,ส่งใบสมัคร,Gửi đơn đăng ký,अपना आवेदन जमा करें,Antrag einreichen,Soumettre la demande,Enviar solicitação,Enviar solicitud,Invia la domanda,Dien aanvraag in,Send inn søknad,Skicka in ansökan,Trimite cererea,Odeslat žádost
uploadPhotos,Click to upload photos,点击上传照片,點擊上傳照片,写真をアップロード,사진 업로드,Klik untuk muat naik foto,คลิกเพื่ออัปโหลดรูปภาพ,Nhấp để tải lên ảnh,तस्वीरें अपलोड करने के लिए क्लिक करें,Klicken Sie zum Hochladen von Fotos,Cliquez pour télécharger la photo,Clique para fazer upload da foto,Haga clic para subir la foto,Clicca per caricare foto,Klik om foto te uploaden,Klikk for å laste opp bilde,Klicka för att ladda upp bild,Apasă pentru a încărca fotografie,Klikněte pro nahrání fotografie
uploadVideos,Click to upload videos,点击上传视频,點擊上傳視頻,動画をアップロード,동영상 업로드,Klik untuk muat naik video,คลิกเพื่ออัปโหลดวิดีโอ,Nhấp để tải lên video,वीडियो अपलोड करने के लिए क्लिक करें,Klicken Sie zum Hochladen des Videos,Cliquez pour télécharger la vidéo,Clique para fazer upload do vídeo,Haga clic para subir el video,Clicca per caricare video,Klik om video te uploaden,Klikk for å laste opp video,Klicka för att ladda upp video,Apasă pentru a încărca videoclip,Klikněte pro nahrání videa
siteArea,Site Area,场地区域,場地區域,サイトエリア,사이트 지역,Kawasan Tapak,พื้นที่ไซต์,Khu vực địa điểm,साइट क्षेत्र,Standortbereich,Zone du site,Área do local,Área del lugar,Area del luogo,Gebied van locatie,Område,Område för platsen,Zona locației,Oblast místa
selectContact,Please select Contact,请选择联系方式,請選擇聯繫人,連絡先を選択してください,연락처 선택,Sila pilih Kenalan,กรุณาเลือกผู้ติดต่อ,Vui lòng chọn Liên hệ,कृपया संपर्क चुनें,Bitte wählen Sie eine Kontaktmöglichkeit,Veuillez choisir le moyen de contact,Selecione o tipo de contato,Seleccione el tipo de contacto,Seleziona il tipo di contatto,Kies een contactmethode,Velg kontaktmetode,Välj kontaktmetod,Selectați o metodă de contact,Vyberte kontaktní metodu
selectCountry,Please select your country,请选择国家,請選擇國家,国を選択してください,국가 선택,Sila pilih negara anda,กรุณาเลือกประเทศ,Vui lòng chọn quốc gia,कृपया अपना देश चुनें,Bitte wählen Sie ein Land,Veuillez choisir un pays,Selecione o país,Seleccione el país,Seleziona il paese,Kies een land,Velg land,Välj land,Selectați țara,Vyberte zemi
uploadLeaseCertificate,Please upload site lease certificate images,请上传场地租赁凭证图片,請上傳場地租賃憑證圖片,場所の賃貸証明書の画像をアップロードしてください,장소 임대 증명서 이미지를 업로드해 주세요,Sila muat naik imej sijil pajakan tapak,กรุณาอัปโหลดภาพใบรับรองการเช่าสถานที่,Vui lòng tải lên hình ảnh giấy chứng nhận thuê địa điểm,कृपया साइट लीज प्रमाणपत्र की छवियां अपलोड करें,Bitte laden Sie ein Bild des Mietnachweises hoch,Veuillez télécharger une photo du justificatif de location,Faça upload da imagem do comprovante de aluguel,Cargue la imagen del comprobante de alquiler,Carica l’immagine del contratto di affitto,Upload bewijs van locatiehuur,Last opp bilde av leiebevis,Ladda upp hyresbevis för platsen,Încărcați imaginea dovezii de închiriere,Nahrajte doklad o pronájmu místa
agreeToRules,Please read and agree to the Training Center / Hub Program Rules,请阅读并同意培训中心/Hub项目规则,請閱讀並同意培訓中心/Hub項目規則,トレーニングセンター / Hubプログラムの規則をお読みになり同意してください,교육 센터 / 허브 프로그램 규칙을 읽고 동의해 주세요,Sila baca dan setuju dengan Peraturan Pusat Latihan / Program Hub,กรุณาอ่านและยอมรับกฎของศูนย์ฝึกอบรณ์ / โปรแกรม Hub,Vui lòng đọc và đồng ý với Quy định Trung tâm Đào tạo / Chương trình Hub,कृपया प्रशिक्षण केंद्र / हब कार्यक्रम नियम पढ़ें और उनसे सहमत हों,Bitte lesen und akzeptieren Sie die Trainingszentrum/Hub-Programmregeln,Veuillez lire et accepter les règles du programme de centre/hub,Leia e aceite as regras do programa do centro/hub,Lea y acepte las reglas del programa del centro/hub,Si prega di leggere e accettare le regole del programma del centro/hub,Lees en accepteer de regels voor het Training Center/Hub project,Les og godta reglene for Training Hub-prosjektet,Läs och godkänn reglerna för Training Center/Hub,Citiți și acceptați regulile proiectului Training Center/Hub,Přečtěte si a souhlaste s pravidly projektu Training Center/Hub
submitSuccess,Submission successful,提交成功,提交成功,提出成功,제출 성공,Penghantaran berjaya,ส่งสำเร็จ,Gửi thành công,सफलतापूर्वक जमा किया गया,Erfolgreich eingereicht,Soumission réussie,Envio bem-sucedido,Enviado con éxito,Inviato con successo,Succesvol ingediend,Sendt inn,Inskickat,Trimis cu succes,Úspěšně odesláno
yes,YES,是,是,はい,예,YA,ใช่,CÓ,हाँ,Ja,Oui,Sim,Sí,Sì,Ja,Ja,Ja,Da,Ano
no,NO,否,否,いいえ,아니오,TIDAK,ไม่,KHÔNG,नहीं,Nein,Non,Não,No,No,Nee,Nei,Nej,Nu,Ne
validPhone,Please enter a valid phone number,请输入正确的电话号码,請輸入正確的電話號碼,正しい電話番号を入力してください,정확한 전화번호를 입력해 주세요,Sila masukkan nombor telefon yang betul,กรุณากรอกหมายเลขโทรศัพท์ที่ถูกต้อง,Vui lòng nhập số điện thoại chính xác,कृपया सही फोन नंबर दर्ज करें,Bitte geben Sie eine gültige Telefonnummer ein,Veuillez entrer un numéro de téléphone valide,Insira um número de telefone válido,Ingrese un número de teléfono válido,Inserisci un numero di telefono valido,Voer een geldig telefoonnummer in,Vennligst skriv inn riktig telefonnummer,Ange ett giltigt telefonnummer,Introduceți un număr de telefon valid,Zadejte platné telefonní číslo
validTraineeCount,Please enter the correct number of trainees,请输入正确的参训人数,請輸入正確的參訓人數,正しい参加者数を入力してください,정확한 교육 참가 인원을 입력해 주세요,Sila masukkan bilangan peserta latihan yang betul,กรุณากรอกจำนวนผู้ฝึกอบรมที่ถูกต้อง,Vui lòng nhập số lượng người tham gia đào tạo chính xác,कृपया प्रशिक्षण लेने वालों की सही संख्या दर्ज करें,Bitte geben Sie eine gültige Teilnehmerzahl ein,Veuillez entrer un nombre valide de participants,Insira um número válido de participantes,Ingrese un número válido de participantes,Inserisci un numero di partecipanti valido,Voer het juiste aantal deelnemers in,Skriv inn korrekt antall deltakere,Ange rätt antal deltagare,Introduceți numărul corect de participanți,Zadejte správný počet účastníků
submitRecords,Submit Records,提交记录,提交記錄,記録を提出,기록 제출,Hantar Rekod,ส่งบันทึก,Gửi hồ sơ,रिकॉर्ड जमा करें,Übermittelte Anträge,Historique des soumissions,Histórico de envios,Historial de solicitudes,Record delle richieste inviate,Inzendingen,Innleveringer,Inskickade poster,Înregistrări trimise,Odeslané záznamy
underReview,Under review,审核中,審核中,審査中,검토 중,Dalam semakan,กำลังตรวจสอบ,Đang xem xét,समीक्षा के अधीन,Wird überprüft,En cours de révision,Em análise,En revisión,In fase di revisione,In beoordeling,Under vurdering,Under granskning,În curs de verificare,Probíhá kontrola
approved,Approved,已通过,已通過,承認済み,승인됨,Diluluskan,ผ่านแล้ว,Đã được chấp thuận,स्वीकृत,Genehmigt,Approuvé,Aprovado,Aprobado,Approvato,Goedgekeurd,Godkjent,Godkänd,Aprobat,Schváleno
rejected,Rejected,未通过,未通過,承認却下,승인 거부,Tidak diluluskan,ไม่ผ่าน,Không được chấp thuận,अस्वीकृत,Abgelehnt,Non approuvé,Reprovado,Rechazado,Non approvato,Niet goedgekeurd,Ikke godkjent,Inte godkänd,Neaprobat,Neschváleno
applicationType,Application Type,申请类型,申請類型,申請タイプ,신청 유형,Jenis Permohonan,ประเภทการสมัคร,Loại đơn đăng ký,आवेदन प्रकार,Antragstyp,Type de demande,Tipo de solicitação,Tipo de solicitud,Tipo di domanda,Type aanvraag,Søknadstype,Ansökningstyp,Tip de cerere,Typ žádosti
uploadOnsiteVideo,Please upload on-site video,请上传现场视频,請上傳現場影片,現場の動画をアップロードしてください,현장 영상을 업로드해 주세요,Sila muat naik video di lokasi,กรุณาอัปโหลดวิดีโอสด,Vui lòng tải lên video hiện trường,कृपया साइट का वीडियो अपलोड करें,Bitte laden Sie ein Vor-Ort-Video hoch,Veuillez télécharger la vidéo sur place,Faça upload do vídeo no local,Cargue el video en el sitio,Carica il video in loco,Upload een video van de locatie,Last opp video fra stedet,Ladda upp video från platsen,Încărcați un videoclip de la locație,Nahrajte video z místa
meetupApplication,Meetup Application,Meetup申请,Meetup申請,Meetup申請,Meetup 신청,Permohonan Meetup,การสมัคร Meetup,Đơn đăng ký Meetup,मीटअप आवेदन,Meetup-Anwendung,Demande de Meetup,Candidatura a Meetup,Solicitud de Meetup,Domanda Meetup,Meetup-aanvraag,Meetup-søknad,Meetup-ansökan,Cerere pentru meetup,Žádost o meetup
subsidyRules,Meetup Subsidy Activity Rules,Meetup 补贴活动规则,Meetup 補貼活動規則,Meetup補助活動規則,Meetup 보조 활동 규칙,Peraturan Aktiviti Subsidi Meetup,กฎเกณฑ์กิจกรรมสนับสนุน Meetup,Quy tắc hoạt động trợ cấp Meetup,मीटअप सब्सिडी गतिविधि नियम,Meetup-Förderprogramm-Regeln,Règles du programme de subvention Meetup,Regras do programa de subsídio Meetup,Reglas del programa de subvención Meetup,Regole del programma di sovvenzione Meetup,Meetup-subsidieregels,Meetup-tilskuddsregler,Meetup-subventionsregler,Reguli privind subvenția pentru Meetup,Pravidla dotace pro Meetup
meetupType,Meetup Type,Meetup类型,Meetup類型,Meetupタイプ,Meetup 유형,Jenis Meetup,ประเภท Meetup,Loại Meetup,मीटअप प्रकार,Meetup-Typ,Type de Meetup,Tipo de Meetup,Tipo de Meetup,Tipo di Meetup,Meetup-type,Meetup-type,Typ av Meetup,Tip Meetup,Typ Meetup
selectMeetupType,Please select Meetup type,请选择Meetup类型,請選擇Meetup類型,Meetupタイプを選択してください,Meetup 유형을 선택해 주세요,Sila pilih jenis Meetup,กรุณาเลือกประเภท Meetup,Vui lòng chọn loại Meetup,कृपया मीटअप प्रकार चुनें,Bitte wählen Sie den Meetup-Typ,Veuillez sélectionner le type de Meetup,Selecione o tipo de Meetup,Por favor seleccione el tipo de Meetup,Seleziona il tipo di Meetup,Selecteer een Meetup-type,Vennligst velg Meetup-type,Välj typ av Meetup,Selectați tipul de Meetup,Vyberte typ Meetup
smallScale,Small (25-50 participants),小型（25-50人参与）,小型（25-50人參與）,小規模（25-50人参加）,소규모 (25-50명 참여),Berskala kecil (25-50 peserta),ขนาดเล็ก (ผู้เข้าร่วม 25-50 คน),Quy mô nhỏ (25-50 người tham gia),छोटे पैमाने (25-50 प्रतिभागी),Klein (25-50 Teilnehmer),Petite échelle (25-50 participants),Pequena escala (25-50 participantes),Pequeña escala (25-50 participantes),Piccola scala (25-50 partecipanti),Klein (25-50 deelnemers),Liten (25–50 deltakere),Liten (25–50 deltagare),Mic (25–50 participanți),Malý (25–50 účastníků)
mediumScale,Medium (51-100 participants),中型（51-100人参与）,中型（51-100人參與）,中規模（51-100人参加）,중규모 (51-100명 참여),Berskala sederhana (51-100 peserta),ขนาดกลาง (ผู้เข้าร่วม 51-100 คน),Quy mô trung bình (51-100 người tham gia),मध्यम पैमाने (51-100 प्रतिभागी),Mittel (51-100 Teilnehmer),Moyenne échelle (51-100 participants),Escala média (51-100 participantes),Escala media (51-100 participantes),Scala media (51-100 partecipanti),Middelgroot (51-100 deelnemers),Middels (51–100 deltakere),Medium (51–100 deltagare),Mediu (51–100 participanți),Střední (51–100 účastníků)
uploadVenueProof,Upload venue rental or related expense payment proof (invoice or transfer screenshot),上传场地租赁或相关费用支付凭证（发票或转账截图）,上傳場地租賃或相關費用支付憑證（發票或轉賬截圖）,会場レンタルまたは関連費用の支払い証明をアップロード（請求書または振込スクリーンショット）,장소 대여 또는 관련 비용 지불 증빙 업로드 (인보이스 또는 이체 스크린샷),Muat naik bukti pembayaran sewa tempat atau perbelanjaan berkaitan (invois atau screenshot pemindahan),อัปโหลดหลักฐานการชำระค่าเช่าสถานที่หรือค่าใช้จ่ายที่เกี่ยวข้อง (ใบแจ้งหนี้หรือสกรีนช็อตการโอน),Tải lên bằng chứng thanh toán chi phí thuê địa điểm hoặc chi phí liên quan (hóa đơn hoặc ảnh chụp chuyển khoản),स्थान किराया या संबंधित व्यय भुगतान प्रमाण अपलोड करें (चालान या स्थानांतरण स्क्रीनशॉट),Upload des Veranstaltungsortmietvertrags oder Zahlungsnachweis (Rechnung oder Überweisungscreenshot),Télécharger la preuve de location de lieu ou de paiement (facture ou capture de transfert),Carregar comprovativo de aluguer/pagamento (fatura ou captura de transferência),Subir comprobante de alquiler de lugar o pago (factura o captura de transferencia),Carica prova di noleggio sede o pagamento (fattura o screenshot bonifico),Upload bewijs van locatiehuur of betalingsbewijs (factuur of overschrijvingsbewijs),Last opp bevis på leie eller betaling (faktura eller overføringsbilde),Ladda upp kvitto på lokalhyra eller betalning (faktura eller överföring),Încărcați dovada închirierii sau plata (factură sau captură de transfer),Nahrajte doklad o pronájmu nebo platbě (faktura nebo snímek převodu)
venueSetupPhotos,On-site setup photos,现场布置照片,現場佈置照片,現場設営写真,현장布置사진,Gambar penyediaan di tapak,ภาพถ่ายผังสถานที่,Ảnh bố trí hiện trường,साइट व्यवस्था तस्वीरें,Fotos vom Veranstaltungsaufbau,Photos de l'aménagement sur place,Fotos da montagem,Fotos de la disposición en el lugar,Foto dell'allestimento,Foto van locatieopstelling,Bilder av arrangementsstedet,Foto på platsens dekoration,Fotografii cu amenajarea locației,Fotografie místa akce
uploadSetupPhotos,Upload on-site setup photos containing posters/roll-up banners,上传包含海报/易拉宝的现场布置照片,上傳包含海報/易拉寶的現場佈置照片,ポスター/ロールアップバナーを含む現場設営写真をアップロード,포스터/롤업 배너가 포함된 현장布置사진 업로드,Muat naik gambar penyediaan di tapak yang mengandungi poster/banner roll-up,อัพโหลดภาพถ่ายเค้าโครงในสถานที่ของคุณ รวมถึงโปสเตอร์/แบนเนอร์แบบโรลอัพ,Tải lên ảnh bố trí hiện trường có chứa áp phích/băng rôn cuộn,पोस्टर/रोल-अप बैनर वाली साइट व्यवस्था तस्वीरें अपलोड करें,Upload von Fotos vom Veranstaltungsaufbau mit Postern/Roll-Up-Bannern,Télécharger des photos de l'aménagement contenant des affiches/banderoles roll-up,Carregar fotos da montagem com posters/banners,Subir fotos de la disposición que contengan posters/banners enrollables,Carica foto dell'allestimento con poster/roll-up banner,Upload foto’s van opstelling met poster/roll-up,Last opp bilder med plakat/roll-up,Ladda upp foto med affisch/roll-up,Încărcați poze cu afișe/roll-up,Nahrajte fotky s plakátem/roll-up
uploadVideos1,"Please upload three different time on-site videos, each ≥5 minutes",请上传三段不同时间现场视频 每条≥5分钟,請上傳三段不同時間現場視頻 每條≥5分鐘,異なる時間帯の現場動画を3本アップロードしてください 各≥5分,서로 다른 시간대 현장 영상 3개를 업로드해 주세요 각 ≥5분,"Sila muat naik tiga video di tapak masa berbeza, setiap satu ≥5 minit",กรุณาอัปโหลดวิดีโอสด 3 รายการในเวลาที่ต่างกัน โดยแต่ละรายการมีความยาว ≥ 5 นาที,"Vui lòng tải lên ba video hiện trường thời gian khác nhau, mỗi video ≥5 phút","कृपया तीन अलग-अलग समय की साइट वीडियो अपलोड करें, प्रत्येक ≥5 मिनट","Bitte laden Sie drei Videos von verschiedenen Zeiten hoch, jedes ≥5 Minuten","Veuillez télécharger trois vidéos à différents moments, chacune ≥5 minutes","Carregue 3 vídeos de horários diferentes, cada ≥5 minutos","Por favor suba tres videos en diferentes momentos, cada uno ≥5 minutos","Carica 3 video di orari diversi, ciascuno ≥5 minuti","Upload 3 video’s van verschillende tijden, elk ≥ 5 minuten","Last opp 3 videoer fra ulike tidspunkter, hver ≥ 5 min","Ladda upp 3 videor från olika tider, minst 5 minuter varje","Încărcați 3 videoclipuri din momente diferite, fiecare ≥ 5 minute","Nahrajte 3 videa z různých časů, každé min. 5 minut"
remainingApplications,Remaining application times for this account,本账号剩余可申请次数,本賬號剩餘可申請次數,本アカウントの残申請可能回数,본 계정 잔여 신청 가능 횟수,Bilangan permohonan tinggal untuk akaun ini,จำนวนครั้งที่สามารถสมัครได้เหลือของบัญชีนี้,Số lần đăng ký còn lại của tài khoản này,इस खाते के शेष आवेदन संख्या,Verbleibende Anträge für dieses Konto,Nombre de demandes restantes pour ce compte,Candidaturas restantes desta conta,Solicitudes restantes de esta cuenta,Richieste residue per questo account,Aantal resterende aanvragen voor dit account,Gjenstående søknadsforsøk,Kvarvarande ansökningar för detta konto,Număr rămas de cereri pentru acest cont,Zbývající žádosti pro tento účet
readAndAgree,Please read and agree,请阅读并同意,請閱讀並同意,ご確認の上、同意してください,읽고 동의해 주세요,Sila baca dan setuju,กรุณาอ่านและยอมรับ,Vui lòng đọc và đồng ý,कृपया पढ़ें और सहमत हों,Bitte lesen und zustimmen,Veuillez lire et accepter,Leia e aceite,Por favor lea y acepte,Leggi e accetta,Lees en ga akkoord,Les og godta,Läs och godkänn,Citiți și acceptați,Přečtěte si a souhlaste
uploadVenueSetupPhotos,Please upload on-site setup photos,请上传现场布置照片,請上傳現場佈置照片,現場設営写真をアップロードしてください,현장布置사진을 업로드해 주세요,Sila muat naik gambar penyediaan di tapak,กรุณาอัพโหลดภาพถ่ายผังสถานที่,Vui lòng tải lên ảnh bố trí hiện trường,कृपया साइट व्यवस्था की तस्वीरें अपलोड करें,Bitte laden Sie Fotos vom Veranstaltungsaufbau hoch,Veuillez télécharger des photos de l'aménagement sur place,Carregue fotos da montagem,Por favor suba fotos de la disposición en el lugar,Carica foto dell'allestimento,Upload foto’s van de locatieopstelling,Last opp bilder fra stedet,Ladda upp bilder från platsen,Încărcați fotografii de la locație,Nahrajte fotografie z místa
vipChallengeTitle,VIP Upgrade Challenge Event,VIP升级挑战赛事,VIP升級挑戰賽事,VIPアップグレードチャレンジイベント,VIP 업그레이드 챌린지 이벤트,Acara Cabaran Naik Taraf VIP,กิจกรรมแข่งขันท้าทายอัปเกรด VIP,Sự Kiện Thử Thách Nâng Cấp VIP,VIP उन्नयन चुनौती कार्यक्रम,VIP-Aufstiegs-Challenge,Défi de montée VIP,Desafio de upgrade VIP,Desafío de ascenso VIP,Sfida di upgrade VIP,VIP-upgrade-uitdaging,VIP-opprykksutfordring,VIP-uppgraderingsutmaning,Provocare de upgrade VIP,Výzva pro postup VIP
vipLevelChallenge,VIP Level Advancement Challenge,VIP等级晋级挑战赛,VIP等級晉級挑戰賽,VIPレベル昇格チャレンジ,VIP 레벨 승급 챌린지,Cabaran Kenaikan Peringkat VIP,การแข่งขันท้าทายเลื่อนระดับ VIP,Thử Thách Thăng Cấp VIP,VIP स्तर उन्नति चुनौती,VIP-Stufenaufstieg-Wettbewerb,Compétition de progression de niveau VIP,Torneio de avanço de nível VIP,Competencia de progreso de nivel VIP,Gara di avanzamento livello VIP,VIP-niveaustijging challenge,VIP-nivåoppgraderingsutfordring,VIP-nivåuppgraderingstävling,Provocare de avansare VIP,Výzva na povýšení VIP úrovně
eventTime,Event Time,活动时间,活動時間,イベント時間,이벤트 시간,Masa Acara,เวลากิจกรรม,Thời Gian Sự Kiện,कार्यक्रम समय,Veranstaltungszeitraum,Période de l’événement,Período do evento,Duración del evento,Periodo dell’evento,Looptijd van de activiteit,Varighet på aktiviteten,Aktivitetstid,Durata activității,Doba trvání akce
longTermOpen,Long-term open,长期开放,長期開放,長期開放,장기 개방,Dibuka untuk masa yang lama,เปิดให้บริการระยะยาว,Mở cửa trong một thời gian dài,दीर्घकालिक खुला,Dauerhaft geöffnet,Ouvert en continu,Aberto a longo prazo,Disponible a largo plazo,Disponibile a lungo termine,Doorlopend beschikbaar,Åpent hele tiden,Öppet pågående,Disponibil permanent,Dlouhodobě otevřené
challengeTimeTips,The challenge cycle starts from the registration time,挑战周期以报名时间起算,挑戰週期以報名時間起算,チャレンジ期間は登録時間から起算します,챌린지 주기는 등록 시간부터 계산됩니다,Kitaran cabaran bermula dari masa pendaftaran,วงจรการท้าทายเริ่มนับจากเวลาลงทะเบียน,Chu kỳ thử thách tính từ thời điểm đăng ký,चुनौती चक्र पंजीकरण समय से शुरू होता है,Der Challenge-Zeitraum beginnt mit der Anmeldung,Le cycle de défi commence à l’inscription,O ciclo do desafio começa a partir do registro,El período del desafío comienza desde la inscripción,Il periodo di sfida inizia dalla registrazione,Uitdagingstermijn start bij inschrijving,Utfordringsperiode starter fra påmelding,Tävlingstiden börjar från anmälan,Perioada începe de la înscriere,Výzva se počítá od registrace
eventIntro,Event Introduction,活动简介,活動簡介,イベント概要,이벤트 소개,Pengenalan Acara,คำแนะนำกิจกรรม,Giới Thiệu Sự Kiện,कार्यक्रम परिचय,Veranstaltungsübersicht,Présentation de l’événement,Visão geral do evento,Descripción del evento,Introduzione all’evento,Korte beschrijving van de activiteit,Kort beskrivelse av aktiviteten,Kort beskrivning av evenemanget,Descriere scurtă a activității,Krátký popis aktivity
participationMethod,Participation Method,参与方式,參與方式,参加方法,참여 방식,Kaedah Penyertaan,วิธีการเข้าร่วม,Phương Thức Tham Gia,भागीदारी विधि,Teilnahmeverfahren,Modalité de participation,Como participar,Modo de participación,Modalità di partecipazione,Deelnameprocedure,Deltakelsesmetode,Sätt att delta,Modalitate de participare,Způsob účasti
loginSteps,"Log in to account → Go to [VIP Challenge Zone] → Click 'Register for Challenge' button, system starts timing",登录账户 → 前往【VIP挑战专区】→ 点击「报名挑战」按钮，系统开始计时,登入賬戶 → 前往【VIP挑戰專區】→ 點擊「報名挑戰」按鈕，系統開始計時,アカウントにログイン → 【VIPチャレンジ専用エリア】へ → 「チャレンジ登録」ボタンをクリック、システムが計測開始,"계정 로그인 → [VIP 챌린지 존] 이동 → 「챌린지 등록」 버튼 클릭, 시스템 시간 측정 시작","Log masuk ke akaun → Pergi ke [Zon Cabaran VIP] → Klik butang 'Daftar Cabaran', sistem mula memasa",เข้าสู่ระบบบัญชี → ไปที่ [โซนท้าทาย VIP] → คลิกปุ่ม 'ลงทะเบียนสำหรับการท้าทาย' ระบบเริ่มจับเวลา,"Đăng nhập tài khoản → Đến [Khu Vực Thử Thách VIP] → Nhấp nút 'Đăng Ký Thử Thách', hệ thống bắt đầu tính giờ","खाते में लॉग इन करें → [VIP चुनौती क्षेत्र] पर जाएं → 'चुनौती के लिए पंजीकरण करें' बटन क्लिक करें, सिस्टम समय शुरू करता है","Konto anmelden → Bereich „VIP-Herausforderung“ öffnen → Auf „Herausforderung starten“ klicken, das System beginnt mit dem Countdown","Connectez-vous à votre compte → Accédez à la section « Défis VIP » → Cliquez sur « S’inscrire au défi », le système commence le chronomètre","Inicie sessão → Vá para a “Área de Desafio VIP” → Clique em “Inscrever-se no Desafio”, o sistema começará a contar o tempo","Inicie sesión → Vaya a la sección “Desafío VIP” → Haga clic en “Unirse al Desafío”, el sistema comenzará a contar","Accedi al tuo account → Vai alla sezione “Sfida VIP” → Fai clic su “Iscriviti alla Sfida”, il sistema inizierà a conteggiare il tempo","Log in → Ga naar 【VIP Challenge Zone】→ Klik op ‘Meld je aan’, de timer start","Logg inn → Gå til【VIP Challenge Zone】→ Trykk “Meld deg på”, systemet starter nedtelling","Logga in → Gå till 【VIP Challenge Zone】→ Klicka på “Registrera dig”, tiden börjar räknas",Autentificați-vă → Mergeți la 【Zona provocării VIP】→ Click pe „Înscriere”,Přihlaste se → Přejděte do sekce 【VIP Challenge】→ Klikněte „Přihlásit se“
singleChallenge,Each user can only participate in one challenge at a time,每位用户同一时间仅可参与一项挑战,每位用戶同一時間僅可參與一項挑戰,各ユーザーは同時に1つのチャレンジのみ参加可能,각 사용자는 동시에 하나의 챌린지만 참여 가능,Setiap pengguna hanya boleh menyertai satu cabaran pada satu masa,ผู้ใช้แต่ละคนสามารถเข้าร่วมการท้าทายได้เพียงครั้งเดียวในเวลาเดียวกัน,Mỗi người dùng chỉ có thể tham gia một thử thách tại một thời điểm,प्रत्येक उपयोगकर्ता एक समय में केवल एक चुनौती में भाग ले सकता है,Jeder Benutzer kann nur an einer Herausforderung gleichzeitig teilnehmen,Chaque utilisateur ne peut participer qu’à un seul défi à la fois,Cada utilizador só pode participar num desafio de cada vez,Cada usuario solo puede participar en un desafío a la vez,Ogni utente può partecipare solo a una sfida alla volta,Elke gebruiker kan slechts aan één uitdaging tegelijk deelnemen,Én utfordring per bruker samtidig,Endast en utmaning per användare i taget,Fiecare utilizator poate participa la o singură provocare odată,Každý uživatel se může účastnit pouze jedné výzvy najednou
nextChallengeRule,"Only after the current challenge is completed or failed, can the next challenge be started",仅当当前挑战完成或失败后，方可开启下一挑战,僅當當前挑戰完成或失敗後，方可開啟下一挑戰,現在のチャレンジが完了または失敗した後にのみ、次のチャレンジを開始可能,현재 챌린지 완료 또는 실패 후에만 다음 챌린지 시작 가능,"Hanya selepas cabaran semasa selesai atau gagal, cabaran seterusnya boleh dimulakan",หลังจากที่การท้าทายปัจจุบันเสร็จสิ้นหรือล้มเหลวเท่านั้น จึงจะสามารถเริ่มการท้าทายครั้งต่อไปได้,"Chỉ sau khi thử thách hiện tại hoàn thành hoặc thất bại, mới có thể bắt đầu thử thách tiếp theo",केवल वर्तमान चुनौती पूरी या विफल होने के बाद ही अगली चुनौती शुरू की जा सकती है,Erst nach Abschluss oder Scheitern der aktuellen Herausforderung kann die nächste gestartet werden,Il faut terminer ou échouer à un défi avant d’en commencer un autre,Apenas após a conclusão ou falha do desafio atual é possível iniciar o próximo,Solo se puede iniciar un nuevo desafío una vez completado o fallido el actual,Solo dopo il completamento o il fallimento della sfida corrente è possibile iniziarne una nuova,Volgende uitdaging pas mogelijk na afronden of falen van huidige,Neste utfordring kan bare startes etter fullført eller mislykket utfordring,Nästa utmaning kan startas först efter att den nuvarande är slutförd eller misslyckad,O nouă provocare poate începe doar după ce cea actuală este completată sau eșuează,Další výzvu lze zahájit pouze po dokončení nebo neúspěchu předchozí
challengeRequirements,Challenge Requirements,挑战要求,挑戰要求,チャレンジ要件,챌린지 요구사항,Keperluan Cabaran,ข้อกำหนดการท้าทาย,Yêu Cầu Thử Thách,चुनौती आवश्यकताएँ,Voraussetzungen für die Herausforderung,Conditions du défi,Requisitos do desafio,Requisitos del desafío,Requisiti della sfida,Uitdagingseisen,Utfordringskrav,Utmaningskrav,Cerințe pentru provocare,Požadavky na výzvu
requirementDetails,"During the challenge cycle, VIP level must advance ≥ 3 levels, and team performance must reach the corresponding threshold",在挑战周期内，VIP等级晋升 ≥ 3级，且团队业绩达到对应门槛,在挑戰週期內，VIP等級晉升 ≥ 3級，且團隊業績達到對應門檻,チャレンジ周期中にVIPレベルを3以上昇格させ、かつチーム実績が対応する閾値に達すること,"챌린지 주기 내 VIP 레벨 3 이상 승급,且 팀 실적 해당 기준 도달","Semasa kitaran cabaran, peringkat VIP mesti naik ≥ 3 peringkat, dan prestasi pasukan mesti mencapai ambang yang sepadan",ในช่วงวงจรการท้าทาย ระดับ VIP ต้องเพิ่มขึ้น ≥ 3 ระดับ และประสิทธิภาพของทีมต้องถึงเกณฑ์ที่กำหนด,"Trong chu kỳ thử thách, cấp độ VIP phải thăng ≥ 3 cấp, và thành tích đội phải đạt ngưỡng tương ứng","चुनौती चक्र के दौरान, VIP स्तर ≥ 3 स्तरों से अधिक होना चाहिए, और टीम का प्रदर्शन संबंधित सीमा तक पहुंचना चाहिए",Während des Zeitraums muss die VIP-Stufe um mindestens 3 Stufen steigen und das Teamziel erreicht werden,"Le niveau VIP doit augmenter d’au moins 3 niveaux pendant la période, et l’équipe doit atteindre les objectifs requis","Durante o período de desafio, o nível VIP deve subir ≥ 3 níveis e o desempenho da equipa deve atingir o mínimo necessário","Durante el período del desafío, el nivel VIP debe subir al menos 3 niveles y el equipo debe alcanzar el objetivo correspondiente","Durante il periodo di sfida, il livello VIP deve aumentare di almeno 3 gradi e il volume del team deve soddisfare i requisiti",Tijdens de uitdaging ≥ 3 VIP-niveaus stijgen + teamdoel halen,Øk ≥ 3 VIP-nivåer og nå teammål i perioden,Uppgradera ≥ 3 nivåer och uppnå teammål,Promovați ≥ 3 niveluri și atingeți ținta echipei,Postupte o ≥ 3 VIP úrovně a dosažte týmový cíl
rewardDistribution,"Upon achievement, the system will determine success and rewards will be distributed immediately",达成后，系统判定成功，奖励立即发放,達成後，系統判定成功，獎勵立即發放,達成後、システムが成功を判定し、報酬は即時配布,"달성 후 시스템 성공 판정, 보상 즉시 지급","Setelah pencapaian, sistem akan menentukan kejayaan dan hadiah akan diagihkan serta-merta",เมื่อบรรลุผลแล้ว ระบบจะตัดสินความสำเร็จและจะแจกจ่ายรางวัลทันที,"Khi đạt được, hệ thống sẽ xác định thành công và phần thưởng sẽ được phân phối ngay lập tức","Upon achievement, the system will determine success and rewards will be distributed immediately",Bei Erfolg wird die Belohnung sofort ausgezahlt,"Si la condition est remplie, la récompense est immédiatement délivrée","Uma vez concluído, o sistema libera a recompensa imediatamente","Una vez cumplido, el sistema entregará la recompensa de inmediato","Una volta completato con successo, il sistema assegnerà subito la ricompensa",Bij slagen: direct beloning toegekend,Ved suksess: belønning utbetales umiddelbart,När lyckad: belöning ges omedelbart,Dacă este îndeplinit: recompensă imediată,Po úspěchu bude odměna ihned připsána
specialReminder,Special Reminder,特别提醒,特別提醒,特記事項,특별 안내,Peringatan Khas,ข้อ提醒พิเศษ,Nhắc Nhở Đặc Biệt,विशेष अनुस्मारक,Wichtiger Hinweis,Rappel important,Lembrete importante,Recordatorio importante,Promemoria importante,Belangrijke opmerking,Viktig påminnelse,Viktigt meddelande,Atenționare specială,Zvláštní upozornění
formalParticipation,Must click 'Register for Challenge' to be considered formal participation,必须点击“报名挑战”才视为正式参与,必須點擊“報名挑戰”才視為正式參與,「チャレンジ登録」をクリックして初めて正式参加と見なされます,「챌린지 등록」 클릭해야正式 참여로 인정,Mesti klik 'Daftar Cabaran' untuk dianggap sebagai penyertaan formal,必須คลิก 'ลงทะเบียนสำหรับการท้าทาย' จึงจะถือว่าเข้าร่วมอย่างเป็นทางการ,Phải nhấp 'Đăng Ký Thử Thách' mới được coi là tham gia chính thức,चुनौती के लिए पंजीकरण करें' क्लिक करना必须 formal भागीदारी माना जाता है,Nur durch Klicken auf „Herausforderung starten“ gilt die Teilnahme als offiziell,Il est impératif de cliquer sur « S’inscrire au défi » pour valider sa participation,Só clicando em “Inscrever-se no Desafio” a participação será considerada válida,Solo haciendo clic en “Unirse al Desafío” se considera la participación válida,È necessario fare clic su “Iscriviti alla Sfida” per essere considerati ufficialmente partecipanti,Klik op ‘Aanmelden’ om officieel deel te nemen,Må trykke på “Meld deg på” for å delta,Klicka “Registrera dig” för att delta,Faceți clic pe „Înscriere” pentru participare,Kliknutím na „Přihlásit se“ potvrzujete účast
downgradeRule,"If downgraded to a level lower than the completed challenge level, must advance again before re-registering",若中途降级至低于已完成挑战的等级，需先重新晋升后才能再次报名,若中途降級至低於已完成挑戰的等級，需先重新晉升後才能再次報名,途中で完了したチャレンジレベルより低いレベルに降格した場合、再昇格後に再登録可能,도중 완료 챌린지 레벨보다 낮은 레벨로 강등 시 재승급 후 재등록 필요,"Jika diturunkan ke peringkat lebih rendah daripada peringkat cabaran yang telah selesai, mesti naik semula sebelum mendaftar lagi",หากลดระดับต่ำกว่าระดับที่ท้าทายเสร็จแล้ว 必須เลื่อนระดับอีกครั้งก่อนจึงจะสามารถลงทะเบียน again,"Nếu bị hạ cấp xuống thấp hơn cấp độ đã hoàn thành thử thách, cần phải thăng cấp lại trước khi đăng ký lại","यदि पूरी की गई चुनौती के स्तर से नीचे डाउनग्रेड किया जाता है,则 पुन: पंजीकरण करने से पहले फिर से उन्नत करना必须","Bei einem Herabstufung unter das erreichte Level, muss erneut aufgestiegen werden, um erneut teilzunehmen","En cas de rétrogradation, il faudra d’abord retrouver son niveau avant de pouvoir se réinscrire","Se for rebaixado abaixo do nível conquistado, deverá subir novamente para poder tentar outra vez","Si se baja de nivel, será necesario volver a subir para poder participar de nuevo","Se si scende di livello durante il periodo, bisogna salire di nuovo per partecipare nuovamente",Bij tussentijdse verlaging: eerst terug stijgen vóór herinschrijving,Ved nedgradering: må oppgraderes før ny påmelding,Nedgraderas du: uppgradera igen innan ny anmälan,Dacă retrogradați: trebuie să promovați din nou înainte de a vă reinscrie,Pokud dojde ke snížení úrovně: nutné znovu postoupit
oneTimeChallenge,Each level challenge can only be completed once,每个等级挑战仅可完成一次,每個等級挑戰僅可完成一次,各レベルチャレンジは1回のみ完了可能,각 레벨 챌린지는 1회만 완료 가능,Setiap cabaran peringkat hanya boleh diselesaikan sekali,การท้าทายแต่ละระดับสามารถ完成ได้เพียงครั้งเดียว,Mỗi thử thách cấp độ chỉ có thể hoàn thành một lần,प्रत्येक स्तर की चुनौती केवल एक बार पूरी की जा सकती है,Jede VIP-Herausforderung kann nur einmal abgeschlossen werden,Chaque défi de niveau ne peut être accompli qu’une seule fois,Cada desafio por nível só pode ser concluído uma vez,Cada desafío de nivel solo se puede completar una vez,Ogni sfida di livello VIP può essere completata una sola volta,Elke VIP-uitdaging slechts eenmaal mogelijk,Hver VIP-utfordring kan bare fullføres én gang,Varje nivå kan bara klaras en gång,Fiecare nivel poate fi completat o singură dată,Každou VIP výzvu lze splnit pouze jednou
rewardRules,Challenge Reward Rules (distributed in equivalent USD9),挑战奖励规则（以等值USD9形式发放）,挑戰獎勵規則（以等值USD9形式發放）,チャレンジ報酬ルール（等価USD9で配布）,챌린지 보상 규칙 (등가 USD9 형태 지급),Peraturan Hadiah Cabaran (diagihkan dalam USD9 setara),規則รางวัลการท้าทาย (แจกจ่ายในรูปแบบ USD9 ที่เทียบเท่า),Quy Tắc Phần Thưởng Thử Thách (phân phối dưới dạng USD9 tương đương),चुनौती पुरस्कार नियम (समकक्ष USD9 में वितरित),Belohnungen werden in USD9-Äquivalent ausgezahlt,Récompenses attribuées en équivalent USD9,As recompensas são distribuídas em valor equivalente a USD9,Recompensas entregadas en equivalente USD9,Ricompense distribuite in USD9 equivalenti,Beloningsregels (in equivalente USD9),Belønningsregler (utbetales i USD9),Belöningsregler (utdelas i USD9),Reguli pentru recompense (în echivalent USD9),Pravidla odměn (v ekvivalentu USD9)
currentVIPLevel,Current VIP Level,当前VIP等级,當前VIP等級,現在のVIPレベル,현재 VIP 레벨,Peringkat VIP Semasa,ระดับ VIP ปัจจุบัน,Cấp Độ VIP Hiện Tại,वर्तमान VIP स्तर,Aktuelles VIP-Level,Niveau VIP actuel,Nível VIP atual,Nivel VIP actual,Livello VIP attuale,Huidig VIP-niveau,Nåværende VIP-nivå,Nuvarande VIP-nivå,Nivel VIP actual,Aktuální VIP úroveň
targetLevel,Target Level,目标等级,目標等級,目標レベル,목표 레벨,Peringkat Sasaran,ระดับเป้าหมาย,Cấp Độ Mục Tiêu,लक्ष्य स्तर,Ziel-Level,Niveau Cible,Nível Alvo,Nivel Objetivo,Livello Obiettivo,Doelniveau,Mål-nivå,Mål-nivå,Nivel țintă,Cílová úroveň
challengeCycle,Challenge Cycle,挑战周期,挑戰週期,チャレンジ周期,챌린지 주기,Kitaran Cabaran,วงจรการท้าทาย,Chu Kỳ Thử Thách,चुनौती चक्र,Dauer der Herausforderung,Durée du défi,Período do desafio,Período del desafío,Durata della sfida,Uitdagingsperiode,Utfordringsperiode,Utmaningsperiod,Perioadă provocare,Doba trvání výzvy
teamStakingRequirement,New Team Staking Requirement,新增团队质押要求,新增團隊質押要求,新規チームステーキング要件,신규 팀 스테이킹 요구,Keperluan Staking Pasukan新增,ข้อกำหนดการ staking ทีม新增,Yêu Cầu Staking Đội Mới,नई टीम स्टेकिंग आवश्यकता,Neue exigências de staking do time,Exigences supplémentaires de staking pour l’équipe,Requisito adicional de staking da equipa,Requisitos adicionales de staking del equipo,Requisiti di staking del team aggiuntivi,Nieuwe team-stakingvereiste,Ny team-stakingkrav,Nytt krav på teaminsats,Cerință nouă pentru staking de echipă,Nový požadavek na týmové stakingy
order180Days,180+ days orders,180天以上订单,180天以上訂單,180日以上オーダー,180일 이상 주문,Pesanan 180 hari以上,คำสั่งซื้อ 180 วัน以上,Đơn đặt hàng 180 ngày trở lên,180 दिन以上 आदेश,Ordens com duração ≥ 180 dias,Ordres de 180 jours ou plus,Ordens com mais de 180 dias,Órdenes de más de 180 días,Ordini di durata ≥ 180 giorni,Orders van meer dan 180 dagen,Ordrer over 180 dager,Order över 180 dagar,Comenzi de peste 180 de zile,Objednávky nad 180 dní
reward,Reward,奖励,獎勵,報酬,보상,Hadiah,รางวัล,Phần Thưởng,पुरस्कार,Belohnung,Récompense,Recompensa,Recompensa,Ricompensa,Beloning,Belønning,Belöning,Recompensă,Odměna
equivalentValue,Equivalent Value,等值,等值,等価,등가,Nilai Setara,มูลค่าเทียบเท่า,Giá Trị Tương Đương,समतुल्य मूल्य,Äquivalent,Équivalent,Equivalente,Equivalente,Equivalente,Gelijkwaardig,Tilsvarende verdi,Motsvarande värde,Valoare echivalentă,Ekvivalentní hodnota
distribution,Distribution,发放,發放,配布,지급,Agihan,การแจกจ่าย,Phân Phối,वितरण,Ausgabe,Distribution,Entrega,Entrega,Erogazione,Uitbetaling,Utbetaling,Utbetalning,Distribuire,Vyplacení
mercedesMaybach,Mercedes S-Class Maybach (optional),可选择奔驰S级迈巴赫,可選擇奔馳S級邁巴赫,メルセデスSクラスマイバッハ（選択可能）,메르세데스 S클래스 마이바흐 선택 가능,Mercedes S-Class Maybach (pilihan),เมอร์เซเดส S-คลาส Maybach (เลือกได้),Mercedes S-Class Maybach (tùy chọn),मर्सिडीज S-क्लास मेबैक (वैकल्पिक),Möglichkeit: Mercedes-Benz Classe S Maybach,Possibilité de choisir une Mercedes Classe S Maybach,Pode escolher um Maybach Classe S da Mercedes-Benz,Posibilidad de elegir un Maybach Clase S,Possibilità di scegliere una Maybach Classe S,Optioneel: Mercedes-Benz S-klasse Maybach,Valgfritt: Mercedes-Benz S-Klasse Maybach,Valfritt: Mercedes-Benz S-klass Maybach,Opțional: Maybach S-Class Mercedes-Benz,Volitelně: Mercedes-Benz Maybach S-Class
challengeContinuation,"Each account can continue to the next challenge after success (e.g., V1-V4 challenge success allows registration for V4-V7). If unsuccessful, can challenge again (3 chances per account)",每个账号挑战成功则可以继续下一轮挑战（例如V1-V4挑战成功，则可报名V4-V7），挑战不成功，则再可以再次挑战。（每个账号3次挑战机会）,每個賬號挑戰成功則可以繼續下一輪挑戰（例如V1-V4挑戰成功，則可報名V4-V7），挑戰不成功，則可以再次挑戰。（每個賬號3次挑戰機會）,各アカウントはチャレンジ成功後に次のチャレンジを継続可能（例：V1-V4チャレンジ成功後、V4-V7に登録可能）。不成功の場合は再チャレンジ可能（各アカウント3回のチャンス）,"각 계정 챌린지 성공 시 다음 차례 챌린지 계속 가능 (예: V1-V4 챌린지 성공 시 V4-V7 등록 가능), 챌린지 실패 시 재도전 가능 (계정당 3회 기회)","Setiap akaun boleh meneruskan ke cabaran seterusnya selepas berjaya (contohnya: kejayaan cabaran V1-V4 membenarkan pendaftaran untuk V4-V7). Jika tidak berjaya, boleh cabaran again (3 peluang setiap akaun)",แต่ละบัญชีสามารถ続ต่อการท้าทายครั้งต่อไปหลังจากสำเร็จ (เช่น การท้าทาย V1-V4 สำเร็จ allows ลงทะเบียนสำหรับ V4-V7) หากไม่สำเร็จ สามารถท้าทาย again (3 โอกาสต่อบัญชี),"Mỗi tài khoản có thể tiếp tục thử thách tiếp theo sau khi thành công (ví dụ: thử thách V1-V4 thành công cho phép đăng ký V4-V7). Nếu không thành công, có thể thử thách lại (3 cơ hội mỗi tài khoản)","प्रत्येक खाता सफलता के बाद अगली चुनौती जारी रख सकता है (उदाहरण: V1-V4 चुनौती सफलता V4-V7 के लिए पंजीकरण की अनुमति देती है)।如果 unsuccessful,则可以再次挑战 (प्रति खाता 3 अवसर)",Bei erfolgreichem Abschluss kann das nächste Level freigeschaltet werden (z. B. V1–V4 → V4–V7). Bei Scheitern ist Wiederholung möglich. Jeder Account hat 3 Versuche.,"Si un défi est réussi (ex. V1–V4), le suivant peut être lancé (V4–V7). Chaque compte a 3 tentatives.","Ao concluir com sucesso (ex: V1–V4), poderá inscrever-se para a próxima (V4–V7). Cada conta tem 3 chances.","Si completa un desafío (ej: V1–V4), puede continuar al siguiente (V4–V7). Cada cuenta tiene 3 intentos en total.","Al completare con successo una sfida (es. V1–V4), si può accedere alla successiva (es. V4–V7). Ogni account ha 3 tentativi in totale.","Elk account dat een uitdaging voltooit, kan doorgaan naar de volgende ronde (bijv. V1–V4 → V4–V7). Mislukt? Je kunt opnieuw proberen (max 3 keer per account).","Hver konto som fullfører en utfordring kan gå videre til neste runde (f.eks. V1–V4 → V4–V7). Ved feil, kan du prøve på nytt (opptil 3 ganger).",Varje konto som klarar en utmaning kan gå vidare till nästa (ex. V1–V4 → V4–V7). Vid misslyckande får man försöka igen (3 försök per konto).,"Fiecare cont care finalizează o provocare poate continua cu următoarea (ex: V1–V4 → V4–V7). În caz de eșec, se poate încerca din nou (3 șanse per cont).",Každý účet po úspěchu pokračuje další výzvou (např. V1–V4 → V4–V7). Při neúspěchu můžete zkusit znovu (max. 3 pokusy na účet).
rewardExplanation,Reward Explanation,奖励说明,獎勵說明,報酬説明,보상 설명,Penjelasan Hadiah,คำอธิบายรางวัล,Giải Thích Phần Thưởng,पुरस्कार स्पष्टीकरण,Belohnungserklärung,Description des récompenses,Detalhes da Recompensa,Descripción de las recompensas,Descrizione dei premi,Uitleg beloningen,Belønningsdetaljer,Belöningsbeskrivning,Detalii recompensă,Popis odměny
usdmDistribution,"All rewards are distributed in USD9 tokens, equivalent conversion based on market price at distribution date",所有奖励以 USD9 代币发放，等值换算以发放日市场价为准,所有獎勵以 USD9 代幣發放，等值換算以發放日市場價為準,全ての報酬はUSD9トークンで配布、等価換算は配布日の市場価格に基づく,"모든 보상 USD9 토큰으로 지급, 등가 환산은 지급일 시장가 기준","Semua hadiah diagihkan dalam token USD9, penukaran setara berdasarkan harga pasaran pada tarikh agihan",รางวัลทั้งหมดแจกจ่ายในโทเคน USD9 การแปลงค่าเทียบเท่าขึ้นอยู่กับราคาตลาดในวันที่แจกจ่าย,"Tất cả phần thưởng được phân phối bằng token USD9, quy đổi tương đương dựa trên giá thị trường tại ngày phân phối","सभी पुरस्कार USD9 टोकन में वितरित किए जाते हैं, समकक्ष रूपांतरण वितरण तिथि पर बाजार मूल्य के आधार पर","Alle Belohnungen werden in USD9-Token ausgezahlt, umgerechnet zum Marktpreis am Auszahlungstag","Toutes les récompenses sont émises en jetons USD9, converties selon le prix du marché le jour du versement","Todas as recompensas são distribuídas em tokens USD9, convertidas com base no preço de mercado do dia de emissão","Todas las recompensas se otorgan en tokens USD9, calculadas al valor de mercado del día de entrega","Tutti i premi sono distribuiti in token USD9, calcolati al valore di mercato del giorno di assegnazione","Alle beloningen worden in USD9 uitgekeerd, omgerekend naar marktwaarde op uitbetalingsdatum","Alle belønninger gis i USD9, etter markedspris på utbetalingsdag","Alla belöningar ges i USD9, växlat enligt marknadspris på utbetalningsdagen","Toate recompensele sunt acordate în USD9, conform valorii de piață din ziua distribuirii",Všechny odměny jsou vypláceny v USD9 podle tržní ceny v den výplaty
withdrawalOptions,Users can choose direct account deposit or on-chain withdrawal,用户可选择直接存入账户或链上提取,用戶可選擇直接存入賬戶或鏈上提取,ユーザーは直接口座入金またはオンチェーン引出しを選択可能,사용자 직접 계정 입금 또는 온체인 출금 선택 가능,Pengguna boleh选择 deposit langsung ke akaun或 pengeluaran on-chain,ผู้ใช้สามารถเลือกการฝากเข้าบัญชีโดยตรงหรือการถอนบน chain,Người dùng có thể chọn gửi trực tiếp vào tài khoản hoặc rút tiền trên chain,उपयोगकर्ता सीधे खाता जमा或 on-chain निकासी चुन सकते हैं,"Benutzer können wählen, ob sie die Belohnung auf das Konto einzahlen oder on-chain abheben",L’utilisateur peut choisir de les créditer sur son compte ou de les retirer sur la blockchain,O utilizador pode optar por depositar diretamente na conta ou retirar on-chain,El usuario puede optar por depositarlos en su cuenta o retirarlos en cadena,Gli utenti possono scegliere di riceverli direttamente sul conto o prelevarli on-chain,Gebruiker kan kiezen: in account storten of on-chain opnemen,Bruker kan velge å sette inn på konto eller ta ut on-chain,Användaren kan välja att sätta in på konto eller ta ut on-chain,Utilizatorul poate alege să depună în cont sau să retragă on-chain,Uživatel si může zvolit: vložit do účtu nebo vybrat on-chain
physicalRewards,"Physical rewards (e.g., Mercedes) will be handled by dedicated customer service for redemption process",实物奖励（如奔驰）将由专属客服对接兑现流程,實物獎勵（如奔馳）將由專屬客服對接兌現流程,物理報酬（メルセデス等）は専属カスタマーサービスが換金プロセスを対応,실물 보상 (메르세데스 등)은 전속 고객 서비스兑现流程 대응,Hadiah fizikal (contoh: Mercedes) akan diurus oleh perkhidmatan pelanggan khusus untuk proses penebusan,รางวัลกายภาพ (เช่น เมอร์เซเดส) จะได้รับการจัดการโดยบริการลูกค้าเฉพาะสำหรับกระบวนการ赎回,Phần thưởng vật lý (ví dụ: Mercedes) sẽ được xử lý bởi dịch vụ khách hàng chuyên dụng cho quy trình đổi thưởng,भौतिक पुरस्कार (उदाहरण: मर्सिडीज) समर्पित ग्राहक सेवा द्वारा redemption प्रक्रिया के लिए संभाले जाएंगे,Sachpreise (z. B. Mercedes) werden durch einen persönlichen Kundenbetreuer eingelöst,Les récompenses physiques (ex. Mercedes) seront gérées par un conseiller dédié,Recompensas físicas (como um Mercedes) serão coordenadas por um atendente exclusivo,Las recompensas físicas (como un Mercedes) serán gestionadas por un agente exclusivo,Premi fisici (come una Mercedes) saranno gestiti da un consulente dedicato,Fysieke beloningen (zoals Mercedes) worden afgehandeld via speciale klantenservice,Fysiske belønninger (som Mercedes) håndteres av dedikert kundeservice,Fysiska belöningar (som Mercedes) hanteras av särskild kundtjänst,Recompensele fizice (ex: Mercedes) sunt procesate de echipa de suport dedicată,Fyzické odměny (např. Mercedes) zajistí speciální zákaznický servis
callToAction,"Register for the challenge now, activate exclusive advancement incentives!",立即报名挑战，激活专属晋升激励！,立即報名挑戰，激活專屬晉升激勵！,今すぐチャレンジに登録し、専用昇格インセンティブを活性化！,지금 챌린지에 등록하고 전속 승급 인센티브 활성화!,"Daftar untuk cabaran sekarang, aktifkan insentif kenaikan pangkat eksklusif!",ลงทะเบียนสำหรับการท้าทายตอนนี้ เปิดใช้งานแรงจูงใจการ晋升พิเศษ!,"Đăng ký thử thách ngay bây giờ, kích hoạt ưu đãi thăng tiến độc quyền!","अभी चुनौती के लिए पंजीकरण करें, विशेष advancement प्रोत्साहन सक्रिय करें!",Jetzt anmelden und exklusiven Aufstiegsbonus aktivieren!,Inscrivez-vous dès maintenant pour activer votre bonus de promotion exclusif !,Inscreva-se já no desafio e ative o incentivo de promoção exclusivo!,¡Inscríbete ya al desafío y activa tu bonificación de ascenso exclusiva!,Iscriviti ora alla sfida e attiva il bonus di promozione esclusivo!,Meld je nu aan en activeer je upgradebeloning!,Meld deg på nå og aktiver din oppgraderingsbonus!,Registrera dig nu och aktivera din uppgraderingsbonus!,Înscrie-te acum și activează bonusul tău de promovare!,Přihlaste se nyní a aktivujte svůj bonus za postup!
usdmOpportunity,"Seize the USD9 wealth opportunity, win your prestigious seat with strength!",把握USD9财富主线，用实力赢下你的尊贵席位！,把握USD9財富主線，用實力贏下你的尊貴席位！,USD9富の主線を把握し、実力で尊貴な席を勝ち取れ！,"USD9 부메인 라인把握, 실력으로 당신의尊貴한 자리 획득!","Rai peluang kekayaan USD9, dengan kekuatan menang席位的尊贵 anda!",คว้าโอกาสความมั่งคั่ง USD9 用实力贏得席位อันมีเกียรติของคุณ!,"Nắm bắt cơ hội giàu có USD9, dùng thực lực để giành lấy vị trí danh giá của bạn!","USD9 धन का अवसर जब्त करें, ताकत से अपनी prestigious सीट जीतें!",Nutze den USD9-Vermögenspfad und sichere dir deinen Ehrenplatz mit Leistung!,Saisissez l’opportunité de richesse USD9 et gagnez votre place d’honneur par vos résultats !,Aproveite a trilha de riqueza do USD9 e conquiste seu lugar de destaque com mérito!,Aprovecha la ruta de riqueza con USD9 y gana tu lugar de honor con tu propio esfuerzo,Cogli l’occasione della ricchezza USD9 e conquista il tuo posto d’onore con la forza!,Grijp de USD9-rijkdom – claim jouw exclusieve plek met prestaties!,Grip USD9-formuen – tjen din hedersplass med innsats!,Ta kontroll över USD9-vinsten – vinn din premiumplats med styrka!,Prinde linia de bogăție USD9 – câștigă locul tău de onoare cu efort!,Chopte se USD9 bohatství – získejte své prestižní místo výkonem!
register,Register,报名,報名,登録,등록,Daftar,ลงทะเบียน,Đăng Ký,पंजीकरण,Anmeldung,S’inscrire,Inscrição,Inscribirse,Iscriviti,Aanmelden,Registrer deg,Registrera dig,Înscriere,Přihlásit se
programRules,VIP Level Up Challenge Rules,VIP等级挑战规则,VIP等級挑戰規則,VIPレベルアップチャレンジ規則,VIP 레벨업 챌린지 규칙,Peraturan Cabaran Naik Taraf VIP,กฎการท้าทายเลื่อนระดับ VIP,Quy Tắc Thử Thách Nâng Cấp VIP,VIP लेवल अप चैलेंज नियम,VIP-Herausforderungsregeln,Règles du Défi VIP,Regras do Desafio VIP,Reglas del Desafío VIP,Regole della Sfida VIP,VIP-level uitdaging regels,VIP-nivå utfordringsregler,Regler för VIP-nivåutmaning,Reguli pentru provocarea nivelului VIP,Pravidla výzvy VIP úrovní
currentLevelMessage,"Your current level is VIP {vip}, so you can only register for activities corresponding to VIP {vip}",您当前的等级是{vip}，所以只能报名参加{vip}对应的活动,您當前的等級是{vip}，所以只能報名參加{vip}對應的活動,現在のレベルは{vip}ですので、{vip}対応の活動のみ登録可能,현재 레벨은 {vip}이므로 {vip} 해당 활동만 등록 가능,"Peringkat semasa anda ialah {vip}, jadi anda hanya boleh mendaftar untuk aktiviti yang sepadan dengan {vip}",ระดับปัจจุบันของคุณคือ {vip} ดังนั้นคุณสามารถลงทะเบียนสำหรับกิจกรรมที่ตรงกับ {vip} เท่านั้น,"Cấp độ hiện tại của bạn là {vip}, vì vậy bạn chỉ có thể đăng ký các hoạt động tương ứng với {vip}","आपका वर्तमान स्तर {vip} है,因此 आप केवल {vip} के अनुरूप गतिविधियों के लिए पंजीकरण कर सकते हैं","Ihr aktuelles Level ist {vip}, daher können Sie nur an der entsprechenden {vip}-Herausforderung teilnehmen","Votre niveau actuel est {vip}, vous ne pouvez donc participer qu’au défi correspondant","Seu nível atual é {vip}, então só pode participar no desafio correspondente","Tu nivel actual es {vip}, por lo tanto solo puedes participar en el desafío correspondiente","Il tuo livello attuale è {vip}, quindi puoi iscriverti solo alla sfida corrispondente","Je huidige niveau is {vip}, dus je kunt alleen deelnemen aan de {vip}-activiteit","Du er nå på nivå {vip}, og kan kun delta i {vip}-aktiviteten","Ditt nuvarande nivå är {vip}, så du kan bara delta i {vip}-eventet","Nivelul tău actual este {vip}, deci poți participa doar la activitatea {vip}","Vaše aktuální úroveň je {vip}, můžete se přihlásit pouze na úroveň {vip}"
challengeDeadline,Please complete the competition within the specified time,请在规定时间内完成挑战,請在規定時間內完成挑戰,指定時間内に試合を完了してください,지정된 시간 내에 경기를 완료해 주세요,Sila selesaikan pertandingan dalam masa yang ditetapkan,กรุณาทำเกมให้เสร็จภายในเวลาที่กำหนด,Vui lòng hoàn thành cuộc thi trong thời gian quy định,कृपया निर्दिष्ट समय के भीतर प्रतियोगिता पूरी करें,Bitte schließe die Herausforderung innerhalb des vorgegebenen Zeitrahmens ab,Merci de compléter le défi dans les délais impartis,Conclua o desafio dentro do prazo estabelecido,Completa el desafío dentro del tiempo estipulado,Completa la sfida entro il tempo assegnato,Voltooi de uitdaging binnen de opgegeven tijd,Fullfør utfordringen innen den angitte tiden,Slutför utmaningen inom angiven tid,Finalizează provocarea în timpul alocat,Dokončete výzvu ve stanoveném čase
progressStatus,Qualification Progress,达标进度,達標進度,達成進捗,달성 진행률,Kemajuan Pencapaian,ความคืบหน้าในการ达标,Tiến Độ Đạt Chuẩn,योग्यता प्रगति,Fortschrittsstatus,Progression,Progresso da meta,Progreso,Progresso,Voortgang richting doel,Fremdrift mot mål,Framsteg mot mål,Progres către obiectiv,Postup splnění cíle
teamInvestmentProgress,Team Investment Completion Status,团队投资完成情况,團隊投資完成情況,チーム投資達成状況,팀 투자 완료 상황,Status Pelaburan Pasukan Diselesaikan,สถานะการ完成การลงทุนของทีม,Tình Trạng Hoàn Thành Đầu Tư Đội,टीम निवेश पूरा status,Team-Investitionsstatus,Situation des investissements d’équipe,Situação de investimento da equipe,Estado de inversión del equipo,Stato dell’investimento del team,Team investeringsstatus,Teamets investeringsstatus,Teamets investeringsstatus,Stare investiții echipă,Stav týmové investice
vipUpgradeProgress,VIP Upgrade Progress,VIP升级进度,VIP升級進度,VIPアップグレード進捗,VIP 업그레이드 진행률,Kemajuan Naik Taraf VIP,ความคืบหน้าการอัปเกรด VIP,Tiến Độ Nâng Cấp VIP,VIP उन्नयन progress,VIP-Aufstiegsfortschritt,Progression du niveau VIP,Progresso de nível VIP,Progreso de subida de nivel VIP,Progresso nel passaggio di livello VIP,VIP-upgrade voortgang,VIP-opprykk fremdrift,VIP-uppgradering framsteg,Progres promovare VIP,Postup vylepšení VIP
investmentNote,Only shows investment amount of 180 days and above products,仅展示投资180天及以上产品的投资金额,僅展示投資180天及以上產品的投資金額,180日以上製品の投資金額のみ表示,180일 이상 제품 투자 금액만 표시,Hanya menunjukkan jumlah pelaburan dalam produk 180 hari及以上,แสดงเฉพาะจำนวนเงินinvestในผลิตภัณฑ์ 180 วัน及以上,Chỉ hiển thị số tiền đầu tư vào các sản phẩm từ 180 ngày trở lên,केवल 180 दिन及以上 उत्पादों की निवेश राशि दिखाता है,Es werden nur Investitionen mit einer Laufzeit von 180 Tagen oder mehr angezeigt,Seuls les montants investis sur des produits de 180 jours ou plus sont affichés,Apenas são exibidos investimentos com duração igual ou superior a 180 dias,Solo se muestran inversiones en productos de 180 días o más,Vengono mostrati solo gli importi investiti in prodotti di durata ≥180 giorni,Alleen investeringen van ≥180 dagen worden weergegeven,Kun investeringer ≥180 dager vises,Endast investeringar på ≥180 dagar visas,Se afișează doar investiții ≥180 zile,Zobrazeny pouze investice nad 180 dní
challengeFailed,Challenge Failed,挑战失败,挑戰失敗,チャレンジ失敗,챌린지 실패,Cabaran Gagal,ท้าทายล้มเหลว,Thử Thách Thất Bại,चुनौती विफल,Herausforderung fehlgeschlagen,Échec du défi,Desafio falhou,Desafío fallido,Sfida fallita,Uitdaging mislukt,Utfordring mislyktes,Utmaning misslyckades,Provocare eșuată,Výzva neúspěšná
challengeInProgress,Challenge In Progress,挑战进行中,挑戰進行中,チャレンジ進行中,챌린지 진행 중,Cabaran Sedang Berjalan,正在进行การท้าทาย,Thử Thách Đang Tiến Hành,चुनौती正在进行,Herausforderung läuft,Défi en cours,Desafio em andamento,Desafío en curso,Sfida in corso,Uitdaging bezig,Utfordring pågår,Utmaning pågår,Provocare în desfășurare,Výzva probíhá
challengeSuccess,Challenge Success,挑战成功,挑戰成功,チャレンジ成功,챌린지 성공,Cabaran Berjaya,ท้าทายสำเร็จ,Thử Thách Thành Công,चुनौती सफल,Herausforderung erfolgreich,Défi réussi,Desafio concluído com sucesso,Desafío exitoso,Sfida completata con successo,Uitdaging geslaagd,Utfordring vellykket,Utmaning lyckades,Provocare reușită,Výzva úspěšná
finalTargetLevel,Target Level,目标等级,目標等級,目標レベル,목표 레벨,Peringkat Sasaran,ระดับเป้าหมาย,Cấp Độ Mục Tiêu,लक्ष्य स्तर,Ziel-Level,Niveau cible,Nível-alvo,Nivel objetivo,Livello target,Doelniveau,Målnivå,Mål-nivå,Nivel țintă,Cílová úroveň
eventDescription,The 'VIP Advancement Challenge' is a long-term challenge incentive mechanism open to all 9M AI users.,「VIP晋级挑战赛」是为全体 9M AI 用户开放的长期挑战激励机制。,「VIP晉級挑戰賽」是為全體 9M AI 用戶開放的長期挑戰激勵機制。,「VIP昇格チャレンジ」は全ての9M AIユーザーに開放された長期チャレンジ激励メカニズムです。,「VIP 승급 챌린지」는 전체 9M AI 사용자에게 개방된 장기 챌린지激励 메커니즘입니다.,「Cabaran Kenaikan Pangkat VIP」 adalah mekanisme insentif cabaran长期 yang terbuka kepada semua pengguna 9M AI.,「การแข่งขันท้าทายการ晋升ระดับ VIP」 là กลไกแรงจูงใจการท้าทายระยะยาวที่เปิดให้สำหรับผู้ใช้ 9M AI ทุกคน,「Thử Thách Thăng Hạng VIP」 là cơ chế khuyến khích thử thách dài hạn mở cho tất cả người dùng 9M AI.,「VIP उन्नति चुनौती」 सभी 9M AI उपयोगकर्ताओं के लिए खुली एक दीर्घकालिक चुनौती incentive तंत्र है।,"Der „VIP-Aufstiegswettbewerb“ ist ein langfristiger Anreizmechanismus, der allen 9M AI-Nutzern offensteht.",Le « Défi VIP de montée en grade » est un programme d’incitation à long terme ouvert à tous les utilisateurs de 9M AI.,O “Desafio de Promoção VIP” é um incentivo de longo prazo aberto a todos os usuários da 9M AI.,El “Desafío de Ascenso VIP” es un incentivo continuo abierto a todos los usuarios de 9M AI.,La “Sfida VIP di Promozione” è un’iniziativa di incentivo a lungo termine aperta a tutti gli utenti di 9M AI.,De “VIP-upgrade challenge” is een langdurige beloning voor alle 9M AI-gebruikers.,“VIP Challenge” er en langsiktig insentiv for alle 9M AI-brukere.,“VIP-uppgraderingsutmaningen” är en långsiktig belöning för alla 9M AI-användare.,“Provocarea VIP” este un program de stimulare deschis tuturor utilizatorilor 9M AI.,„VIP výzva“ je dlouhodobý motivační program pro všechny uživatele 9M AI.
eventMechanics,"Users can win USD9 rewards equivalent to USDT by completing VIP level advancement and team staking targets within specified time, with the chance to earn luxury car honors!",用户通过在规定时间内完成 VIP 等级晋升与团队质押目标，即可赢取等值 USDT 的 USD9奖励，更有机会获得豪车荣誉！,用戶通過在規定時間內完成 VIP 等級晉升與團隊質押目標，即可贏取等值 USDT 的 USD9獎勵，更有機會獲得豪車榮譽！,ユーザーは指定時間内にVIPレベル昇格とチームステーキング目標を達成することで、等価USDTのUSD9報酬を獲得でき、高級車荣誉を得るチャンスもあります！,"사용자는 지정 시간 내 VIP 레벨 승급 및 팀 스테이킹 목표 완료 통해 등가 USDT의 USD9 보상 획득 가능, 고급차 영예 획득 기회도 있습니다!","Pengguna boleh memenangi hadiah USD9 setara dengan USDT dengan menyelesaikan kenaikan peringkat VIP dan sasaran staking pasukan dalam masa yang ditetapkan, dengan peluang untuk獲得荣誉 kereta mewah!",ผู้ใช้สามารถชนะรางวัล USD9 เทียบเท่า USDT โดยการ完成การเลื่อนระดับ VIP และเป้าหมายการ staking ของทีมภายในเวลาที่กำหนด พร้อมกับ有机会ได้รับเกียรติรถยนต์หรู!,"Người dùng có thể giành phần thưởng USD9 tương đương USDT bằng cách hoàn thành việc thăng cấp VIP và mục tiêu staking đội trong thời gian quy định, với cơ hội nhận danh dự xe hạng sang!","उपयोगकर्ता निर्दिष्ट समय के within VIP स्तर उन्नति और टीम स्टेकिंग लक्ष्यों को पूरा करके USDT के बराबर USD9 पुरस्कार जीत सकते हैं, और luxury car honors प्राप्त करने का मौका भी!","Nutzer, die innerhalb der vorgegebenen Zeit eine VIP-Stufe aufsteigen und Teamziele erreichen, erhalten USD9 im Wert von USDT und haben die Chance auf einen Luxuswagen!","En atteignant le niveau VIP et les objectifs d’équipe dans les délais, les utilisateurs reçoivent des USD9 équivalents en USDT et peuvent même gagner une voiture de luxe !",Usuários que atingirem o nível VIP e os objetivos de equipe dentro do prazo receberão USD9 equivalentes em USDT — com chance de ganhar um carro de luxo!,"Al completar el ascenso VIP y los objetivos del equipo dentro del plazo, los usuarios recibirán USD9 equivalentes en USDT ¡y podrán ganar un auto de lujo!",Gli utenti che raggiungono il livello VIP e l’obiettivo di team staking entro il tempo previsto riceveranno USD9 equivalenti in USDT e potranno vincere anche un’auto di lusso!,"Door binnen de tijd VIP-niveaus te stijgen en het teamdoel te halen, win je USD9 (in USDT-waarde) en maak je kans op een luxe auto!",Fullfør VIP-oppgradering og teamstaking i tide for å vinne USD9 tilsvarende USDT – og kanskje en luksusbil!,Slutför VIP-nivåhöjning och teaminsats för att vinna USD9 och få chans till lyxbil!,"Completând upgrade-ul VIP și ținta de staking, câștigi USD9 echivalent USDT și poți obține un automobil de lux!",Dokončením VIP úrovní a týmového stakingu získáte USD9 (v hodnotě USDT) a šanci na luxusní vůz!
competitionRecords,Competition Records,参赛记录,參賽記錄,参加記録,참가 기록,Rekod Penyertaan,บันทึกการแข่งขัน,Hồ sơ thi đấu,प्रतियोगिता रिकॉर्ड,Wettbewerbshistorie,Historique de participation,Registro de participação,Registro de participación,Registro di partecipazione,Deelnameregistratie,Deltakelseslogg,Deltagandehistorik,Istoricul participării,Záznam účasti
agreeToRules1,Please read and agree to the Level Up Challenge Rules,请阅读并同意等级挑战规则,請閱讀並同意等級挑戰規則,VIPレベルアップチャレンジ規則,레벨업 챌린지 규칙을 읽고 동의해 주세요,Sila baca dan setuju dengan Peraturan Cabaran Naik Taraf,กรุณาอ่านและยอมรับกฎการท้าทายเลื่อนระดับ,Vui lòng đọc và đồng ý với Quy Tắc Thử Thách Nâng Cấp,कृपया लेवल अप चैलेंज नियम पढ़ें और उनसे सहमत हों,Bitte lesen und akzeptieren Sie die Regeln des Aufstiegswettbewerbs,Merci de lire et d’accepter les règles du défi de niveau,"Por favor, leia e aceite as regras do desafio de nível","Por favor, lea y acepte las reglas del desafío de nivel",Si prega di leggere e accettare le regole della sfida di livello,Lees en ga akkoord met de niveau-uitdagingsregels,Les og godta reglene for nivåutfordring,Läs och godkänn reglerna för nivåutmaning,Citiți și acceptați regulile provocării,Přečtěte si a souhlaste s pravidly výzvy
registrationSuccess,Registration Successful,报名成功,報名成功,登録成功,등록 성공,Pendaftaran Berjaya,ลงทะเบียนสำเร็จ,Đăng ký thành công,पंजीकरण सफल,Anmeldung erfolgreich,Inscription réussie,Inscrição bem-sucedida,Registro exitoso,Iscrizione completata,Inschrijving geslaagd,Påmelding fullført,Anmälan lyckades,Înscriere reușită,Registrace úspěšná
spot_frozen,Frozen Funds (Spot),现货冻结金额,凍結資金（現貨）,凍結資金（スポット取引）,동결 자금 (현물),Dana Dibekukan (Spot),เงินที่ถูกระงับ (ตลาดสปอต),Quỹ bị đóng băng (Giao ngay),जमे हुए फंड्स (स्पॉट),Eingefrorener Spot-Betrag,Montant gelé au comptant,Valor congelado no spot,Monto congelado en spot,Importo congelato del trading spot,Bevroren bedrag in spotmarkt,Frosset beløp i spotmarkedet,Fryst belopp i spotmarknad,Suma blocată în piața spot,Zmrazená částka na spotovém trhu
spot_frozen_tip,"The portion of your spot trade orders that are pending and not yet filled will be frozen by the system based on their USDT equivalent value. Once the order is executed or cancelled, the frozen amount will be automatically released.",指您在现货交易中挂单但未成交的部分，系统会按挂单对应的币种折算为USDT价值进行冻结。订单成交或取消后，该部分金额会自动解冻。,指您在現貨交易中掛單但未成交的部分，系統會依掛單對應的幣種折算為 USDT 價值進行凍結。當訂單成交或取消後，該部分金額將自動解凍。,現物取引で未約定の注文部分は、システムによってその通貨をUSDTに換算した金額として凍結されます。注文が約定またはキャンセルされると、自動的に解除されます。,현물 거래에서 체결되지 않은 주문 금액은 해당 코인의 USDT 환산 가치 기준으로 시스템에 의해 동결됩니다. 주문이 체결되거나 취소되면 해당 금액은 자동으로 해제됩니다.,"Bahagian pesanan dagangan spot anda yang belum selesai akan dibekukan berdasarkan nilai bersamaan dalam USDT. Setelah pesanan dilaksanakan atau dibatalkan, amaun tersebut akan dinyahbeku secara automatik.",ส่วนของคำสั่งซื้อขาย Spot ที่คุณเปิดไว้แต่ยังไม่จับคู่ ระบบจะทำการแปลงมูลค่าเป็น USDT และทำการระงับไว้โดยอัตโนมัติ เมื่อคำสั่งซื้อสำเร็จหรือถูกยกเลิก ระบบจะปลดล็อกจำนวนเงินนั้นโดยอัตโนมัติ.,"Phần lệnh giao dịch giao ngay chưa được khớp sẽ bị hệ thống đóng băng theo giá trị quy đổi sang USDT. Khi lệnh được thực hiện hoặc hủy bỏ, số tiền bị đóng băng sẽ được giải phóng tự động.","आपके स्पॉट ट्रेडिंग आदेशों में से जो अभी तक निष्पादित नहीं हुए हैं, वे USDT के समतुल्य मूल्य के आधार पर सिस्टम द्वारा फ्रीज़ कर दिए जाएंगे। आदेश निष्पादित या रद्द होने के बाद, यह राशि स्वचालित रूप से अनलॉक हो जाएगी।","Bezieht sich auf den Teil Ihrer offenen Spot-Orders, der nicht ausgeführt wurde. Dieser Betrag wird auf Basis des Orderwerts in USDT eingefroren. Erfolgt ein Abschluss oder eine Stornierung, wird der Betrag automatisch freigegeben.",Correspond à la partie de vos ordres spot en attente non exécutés. Le système la gèle selon la valeur équivalente en USDT. Elle sera libérée après exécution ou annulation.,"Refere-se à parte dos pedidos spot pendentes não executados. O sistema congela o valor equivalente em USDT. Após execução ou cancelamento, o valor é liberado automaticamente.","Se refiere a la parte de sus órdenes al contado pendientes no ejecutadas. El sistema congelará el monto equivalente en USDT. Una vez ejecutadas o canceladas, se liberará automáticamente.",Si riferisce alla parte degli ordini spot pendenti che non sono stati eseguiti. Il sistema congelerà l’equivalente in USDT finché l’ordine non viene eseguito o annullato.,Verwijst naar het deel van uw spotorder dat nog niet is uitgevoerd. Het systeem bevriest dit bedrag door het om te rekenen naar de USDT-waarde van de geplaatste order. Na uitvoering of annulering van de order wordt het bedrag automatisch vrijgegeven.,"Refererer til den delen av din spotordre som ikke er fullført. Systemet vil fryse dette beløpet ved å konvertere det til USDT-verdi basert på ordren. Når ordren er fylt eller kansellert, blir beløpet automatisk frigitt.","Avser den del av din spotorder som ännu inte har genomförts. Systemet fryser detta belopp genom att konvertera till motsvarande USDT-värde. När ordern är utförd eller avbruten, frigörs beloppet automatiskt.","Se referă la partea din ordinul dvs. de tranzacționare spot care nu a fost încă executată. Sistemul va bloca acea sumă, convertind-o în valoare USDT conform ordinului. După executarea sau anularea ordinului, suma va fi deblocată automat.","Odkazuje na část vaší spotové objednávky, která nebyla realizována. Systém tuto částku zmrazí převedením na hodnotu v USDT podle objednávky. Po provedení nebo zrušení objednávky se částka automaticky uvolní."
funds_frozen,Frozen Funds (Fund),基金冻结金额,凍結資金（基金）,凍結資金（ファンド）,동결 자금 (펀드),Dana Dibekukan (Dana),เงินที่ถูกระงับ (กองทุน),Quỹ bị đóng băng (Quỹ),जमे हुए फंड्स (फंड),Eingefrorener Fondsbetrag,Montant gelé des fonds,Valor congelado de fundos,Monto congelado de fondos,Importo congelato nei fondi,Bevroren fondsbedrag,Frosset fondsbeløp,Fryst fondbelopp,Sumă blocată în fond,Zmrazená částka ve fondu
funds_frozen_tip,"The frozen amount for your event participation, amount pending withdrawal, and the principal currently locked in fund products.",您报名参加活动的冻结金额、提现处理中金额，以及基金处于冻结中的本金。,您報名參加活動的凍結金額、提現處理中的金額，以及基金處於凍結中的本金。,イベント参加によって凍結された金額、出金処理中の金額、およびファンド内で凍結中の元本です。,"활동 참여를 위한 동결 금액, 출금 처리 중인 금액, 그리고 펀드 상품에 잠겨 있는 원금입니다.","Amaun yang dibekukan untuk penyertaan aktiviti, amaun dalam proses pengeluaran, serta prinsipal yang sedang dibekukan dalam produk dana.",จำนวนเงินที่ถูกระงับจากการเข้าร่วมกิจกรรม จำนวนเงินที่อยู่ระหว่างการถอน และเงินต้นที่ถูกล็อคในกองทุน,"Số tiền bị đóng băng khi đăng ký tham gia sự kiện, số tiền đang xử lý rút, và số vốn gốc đang bị khóa trong quỹ.","आपकी गतिविधि भागीदारी के लिए जमी हुई राशि, निकासी प्रक्रिया में राशि, और फंड उत्पादों में बंद की गई मूलधन राशि।","Der eingefrorene Betrag für die Teilnahme an Aktivitäten, laufende Auszahlungen oder noch eingefrorenes Kapital in Fonds.","Montant gelé pour la participation, retraits en cours ou capital de fonds encore bloqué.","Valor congelado devido à participação em eventos, retiradas pendentes e capital de fundos ainda travado.","Monto congelado por inscripción en eventos, retiros pendientes y capital de fondos aún bloqueado.","Include l’importo congelato per la partecipazione, le richieste di prelievo in sospeso e il capitale dei fondi ancora bloccato.","Het bevroren bedrag voor je deelname, verwerkingsbedrag voor opnames en het bevroren kapitaal in het fonds.","Det frosne beløpet for aktiviteten du meldte deg på, uttaksbehandling, og frossen fonds-kapital.","Ditt frysta belopp för deltagande, uttag som behandlas och fryst fondkapital.","Suma blocată pentru participarea ta, suma în curs de retragere și capitalul fondului aflat în blocare.","Zmrazená částka za registraci, zpracovávané výběry a zmrazený kapitál ve fondu."
VIP报名赛奖金,VIP Registration Race Bonus,VIP报名赛奖金,VIP報名賽獎金,VIP登録レース報酬,VIP 등록 레이스 보너스,Bonus Perlumbaan Pendaftaran VIP,โบนัสการแข่งขันสมัคร VIP,Tiền thưởng cuộc đua đăng ký VIP,VIP पंजीकरण रेस बोनस,VIP-Wettbewerbsprämie,Bonus de participation VIP,Bônus de inscrição VIP,Bonificación de registro VIP,Bonus iscrizione VIP,VIP-wedstrijdbonus,VIP-konkurransebonus,VIP-tävlingsbonus,Bonus pentru competiția VIP,Bonus za VIP soutěž
activityCenter,Activity Calendar,活动日历,活動日曆,アクティビティカレンダー,활동 달력,Kalendar Aktiviti,ปฏิทินกิจกรรม,Lịch hoạt động,गतिविधि कैलेंडर,Aktivitätskalender,Calendrier d’activités,Calendário de Atividades,Calendario de Actividades,Centro Attività,Activiteitenkalender,Aktivitetskalender,Aktivitetskalender,Calendar de activități,Kalendář aktivit
videoSizeLimit,Video size cannot exceed 400MB,视频大小不能超过 400MB,影片大小不能超過 400MB,動画サイズは400MBを超えることはできません,동영상 크기는 400MB를 초과할 수 없습니다,Saiz video tidak boleh melebihi 400MB,ขนาดวิดีโอต้องไม่เกิน 400MB,Kích thước video không được vượt quá 400MB,वीडियो का आकार 400MB से अधिक नहीं हो सकता,Videogröße darf 400 MB nicht überschreiten,La taille de la vidéo ne doit pas dépasser 400 Mo,O tamanho do vídeo não pode exceder 400MB,El tamaño del video no puede exceder 400 MB,La dimensione del video non può superare 400MB,Video mag maximaal 400MB zijn,Video må ikke overstige 400MB,Video får inte överstiga 400MB,Dimensiunea video nu poate depăși 400MB,Velikost videa nesmí přesáhnout 400 MB
imageSizeLimit,Image size cannot exceed 5MB,图片大小不能超过 5MB,圖片大小不能超過 5MB,画像サイズは5MBを超えることはできません,이미지 크기는 5MB를 초과할 수 없습니다,Saiz gambar tidak boleh melebihi 5MB,ขนาดภาพต้องไม่เกิน 5MB,Kích thước hình ảnh không được vượt quá 5MB,छवि का आकार 5MB से अधिक नहीं हो सकता,Bildgröße darf 5 MB nicht überschreiten,La taille de l'image ne doit pas dépasser 5 Mo,O tamanho da imagem não pode exceder 5MB,El tamaño de la imagen no puede exceder 5 MB,La dimensione dell'immagine non può superare 5MB,Afbeelding mag maximaal 5MB zijn,Bilde må ikke overstige 5MB,Bild får inte vara större än 5MB,Imaginea nu poate depăși 5MB,Velikost obrázku nesmí přesáhnout 5 MB
contactMethod,Contact Method,联系方式,聯繫方式,連絡方法,연락처,Kaedah hubungan,วิธีการติดต่อ,Phương thức liên hệ,संपर्क विधि,Kontaktmethode,Méthode de contact,Método de contacto,Método de contacto,Metodo di contatto,Contactgegevens,Kontaktinformasjon,Kontaktinformation,Informații de contact,Kontaktní údaje
selectContactMethod,Please select contact method,请选择联系方式,請選擇聯繫方式,連絡方法を選択してください,연락처를 선택해 주세요,Sila pilih kaedah hubungan,กรุณาเลือกวิธีการติดต่อ,Vui lòng chọn phương thức liên hệ,कृपया संपर्क विधि चुनें,Bitte wählen Sie eine Kontaktmethode,Veuillez sélectionner une méthode de contact,Por favor selecione método de contacto,Por favor seleccione un método de contacto,Si prega di selezionare il metodo di contatto,Kies contactmethode,Velg kontaktmetode,Välj kontaktmetod,Alegeți metoda de contact,Vyberte způsob kontaktu
searchCountry,Search country,搜索国家,搜尋國家,国を検索,국가 검색,Cari negara,ค้นหาประเทศ,Tìm kiếm quốc gia,देश खोजें,Land suchen,Rechercher un pays,Pesquisar país,Buscar país,Cerca paese,Zoek land,Søk etter land,Sök land,Caută țară,Vyhledat zemi
SmartYieldWallet总收益,Smart Yield Wallet Total Earnings,Smart Yield Wallet 总收益,Smart Yield Wallet 總收益,Smart Yield Wallet の総収益,Smart Yield Wallet 총 수익,Jumlah Pulangan Smart Yield Wallet,ผลตอบแทนรวม Smart Yield Wallet,Tổng lợi nhuận Smart Yield Wallet,Smart Yield Wallet कुल आय,Gesamtertrag Smart Yield Wallet,Revenu total du Smart Yield Wallet,Lucro total da Smart Yield Wallet,Ganancia total de Smart Yield Wallet,Smart Yield Wallet Total Earnings,Totale opbrengst Smart Yield Wallet,Total avkastning Smart Yield Wallet,Total avkastning Smart Yield Wallet,Câștig total Smart Yield Wallet,Celkový výnos Smart Yield Wallet
每日复利收益,Daily Compound Earnings,每日复利收益,每日複利收益,毎日の複利収益,일일 복리 수익,Pulangan Faedah Kompaun Harian,รายได้ดอกเบี้ยทบต้นรายวัน,Lợi nhuận lãi kép hàng ngày,दैनिक चक्रवृद्धि आय,Tägliche Zinseszinsen,Revenu composé quotidien,Juros compostos diários,Ganancia compuesta diaria,Daily Compound Earnings,Dagelijkse samengestelde winst,Daglig sammensatt avkastning,Daglig ränta-på-ränta-vinst,Câștig zilnic compus,Denní složený výnos
昨日SmartYieldWallet收益,Yesterday’s Smart Yield Wallet Earnings,昨日Smart Yield Wallet收益,昨日 Smart Yield Wallet 收益,昨日の Smart Yield Wallet 収益,어제 Smart Yield Wallet 수익,Pulangan Smart Yield Wallet semalam,รายได้จาก Smart Yield Wallet เมื่อวาน,Lợi nhuận Smart Yield Wallet hôm qua,कल की Smart Yield Wallet आय,Smart Yield Wallet Gewinn von gestern,Revenu Smart Yield Wallet d’hier,Ganho de ontem do Smart Yield Wallet,Ganancia de ayer en Smart Yield Wallet,Yesterday’s Smart Yield Wallet Earnings,Gisteren’s opbrengst Smart Yield Wallet,Gårsdagens avkastning Smart Yield Wallet,Gårdagens avkastning Smart Yield Wallet,Câștig Smart Yield Wallet de ieri,Včerejší výnos Smart Yield Wallet
depositIntoSmartWallet,Deposit into Smart Yield Wallet,存入 Smart Yield Wallet,存入 Smart Yield Wallet,Smart Yield Wallet に預け入れ,Smart Yield Wallet 입금,Simpan ke dalam Smart Yield Wallet,ฝากเข้า Smart Yield Wallet,Gửi vào Smart Yield Wallet,Smart Yield Wallet में जमा करें,Einzahlung in Smart Yield Wallet,Dépôt dans le Smart Yield Wallet,Depositar no Smart Yield Wallet,Depositar en Smart Yield Wallet,Deposit into Smart Yield Wallet,Storten in Smart Yield Wallet,Sett inn i Smart Yield Wallet,Sätt in i Smart Yield Wallet,Depune în Smart Yield Wallet,Vložit do Smart Yield Wallet
depositIntoSmartWalletDesc,Enjoy an estimated daily compound interest rate of {rate}.,预计每日复利收益率为{rate}，让资金稳健增长。,預計每日複利收益率為 {rate}，讓資金穩健增長。,推定日次複利利回り {rate} をお楽しみください。,예상 일일 복리 이자율 {rate}를 누려보세요.,Nikmati kadar faedah kompaun harian dianggarkan sebanyak {rate}.,เพลิดเพลินกับอัตราดอกเบี้ยทบต้นรายวันประมาณ {rate},Tận hưởng lãi suất kép hàng ngày ước tính {rate}.,अनुमानित दैनिक चक्रवृद्धि ब्याज दर {rate} का आनंद लें।,Genießen Sie einen geschätzten täglichen Zinseszins von {rate}.,Profitez d’un taux d’intérêt composé quotidien estimé de {rate}.,Desfrute de uma taxa de juro composta diária estimada de {rate}.,Disfruta de una tasa de interés compuesta diaria estimada de {rate}.,Enjoy an estimated daily compound interest rate of {rate}.,Verwachte dagelijkse samengestelde rente is {rate} – voor stabiele groei.,"Forventet daglig rentes rente er {rate}, for stabil vekst.",Förväntad daglig ränta-på-ränta är {rate} – stabil tillväxt.,"Randamentul zilnic compus estimat este {rate}, pentru creștere stabilă.",Očekávaný denní složený výnos je {rate} – stabilní růst.
depositIntoAssetsWallet,Deposit into Platform Wallet,存入平台钱包,存入平台錢包,プラットフォームウォレットに入金,플랫폼 지갑에 입금,Simpan ke dalam dompet platform,ฝากเข้าไปในกระเป๋าสตางค์ของแพลตฟอร์ม,Nạp vào ví nền tảng,प्लेटफ़ॉर्म वॉलेट में जमा करें,Einzahlung in Plattform-Wallet,Dépôt dans le portefeuille de la plateforme,Depositar na carteira da plataforma,Depositar en la billetera de la plataforma,Deposit into Platform Wallet,Stort op het platformwallet,Sett inn til plattformlommebok,Sätt in till plånboken,Depune în portofelul platformei,Vložit do peněženky platformy
可用余额不足,Insufficient Available Balance,可用余额不足,可用餘額不足,利用可能残高が不足しています,사용 가능한 잔액이 부족합니다,Baki tersedia tidak mencukupi,ยอดคงเหลือไม่เพียงพอ,Số dư khả dụng không đủ,उपलब्ध शेष राशि अपर्याप्त है,Nicht ausreichendes verfügbares Guthaben,Solde disponible insuffisant,Saldo disponível insuficiente,Saldo disponible insuficiente,Insufficient Available Balance,Onvoldoende saldo beschikbaar,Utilgjengelig saldo,Otillräckligt tillgängligt saldo,Sold insuficient disponibil,Nedostatečný dostupný zůstatek
smartWalletN1Tip1,Smart Yield Wallet earnings and fund withdrawals will be settled and credited on the next day (T+1).,Smart Yield Wallet 收益及资金提现到账时间：N+1,Smart Yield Wallet 收益及資金提現到賬時間：N+1,Smart Yield Wallet の収益および出金資金の着金時間：N+1,Smart Yield Wallet 수익 및 자금 출금 도착 시간: N+1,Masa pemprosesan pengeluaran Smart Yield Wallet: N+1,เวลาที่เงินเข้าบัญชีจากการถอน Smart Yield Wallet: N+1,Thời gian nhận được tiền rút và lợi nhuận Smart Yield Wallet: N+1,Smart Yield Wallet की कमाई और निकासी की प्राप्ति का समय: N+1,Gutschriftzeit für Erträge und Auszahlungen Smart Yield Wallet: N+1,Délai de réception des retraits et gains du Smart Yield Wallet : N+1,Tempo de liquidação dos ganhos e saques do Smart Yield Wallet: N+1,Tiempo de acreditación de retiros y ganancias de Smart Yield Wallet: N+1,Smart Yield Wallet earnings and fund withdrawals will be settled and credited on the next day (T+1).,Opbrengsten en opnames van Smart Yield Wallet worden verwerkt op N+1-dag,Avkastning og uttak behandles N+1 for Smart Yield Wallet,Smart Yield Wallet-uttag och vinster behandlas på N+1-dagen,Retragerile și câștigurile Smart Yield Wallet sunt procesate în ziua N+1,Výnosy a výběry z Smart Yield Wallet se zpracovávají v N+1 dnech
smartWalletN1Tip2,All withdrawal requests will be settled and credited on the following day. Please be patient.,所有提现申请将于次日结算并到账，请耐心等待。,所有提現申請將於次日結算並到賬，請耐心等待。,すべての出金申請は翌日に決済され着金されます。,모든 출금 요청은 다음 날 정산 및 입금됩니다.,Semua permohonan pengeluaran akan diselesaikan dan dikreditkan pada hari berikutnya.,คำขอถอนทั้งหมดจะถูกดำเนินการและโอนในวันถัดไป,Tất cả yêu cầu rút tiền sẽ được xử lý và thanh toán vào ngày hôm sau,"सभी निकासी अनुरोध अगले दिन निपटाए जाएंगे, कृपया प्रतीक्षा करें।",Alle Auszahlungsanträge werden am nächsten Tag abgerechnet. Bitte haben Sie Geduld.,Toutes les demandes de retrait seront traitées et créditées le lendemain.,Todos os pedidos de saque serão liquidados no dia seguinte.,Todas las solicitudes de retiro se procesarán y acreditarán al día siguiente.,All withdrawal requests will be settled and credited on the following day. Please be patient.,Alle opnameaanvragen worden de volgende dag verwerkt en bijgeschreven – gelieve even geduld.,"Alle uttak behandles neste dag, vær tålmodig.",Alla uttag behandlas nästa dag – tack för ditt tålamod.,Toate cererile de retragere se procesează în ziua următoare – vă rugăm să aveți răbdare.,Všechny žádosti o výběr budou zpracovány následující den – prosíme o trpělivost.
SmartYieldWallet收益,Smart Yield Wallet Earnings,Smart Yield Wallet 收益,Smart Yield Wallet 收益,Smart Yield Wallet の収益,Smart Yield Wallet 수익,Pulangan Smart Yield Wallet,ผลตอบแทนจาก Smart Yield Wallet,Lợi nhuận Smart Yield Wallet,Smart Yield Wallet आय,Smart Yield Wallet Erträge,Gains du Smart Yield Wallet,Ganhos do Smart Yield Wallet,Ganancias de Smart Yield Wallet,Smart Yield Wallet Earnings,Opbrengsten van Smart Yield Wallet,Inntekter fra Smart Yield Wallet,Avkastning från Smart Yield Wallet,Câștiguri Smart Yield Wallet,Výnosy Smart Yield Wallet
提取SmartYieldWallet余额,Withdraw Smart Yield Wallet Balance,提取Smart Yield Wallet余额,提取 Smart Yield Wallet 餘額,Smart Yield Wallet の残高を引き出す,Smart Yield Wallet 잔액 인출,Keluarkan baki Smart Yield Wallet,ถอนยอดคงเหลือใน Smart Yield Wallet,Rút số dư Smart Yield Wallet,Smart Yield Wallet शेष राशि निकालें,Smart Yield Wallet Guthaben abheben,Retirer le solde du Smart Yield Wallet,Retirar saldo do Smart Yield Wallet,Retirar saldo de Smart Yield Wallet,Withdraw Smart Yield Wallet Balance,Opnemen van saldo Smart Yield Wallet,Ta ut saldo fra Smart Yield Wallet,Ta ut saldo från Smart Yield Wallet,Retrage soldul din Smart Yield Wallet,Vybrat zůstatek Smart Yield Wallet
投资收益转入,Transfer Investment Earnings In,投资收益转入,投資收益轉入,投資収益の入金,투자 수익 입금,Pulangan pelaburan dikreditkan,นำรายได้จากการลงทุนเข้าระบบ,Chuyển lợi nhuận đầu tư vào,निवेश लाभ जमा करें,Überweisung der Anlageerträge,Transfert des gains d’investissement,Transferência dos rendimentos de investimento,Transferencia de ganancias de inversión,Transfer Investment Earnings In,Overdracht van investeringsopbrengst,Overføring av investeringsinntekter,Överför investeringens avkastning,Transferă câștigurile din investiții,Převést výnos z investice
币权收益转入,Transfer Coin Rights Earnings In,币权收益转入,幣權收益轉入,トークン権益収益の入金,토큰 권한 수익 입금,Pulangan hak milik token dikreditkan,รายได้จากสิทธิ์ในเหรียญเข้าระบบ,Chuyển lợi nhuận quyền token vào,टोकन अधिकार लाभ जमा करें,Überweisung der Token-Erträge,Transfert des gains liés aux tokens,Transferência dos lucros de token,Transferencia de beneficios por tokens,Transfer Coin Rights Earnings In,Overdracht van tokenrechten-opbrengst,Overføring av tokengevinst,Överför tokenvinster,Transferă câștigurile din drepturi de token,Převod výnosu z tokenových práv
SmartYieldWallet,Smart Yield Wallet,Smart Yield Wallet,Smart Yield Wallet,Smart Yield Wallet,Smart Yield Wallet,Smart Yield Wallet,Smart Yield Wallet,Smart Yield Wallet,Smart Yield Wallet,Smart Yield Wallet,Smart Yield Wallet,Smart Yield Wallet,Smart Yield Wallet,Smart Yield Wallet,Smart Yield Wallet,Smart Yield Wallet,Smart Yield Wallet,Smart Yield Wallet,Smart Yield Wallet
smartyieldwallet可用余额,Smart Yield Wallet Available Balance,smart yield wallet 可用余额,smart yield wallet 可用余额,Smart Yield Wallet の利用可能残高,Smart Yield Wallet 사용 가능 잔액,Baki Boleh Digunakan dalam Smart Yield Wallet,ยอดคงเหลือที่ใช้ได้ใน Smart Yield Wallet,Số dư khả dụng trong Smart Yield Wallet,Smart Yield Wallet में उपलब्ध शेष राशि,Verfügbares Guthaben im Smart Yield Wallet,Solde disponible dans le Smart Yield Wallet,Saldo disponível no Smart Yield Wallet,Saldo disponível no Smart Yield Wallet,Smart Yield Wallet Available Balance,Beschikbaar saldo in Smart Yield Wallet,Tilgjengelig saldo i Smart Yield Wallet,Tillgängligt saldo i Smart Yield Wallet,Sold disponibil în Smart Yield Wallet,Dostupný zůstatek ve Smart Yield Wallet
可提取数量,Withdrawable Amount,可提取数量,可提取數量,引き出し可能数量,출금 가능 수량,Jumlah Boleh Dikeluarkan,จำนวนที่ถอนได้,Số lượng có thể rút,निकासी योग्य मात्रा,Auszahlbarer Betrag,Montant Retirable,Quantidade Retirável,Cantidad Retirable,Withdrawable Amount,Opneembaar bedrag,Uttakbart beløp,Uttagbart belopp,Suma disponibilă pentru retragere,Vybratelná částka
smartyieldwallet累计转出,Smart Yield Wallet Cumulative Withdrawals,smart yield wallet累计转出,smart yield wallet累计转出,Smart Yield Wallet 累計轉出,Smart Yield Wallet の累計出金,Smart Yield Wallet 누적 출금,Jumlah Keseluruhan Pengeluaran Smart Yield Wallet,ยอดถอนสะสม Smart Yield Wallet,Tổng số đã rút từ Smart Yield Wallet,Smart Yield Wallet कुल निकासी,Gesamtbetrag der Auszahlungen von Smart Yield Wallet,Montant total retiré du Smart Yield Wallet,Total de retiradas do Smart Yield Wallet,Smart Yield Wallet Cumulative Withdrawals,Totale overboeking Smart Yield Wallet,Akkumulert uttak fra Smart Yield Wallet,Ackumulerad överföring från Smart Yield Wallet,Total transfer efectuat din Smart Yield Wallet,Celkový převod z Smart Yield Wallet
withdrawNoticeSmartWallet,The profits you withdraw will be deposited into Smart Yield Wallet.,您提取的收益将存入Smart Yield Wallet。,您提取的收益將存入Smart Yield Wallet。,引き出した利益はSmart Yield Walletに入金されます。,인출한 수익은 Smart Yield Wallet에 입금됩니다.,Keuntungan yang anda keluarkan akan dimasukkan ke dalam Smart Yield Wallet.,กำไรที่คุณถอนจะถูกโอนเข้าบัญชี Smart Yield Wallet,Lợi nhuận bạn rút sẽ được gửi vào Smart Yield Wallet.,आपकी निकाली गई कमाई Smart Yield Wallet में जमा कर दी जाएगी।,Die von Ihnen abgehobenen Gewinne werden in die Smart Yield Wallet eingezahlt.,Les bénéfices que vous retirez seront déposés dans le Smart Yield Wallet.,Os lucros que você retirar serão depositados na Smart Yield Wallet.,Las ganancias que retire se depositarán en el Smart Yield Wallet.,,Je opgenomen opbrengst wordt gestort in Smart Yield Wallet.,Uttatte midler blir satt inn i Smart Yield Wallet.,Dina uttagna vinster sätts in i Smart Yield Wallet.,Câștigurile retrase vor fi depuse în Smart Yield Wallet.,Vaše vybrané výnosy budou vloženy do Smart Yield Wallet.
january,January,一月,一月,1月,1월,Januari,มกราคม,Tháng 1,जनवरी,Januar,Janvier,Janeiro,Enero,Gennaio,januari,januar,januari,ianuarie,leden
february,February,二月,二月,2月,2월,Februari,กุมภาพันธ์,Tháng 2,फरवरी,Februar,Février,Fevereiro,Febrero,Febbraio,februari,februar,februari,februarie,únor
march,March,三月,三月,3月,3월,Mac,มีนาคม,Tháng 3,मार्च,März,Mars,Março,Marzo,Marzo,maart,mars,mars,martie,březen
april,April,四月,四月,4月,4월,April,เมษายน,Tháng 4,अप्रैल,April,Avril,Abril,Abril,Aprile,april,april,april,aprilie,duben
may,May,五月,五月,5月,5월,Mei,พฤษภาคม,Tháng 5,मई,Mai,Mai,Maio,Mayo,Maggio,mei,mai,maj,mai,květen
june,June,六月,六月,6月,6월,Jun,มิถุนายน,Tháng 6,जून,Juni,Juin,Junho,Junio,Giugno,juni,juni,juni,iunie,červen
july,July,七月,七月,7月,7월,Julai,กรกฎาคม,Tháng 7,जुलाई,Juli,Juillet,Julho,Julio,Luglio,juli,juli,juli,iulie,červenec
august,August,八月,八月,8月,8월,Ogos,สิงหาคม,Tháng 8,अगस्त,August,Août,Agosto,Agosto,Agosto,augustus,august,augusti,august,srpen
september,September,九月,九月,9月,9월,September,กันยายน,Tháng 9,सितंबर,September,Septembre,Setembro,Septiembre,Settembre,september,september,september,septembrie,září
october,October,十月,十月,10月,10월,Oktober,ตุลาคม,Tháng 10,अक्टूबर,Oktober,Octobre,Outubro,Octubre,Ottobre,oktober,oktober,oktober,octombrie,říjen
november,November,十一月,十一月,11月,11월,November,พฤศจิกายน,Tháng 11,नवंबर,November,Novembre,Novembro,Noviembre,Novembre,november,november,november,noiembrie,listopad
december,December,十二月,十二月,12月,12월,Disember,ธันวาคม,Tháng 12,दिसंबर,Dezember,Décembre,Dezembro,Diciembre,Dicembre,december,desember,december,decembrie,prosinec
uCardIntro1,"The U Card is a convenient and secure payment tool available in both virtual and physical formats. Users can link it to their digital wallet or bank account, making payments online on global e-commerce platforms and app stores, as well as using the physical card for POS purchases and ATM withdrawals.",U卡是一种便捷安全的支付工具，提供虚拟和实体两种形式。用户可将其关联数字钱包或银行账户，在线支付全球电商平台和应用商店，也可使用实体卡进行POS消费和ATM取款。,U卡是一種便捷安全的支付工具，提供虛擬和實體兩種形式。用戶可將其關聯數字錢包或銀行賬戶，在線支付全球電商平台和應用商店，也可使用實體卡進行POS消費和ATM取款。,Uカードは、仮想と物理の両方の形式で利用可能な便利で安全な決済ツールです。ユーザーはデジタルウォレットや銀行口座にリンクでき、世界のeコマースプラットフォームやアプリストアでオンライン決済できるほか、物理カードでPOS購入やATM引き出しにも使用できます。,"U 카드는 가상 및 물리적 형식으로 이용 가능한 편리하고 안전한 결제 도구입니다. 사용자는 디지털 지갑 또는 은행 계좌에 연결하여 글로벌 전자상거래 플랫폼 및 앱 스토어에서 온라인 결제할 수 있으며, 물리적 카드로 POS 구매 및 ATM 인출도 사용할 수 있습니다.","Kad U adalah alat pembayaran yang mudah dan selamat, tersedia dalam format maya dan fizikal. Pengguna boleh menghubungkannya dengan dompet digital atau akaun bank, membuat pembayaran dalam talian di platform e-dagang global dan kedai aplikasi, serta menggunakan kad fizikal untuk pembelian POS dan pengeluaran ATM.",U Card คือเครื่องมือชำระเงินที่สะดวกและปลอดภัย มีทั้งรูปแบบเสมือนและทางกายภาพ ผู้ใช้สามารถเชื่อมโยงกับกระเป๋าเงินดิจิทัลหรือบัญชีธนาคาร เพื่อชำระเงินออนไลน์บนแพลตฟอร์มอีคอมเมิร์ชและร้านค้าแอปทั่วโลก รวมถึงใช้บัตรกายภาพสำหรับการซื้อขายผ่าน POS และถอนเงินจาก ATM,"Thẻ U là công cụ thanh toán tiện lợi và an toàn, có sẵn ở cả định dạng ảo và vật lý. Người dùng có thể liên kết nó với ví kỹ thuật số hoặc tài khoản ngân hàng, thực hiện thanh toán trực tuyến trên các nền tảng thương mại điện tử toàn cầu và cửa hàng ứng dụng, cũng như sử dụng thẻ vật lý để mua hàng tại POS và rút tiền tại ATM.","यू कार्ड एक सुविधाजनक और सुरक्षित भुगतान उपकरण है जो वर्चुअल और भौतिक दोनों प्रारूपों में उपलब्ध है। उपयोगकर्ता इसे अपने डिजिटल वॉलेट या बैंक खाते से लिंक कर सकते हैं, वैश्विक ई-कॉमर्स प्लेटफॉर्म और ऐप स्टोर पर ऑनलाइन भुगतान कर सकते हैं, साथ ही पीओएस खरीदारी और एटीएम निकासी के लिए भौतिक कार्ड का उपयोग कर सकते हैं।","Die U-Karte ist ein bequemes und sicheres Zahlungswerkzeug, das in virtuellen und physischen Formaten verfügbar ist. Benutzer können sie mit ihrer digitalen Brieftasche oder Bankverbindung verknüpfen, Online-Zahlungen auf globalen E-Commerce-Plattformen und App-Stores tätigen sowie die physische Karte für POS-Käufe und ATM-Abhebungen nutzen.","La Carte U est un outil de paiement pratique et sécurisé, disponible en formats virtuel et physique. Les utilisateurs peuvent la lier à leur portefeuille numérique ou compte bancaire, effectuant des paiements en ligne sur les plateformes e-commerce mondiales et les magasins d'applications, ainsi qu'utilisant la carte physique pour les achats POS et les retraits ATM.","O Cartão U é uma ferramenta de pagamento conveniente e segura, disponível em formatos virtual e físico. Os utilizadores podem vinculá-lo à sua carteira digital ou conta bancária, efetuando pagamentos online em plataformas de comércio eletrónico globais e lojas de aplicações, bem como utilizando o cartão físico para compras POS e levantamentos em ATM.","La Tarjeta U es una herramienta de pago conveniente y segura, disponible en formatos virtuales y físicos. Los usuarios pueden vincularla a su cartera digital o cuenta bancaria, realizando pagos en línea en plataformas de comercio electrónico globales y tiendas de aplicaciones, así como utilizando la tarjeta física para compras POS y retiros en ATM.","La Carta U è uno strumento di pagamento comodo e sicuro, disponibile in formati virtuali e fisici. Gli utenti possono collegarla al proprio portafoglio digitale o conto bancario, effettuando pagamenti online su piattaforme di e-commerce globali e negozi di app, oltre a utilizzare la carta fisica per acquisti POS e prelievi ATM.","De U-kaart is een handige en veilige betaalmethode die beschikbaar is in virtuele en fysieke vorm. Gebruikers kunnen deze koppelen aan digitale wallets of bankrekeningen, wereldwijd online winkelen of in fysieke winkels en bij geldautomaten gebruiken.","U-kortet er et praktisk og sikkert betalingsverktøy, tilgjengelig i både virtuell og fysisk form. Brukere kan koble det til digitale lommebøker eller bankkontoer for netthandel eller bruke det fysisk i butikker og minibanker.","U-kortet är ett bekvämt och säkert betalningsverktyg, tillgängligt som både virtuell och fysisk version. Användare kan länka det till digitala plånböcker eller bankkonton och använda det globalt online eller vid fysiska köp och uttag.","Cardul U este un instrument de plată comod și sigur, disponibil în format virtual și fizic. Utilizatorii îl pot asocia cu portofele digitale sau conturi bancare pentru plăți online la comercianți globali sau pentru utilizare fizică în magazine și bancomate.","U karta je pohodlný a bezpečný platební nástroj, dostupný ve virtuální i fyzické podobě. Uživatelé ji mohou propojit s digitální peněženkou nebo bankovním účtem a platit online nebo ji využívat pro POS transakce či výběr z bankomatu."
uCardIntro2,"Virtual cards generate a card number instantly upon application, making them ideal for quick use and subscription payments. Physical cards are delivered like traditional bank cards, offering long-term validity and meeting everyday offline needs. Whether it's cross-border shopping, digital subscriptions, or everyday payments, the U Card provides users with a flexible and secure solution.",虚拟卡申请后即时生成卡号，适合快速使用和订阅支付。实体卡像传统银行卡一样配送，提供长期有效期，满足日常线下需求。无论是跨境购物、数字订阅还是日常支付，U卡都为用户提供灵活安全的解决方案。,虛擬卡申請後即時生成卡號，適合快速使用和訂閱支付。實體卡像傳統銀行卡一樣配送，提供長期有效期，滿足日常線下需求。無論是跨境購物、數字訂閱還是日常支付，U卡都為用戶提供靈活安全的解決方案。,仮想カードは申込後即座にカード番号が生成され、迅速な使用やサブスクリプション決済に最適です。物理カードは従来の銀行カードのように配送され、長期有効性を提供し、日常のオフライン需要を満たします。越境ショッピング、デジタルサブスクリプション、日常決済など、Uカードは柔軟で安全なソリューションをユーザーに提供します。,"가상 카드는 신청 즉시 카드 번호가 생성되어 빠른 사용 및 구독 결제에 이상적입니다. 물리적 카드는 기존 은행 카드처럼 배송되며 장기 유효성을 제공하여 일상 오프라인需求를 충족합니다. 국경 간 쇼핑, 디지털 구독 또는 일상 결제 여부에 관계없이 U 카드는 사용자에게 유연하고 안전한 솔루션을 제공합니다.","Kad maya menjana nombor kad serta-merta upon application, menjadikannya ideal untuk penggunaan pantas dan pembayaran langganan. Kad fizikal dihantar seperti kad bank tradisional, menawarkan kesahihan jangka panjang dan memenuhi keperluan luar talian harian. Sama ada membeli-belah merentas sempadan, langganan digital, atau pembayaran harian, Kad U menyediakan penyelesaian yang fleksibel dan selamat untuk pengguna.",บัตรเสมือนจะสร้างหมายเลขบัตรทันทีเมื่อสมัคร เหมาะสำหรับการใช้งานรวดเร็วและการชำระเงินแบบสมัครสมาชิก บัตรกายภาพจะจัดส่งเหมือนบัตรธนาคารทั่วไป มีอายุการใช้งานยาวนานและตอบสนองความต้องการออฟไลน์ในชีวิตประจำวัน ไม่ว่าจะเป็นการช้อปปิ้งข้ามพรมแดน การสมัครสมาชิกดิจิทัล หรือการชำระเงินประจำวัน U Card มอบโซลูชันที่ยืดหยุ่นและปลอดภัยให้กับผู้ใช้,"Thẻ ảo tạo số thẻ ngay lập tức khi đăng ký, lý tưởng cho sử dụng nhanh và thanh toán đăng ký. Thẻ vật lý được giao giống như thẻ ngân hàng truyền thống, cung cấp hiệu lực dài hạn và đáp ứng nhu cầu ngoại tuyến hàng ngày. Cho dù là mua sắm xuyên biên giới, đăng ký kỹ thuật số hay thanh toán hàng ngày, Thẻ U cung cấp cho người dùng một giải pháp linh hoạt và an toàn.","वर्चुअल कार्ड आवेदन पर तुरंत कार्ड नंबर उत्पन्न करते हैं, जिससे वे त्वरित उपयोग और सदस्यता भुगतान के लिए आदर्श हैं। भौतिक कार्ड पारंपरिक बैंक कार्ड की तरह वितरित किए जाते हैं, जो दीर्घकालिक वैधता प्रदान करते हैं और रोजमर्रा की ऑफलाइन आवश्यकताओं को पूरा करते हैं। चाहे वह क्रॉस-बॉर्डर शॉपिंग हो, डिजिटल सब्सक्रिप्शन हो या रोजमर्रा के भुगतान, यू कार्ड उपयोगकर्ताओं को एक लचीला और सुरक्षित समाधान प्रदान करता है।","Virtuelle Karten generieren sofort upon application eine Kartennummer, was sie ideal für schnelle Nutzung und Abonnementzahlungen macht. Physische Karten werden wie traditionelle Bankkarten geliefert, bieten langfristige Gültigkeit und erfüllen tägliche Offline-Bedürfnisse. Ob grenzüberschreitendes Einkaufen, digitale Abonnements oder tägliche Zahlungen, die U-Karte bietet Benutzern eine flexible und sichere Lösung.","Les cartes virtuelles génèrent un numéro de carte instantanément upon application, les rendant idéales pour une utilisation rapide et les paiements d'abonnement. Les cartes physiques sont livrées comme les cartes bancaires traditionnelles, offrant une validité à long terme et répondant aux besoins quotidiens hors ligne. Qu'il s'agisse de shopping transfrontalier, d'abonnements numériques ou de paiements quotidiens, la Carte U fournit aux utilisateurs une solution flexible et sécurisée.","Os cartões virtuais geram um número de cartão instantaneamente upon application, tornando-os ideais para uso rápido e pagamentos de subscrição. Os cartões físicos são entregues como cartões bancários tradicionais, oferecendo validade a longo prazo e atendendo às necessidades offline diárias. Seja em compras transfronteiriças, subscrições digitais ou pagamentos quotidianos, o Cartão U fornece uma solução flexível e segura aos utilizadores.","Las tarjetas virtuales generan un número de tarjeta al instante upon application, haciéndolas ideales para uso rápido y pagos de suscripción. Las tarjetas físicas se entregan como tarjetas bancarias tradicionales, ofreciendo validez a largo plazo y satisfaciendo necesidades diarias fuera de línea. Ya sea compras transfronterizas, suscripciones digitales o pagos diarios, la Tarjeta U proporciona a los usuarios una solución flexible y segura.","Le carte virtuali generano un numero di carta istantaneamente upon application, rendendole ideali per uso rapido e pagamenti di abbonamento. Le carte fisiche sono consegnate come le tradizionali carte bancarie, offrendo validità a lungo termine e soddisfacendo le esigenze offline quotidiane. Che si tratti di shopping transfrontaliero, abbonamenti digitali o pagamenti quotidiani, la Carta U fornisce agli utenti una soluzione flessibile e sicura.","Virtuele kaarten worden onmiddellijk na aanvraag gegenereerd en zijn ideaal voor snelle betalingen of abonnementen. Fysieke kaarten worden geleverd als normale bankkaarten met een langere geldigheidsduur. Of het nu gaat om internationale aankopen, digitale diensten of dagelijkse uitgaven, de U-kaart biedt flexibiliteit en veiligheid.",Virtuelle kort genereres umiddelbart etter søknad og passer godt for raske betalinger og abonnementer. Fysiske kort leveres som vanlige bankkort med lang gyldighet. U-kortet gir fleksible og sikre betalingsløsninger for alt fra netthandel til daglig bruk.,"Virtuella kort skapas omedelbart efter ansökan och passar för snabba köp och prenumerationer. Fysiska kort fungerar som traditionella bankkort och har lång giltighet. Oavsett om det gäller e-handel, digitala prenumerationer eller vardagliga betalningar, är U-kortet ett flexibelt och säkert alternativ.","Cardurile virtuale sunt generate instant după solicitare și sunt ideale pentru utilizare rapidă sau abonamente. Cardurile fizice sunt livrate ca și cardurile bancare tradiționale, cu valabilitate extinsă. Indiferent dacă faci cumpărături internaționale, plăți digitale sau achitări zilnice, cardul U oferă o soluție flexibilă și sigură.","Virtuální karta je vytvořena ihned po podání žádosti a je vhodná pro rychlé použití a předplatné. Fyzická karta je doručena podobně jako běžná bankovní karta a má dlouhou platnost. Ať už nakupujete v zahraničí, platíte digitální služby nebo běžné nákupy, U karta je flexibilním a bezpečným řešením."
applyButton,Apply for a U card,申请U卡,申請U卡,Uカードを申し込む,U 카드 신청,Mohon Kad U,สมัครบัตร U,Đăng ký Thẻ U,यू कार्ड के लिए आवेदन करें,U-Karte beantragen,Demander une Carte U,Candidatar-se a Cartão U,Solicitar Tarjeta U,Candidati per una Carta U,Aanvraag U-kaart,Søk om U-kort,Ansök om U-kort,Solicită un card U,Požádat o U kartu
applicationInfoTitle,Please fill in the application information:,请填写申请信息：,請填寫申請信息：,申込情報を入力してください：,신청 정보를 입력해 주세요:,Sila isi maklumat permohonan:,กรุณากรอกข้อมูลการสมัคร:,Vui lòng điền thông tin đăng ký:,कृपया आवेदन जानकारी भरें:,Bitte füllen Sie die Antragsinformationen aus:,Veuillez remplir les informations de demande :,Por favor preencha a informação de candidatura:,Por favor complete la información de solicitud:,Si prega di compilare le informazioni di candidatura:,Vul uw aanvraaggegevens in:,Vennligst fyll inn søknadsinformasjon:,Fyll i ansökningsuppgifter:,Vă rugăm să completați informațiile de aplicare:,Vyplňte prosím informace pro žádost:
firstNameLabel,First Name,名字,名字,名,이름,Nama Pertama,ชื่อ,Tên,पहला नाम,Vorname,Prénom,Primeiro Nome,Nombre,Nome,Voornaam,Fornavn,Förnamn,Prenume,Jméno
firstNamePlaceholder,Please enter your first Name,请输入您的名字,請輸入您的名字,名を入力してください,이름을 입력해 주세요,Sila masukkan nama pertama anda,กรุณากรอกชื่อของคุณ,Vui lòng nhập tên của bạn,कृपया अपना पहला नाम दर्ज करें,Bitte geben Sie Ihren Vornamen ein,Veuillez saisir votre prénom,Por favor insira o seu primeiro nome,Por favor ingrese su nombre,Inserisci il tuo nome,Voer uw voornaam in,Vennligst skriv inn fornavn,Ange ditt förnamn,Introduceți prenumele,Zadejte své jméno
lastNameLabel,Last Name,姓氏,姓氏,姓,성,Nama Akhir,นามสกุล,Họ,अंतिम नाम,Nachname,Nom de famille,Último Nome,Apellido,Cognome,Achternaam,Etternavn,Efternamn,Nume de familie,Příjmení
lastNamePlaceholder,Please enter your last Name,请输入您的姓氏,請輸入您的姓氏,姓を入力してください,성을 입력해 주세요,Sila masukkan nama akhir anda,กรุณากรอกนามสกุลของคุณ,Vui lòng nhập họ của bạn,कृपया अपना अंतिम नाम दर्ज करें,Bitte geben Sie Ihren Nachnamen ein,Veuillez saisir votre nom de famille,Por favor insira o seu último nome,Por favor ingrese su apellido,Inserisci il tuo cognome,Voer uw achternaam in,Vennligst skriv inn etternavn,Ange ditt efternamn,Introduceți numele de familie,Zadejte své příjmení
countryLabel,Country,国家,國家,国,국가,Negara,ประเทศ,Quốc gia,देश,Land,Pays,País,País,Paese,Land,Land,Land,Țară,Země
countryPlaceholder,Please select your country,请选择您的国家,請選擇您的國家,国を選択してください,국가를 선택해 주세요,Sila pilih negara anda,กรุณาเลือกประเทศของคุณ,Vui lòng chọn quốc gia của bạn,कृपया अपना देश चुनें,Bitte wählen Sie Ihr Land,Veuillez sélectionner votre pays,Por favor selecione o seu país,Por favor seleccione su país,Seleziona il tuo paese,Kies uw land,Velg ditt land,Välj ditt land,Alegeți țara,Vyberte svou zemi
dateOfBirthLabel,Date of birth,出生日期,出生日期,生年月日,생년월일,Tarikh lahir,วันเดือนปีเกิด,Ngày sinh,जन्म तिथि,Geburtsdatum,Date de naissance,Data de nascimento,Fecha de nacimiento,Data di nascita,Geboortedatum,Fødselsdato,Födelsedatum,Data nașterii,Datum narození
dateSelector,Select Date,选择日期,選擇日期,日付を選択,날짜 선택,Pilih Tarikh,เลือกวันที่,Chọn ngày,तिथि चुनें,Datum auswählen,Sélectionner la date,Selecionar Data,Seleccionar fecha,Seleziona Data,Kies datum,Velg dato,Välj datum,Alege dată,Vyberte datum
dateOfBirthPlaceholder,Please select your Date of birth,请选择您的出生日期,請選擇您的出生日期,生年月日を選択してください,생년월일을 선택해 주세요,Sila pilih tarikh lahir anda,กรุณาเลือกวันเดือนปีเกิดของคุณ,Vui lòng chọn ngày sinh của bạn,कृपया अपनी जन्म तिथि चुनें,Bitte wählen Sie Ihr Geburtsdatum,Veuillez sélectionner votre date de naissance,Por favor selecione a sua data de nascimento,Por favor seleccione su fecha de nacimiento,Seleziona la tua data di nascita,Kies uw geboortedatum,Velg fødselsdato,Välj födelsedatum,Alegeți data nașterii,Vyberte své datum narození
dateFormatHint,DD // MM // YYYY,日 // 月 // 年,日 // 月 // 年,日 // 月 // 年,일 // 월 // 년,HH // BB // TTTT,ว // ด // ป,NG // TH // NA,दिन // महीना // साल,TT // MM // JJJJ,JJ // MM // AAAA,DD // MM // AAAA,DD // MM // AAAA,GG // MM // AAAA,Dag // Maand // Jaar,Dag // Måned // År,Dag // Månad // År,Zi // Lună // An,Den // Měsíc // Rok
postCodeLabel,Post code,邮政编码,郵政編碼,郵便番号,우편번호,Poskod,รหัสไปรษณีย์,Mã bưu điện,पिन कोड,Postleitzahl,Code postal,Código postal,Código postal,Codice postale,Postcode,Postnummer,Postnummer,Cod poștal,PSČ
postCodePlaceholder,Please enter the post code,请输入邮政编码,請輸入郵政編碼,郵便番号を入力してください,우편번호를 입력해 주세요,Sila masukkan poskod,กรุณากรอกรหัสไปรษณีย์,Vui lòng nhập mã bưu điện,कृपया पिन कोड दर्ज करें,Bitte geben Sie die Postleitzahl ein,Veuillez saisir le code postal,Por favor insira o código postal,Por favor ingrese el código postal,Inserisci il codice postale,Voer uw postcode in,Skriv inn postnummer,Ange postnummer,Introduceți codul poștal,Zadejte PSČ
applicationRulesTitle,U Card Application Rules,U卡申请规则,U卡申請規則,Uカード申込規則,U 카드 신청 규칙,Peraturan Permohonan Kad U,กฎการสมัครบัตร U,Quy tắc đăng ký Thẻ U,यू कार्ड आवेदन नियम,U-Karte Antragsregeln,Règles de demande de Carte U,Regras de Candidatura a Cartão U,Reglas de Solicitud de Tarjeta U,Regole di Candidatura Carta U,U-kaart aanvraagregels,Regler for U-kort søknad,Regler för ansökan om U-kort,Reguli de solicitare a cardului U,Pravidla žádosti o U kartu
documentTypeLabel,Document type,证件类型,證件類型,書類タイプ,서류 유형,Jenis dokumen,ประเภทเอกสาร,Loại tài liệu,दस्तावेज़ प्रकार,Dokumenttyp,Type de document,Tipo de documento,Tipo de documento,Tipo di documento,Documenttype,Dokumenttype,Dokumenttyp,Tip document,Typ dokladu
documentTypePlaceholder,Please select the document type,请选择证件类型,請選擇證件類型,書類タイプを選択してください,서류 유형을 선택해 주세요,Sila pilih jenis dokumen,กรุณาเลือกประเภทเอกสาร,Vui lòng chọn loại tài liệu,कृपया दस्तावेज़ प्रकार चुनें,Bitte wählen Sie den Dokumenttyp,Veuillez sélectionner le type de document,Por favor selecione o tipo de documento,Por favor seleccione el tipo de documento,Seleziona il tipo di documento,Kies documenttype,Velg dokumenttype,Välj dokumenttyp,Alegeți tipul de document,Vyberte typ dokladu
idPhotoTypePrompt,Please select the type of ID photo to upload,请选择要上传的身份证照片类型,請選擇要上傳的身份證照片類型,アップロードするID写真のタイプを選択してください,업로드할 ID 사진 유형을 선택해 주세요,Sila pilih jenis foto ID untuk dimuat naik,กรุณาเลือกประเภทรูปภาพบัตรประจำตัวที่จะอัปโหลด,Vui lòng chọn loại ảnh ID để tải lên,कृपया अपलोड करने के लिए आईडी फोटो का प्रकार चुनें,Bitte wählen Sie die Art des hochzuladenden ID-Fotos,Veuillez sélectionner le type de photo d'identité à télécharger,Por favor selecione o tipo de foto de ID para carregar,Por favor seleccione el tipo de foto de ID para cargar,Seleziona il tipo di foto ID da caricare,Kies het type ID-foto om te uploaden,Velg ID-bilde som skal lastes opp,Välj typ av ID-bild att ladda upp,Alegeți tipul de poză cu actul de identitate de încărcat,Vyberte typ fotografie dokladu totožnosti k nahrání
uploadIdPhotosPrompt,Please upload photos of the front and back of your ID,请上传身份证正反面照片,請上傳身份證正反面照片,IDの表と裏の写真をアップロードしてください,ID 앞면과 뒷면 사진을 업로드해 주세요,Sila muat naik foto depan dan belakang ID anda,กรุณาอัปโหลดรูปภาพด้านหน้าและด้านหลังของบัตรประจำตัวของคุณ,Vui lòng tải lên ảnh mặt trước và mặt sau của ID của bạn,कृपया अपने आईडी के आगे और पीछे की तस्वीरें अपलोड करें,Bitte laden Sie Fotos der Vorder- und Rückseite Ihres Ausweises hoch,Veuillez télécharger les photos recto et verso de votre pièce d'identité,Por favor carregue fotos da frente e do verso do seu ID,Por favor cargue fotos del frente y dorso de su ID,Carica le foto fronte e retro del tuo ID,Upload voor- en achterkant van uw ID,Last opp for- og bakside av ID,Ladda upp fram- och baksida av ID,Încărcați fața și verso-ul actului de identitate,Nahrajte přední a zadní stranu průkazu totožnosti
clarityNote,Please ensure clarity as much as possible,请尽量确保清晰度,請盡量確保清晰度,可能な限り鮮明にしてください,가능한 한 선명하게 해 주세요,Sila pastikan kejelasan sebanyak mungkin,กรุณาระมัดระวังให้ภาพมีความชัดเจนที่สุด,Vui lòng đảm bảo độ rõ nét nhất có thể,कृपया यथासंभव स्पष्टता सुनिश्चित करें,Bitte stellen Sie so viel Klarheit wie möglich sicher,Veuillez assurer la clarté autant que possible,Por favor garanta a máxima clareza possível,Por favor asegure la claridad tanto como sea posible,Assicura la massima chiarezza possibile,Zorg voor duidelijkheid,Sørg for tydelighet,Försök att säkerställa tydlighet,Asigurați claritatea,Zajistěte prosím čitelnost
uploadHoldingIdPrompt,Please upload a photo holding your ID,请上传手持身份证照片,請上傳手持身份證照片,IDを持った写真をアップロードしてください,ID를 들고 있는 사진을 업로드해 주세요,Sila muat naik foto memegang ID anda,กรุณาอัปโหลดรูปภาพที่ถือบัตรประจำตัว,Vui lòng tải lên ảnh cầm ID của bạn,कृपया अपने आईडी को पकड़े हुए एक फोटो अपलोड करें,"Bitte laden Sie ein Foto hoch, auf dem Sie Ihren Ausweis halten",Veuillez télécharger une photo de vous tenant votre pièce d'identité,Por favor carregue uma foto a segurar o seu ID,Por favor cargue una foto sosteniendo su ID,Carica una foto in cui tieni il tuo ID,Upload een foto met ID in de hand,Last opp bilde av deg som holder ID,Ladda upp en bild där du håller ditt ID,Încărcați o poză ținând actul de identitate în mână,Nahrajte fotografii s občankou v ruce
nextButtonText,Next,下一步,下一步,次へ,다음,Seterusnya,ต่อไป,Tiếp theo,अगला,Weiter,Suivant,Seguinte,Siguiente,Avanti,Volgende stap,Neste steg,Nästa steg,Pasul următor,Další krok
previousButtonText,Previous,上一步,上一步,前へ,이전,Sebelumnya,ย้อนกลับ,Trước đó,पिछला,Zurück,Précédent,Anterior,Anterior,Precedente,Vorige stap,Forrige steg,Föregående steg,Pasul anterior,Předchozí krok
billingAddressLabel,Billing Address,账单地址,賬單地址,請求先住所,청구 주소,Alamat bil,ที่อยู่ใบแจ้งหนี้,Địa chỉ thanh toán,बिलिंग पता,Rechnungsadresse,Adresse de facturation,Morada de faturação,Dirección de facturación,Indirizzo di fatturazione,Factuuradres,Fakturaadresse,Faktureringsadress,Adresă de facturare,Fakturační adresa
billingAddressPlaceholder,Please enter your billing address,请输入您的账单地址,請輸入您的賬單地址,請求先住所を入力してください,청구 주소를 입력해 주세요,Sila masukkan alamat bil anda,กรุณากรอกที่อยู่ใบแจ้งหนี้ของคุณ,Vui lòng nhập địa chỉ thanh toán của bạn,कृपया अपना बिलिंग पता दर्ज करें,Bitte geben Sie Ihre Rechnungsadresse ein,Veuillez saisir votre adresse de facturation,Por favor insira a sua morada de faturação,Por favor ingrese su dirección de facturación,Inserisci il tuo indirizzo di fatturazione,Voer uw factuuradres in,Skriv inn fakturaadressen,Ange din faktureringsadress,Introduceți adresa de facturare,Zadejte svou fakturační adresu
cardTypeLabel,Card Type,卡片类型,卡片類型,カードタイプ,카드 유형,Jenis Kad,ประเภทบัตร,Loại thẻ,कार्ड प्रकार,Kartentyp,Type de carte,Tipo de Cartão,Tipo de tarjeta,Tipo di Carta,Kaarttype,Korttype,Korttyp,Tipul cardului,Typ karty
currencyPlaceholder,Please select your currency,请选择您的货币,請選擇您的貨幣,通貨を選択してください,통화를 선택해 주세요,Sila pilih mata wang anda,กรุณาเลือกสกุลเงินของคุณ,Vui lòng chọn loại tiền tệ của bạn,कृपया अपनी मुद्रा चुनें,Bitte wählen Sie Ihre Währung,Veuillez sélectionner votre devise,Por favor selecione a sua moeda,Por favor seleccione su moneda,Seleziona la tua valuta,Kies uw valuta,Velg din valuta,Välj din valuta,Alegeți moneda,Vyberte svou měnu
currencyLabel,Currency,货币,貨幣,通貨,통화,Mata wang,สกุลเงิน,Tiền tệ,मुद्रा,Währung,Devise,Moeda,Moneda,Valuta,Valuta,Valuta,Valuta,Monedă,Měna
cardTypePlaceholder,Please select your card type,请选择您的卡片类型,請選擇您的卡片類型,カードタイプを選択してください,카드 유형을 선택해 주세요,Sila pilih jenis kad anda,กรุณาเลือกประเภทบัตรของคุณ,Vui lòng chọn loại thẻ của bạn,कृपया अपना कार्ड प्रकार चुनें,Bitte wählen Sie Ihren Kartentyp,Veuillez sélectionner votre type de carte,Por favor selecione o tipo de cartão,Por favor seleccione su tipo de tarjeta,Seleziona il tipo di carta,Kies uw kaarttype,Velg korttype,Välj korttyp,Alegeți tipul de card,Vyberte typ karty
completionNote,Fill in the relevant information to complete the U Card application. You will be notified of the result via email.,填写相关信息以完成U卡申请。结果将通过电子邮件通知您。,填寫相關信息以完成U卡申請。結果將通過電子郵件通知您。,関連情報を入力してUカード申込を完了させてください。結果はメールで通知されます。,관련 정보를 입력하여 U 카드 신청을 완료하세요. 결과는 이메일로 알려드립니다.,Isi maklumat berkaitan untuk melengkapkan permohonan Kad U. Anda akan dimaklumkan tentang hasil melalui e-mel.,กรอกข้อมูลที่เกี่ยวข้องเพื่อเสร็จการสมัครบัตร U คุณจะได้รับแจ้งผลทางอีเมล,Điền thông tin liên quan để hoàn tất đăng ký Thẻ U. Bạn sẽ được thông báo kết quả qua email.,यू कार्ड आवेदन पूरा करने के लिए relevant जानकारी भरें। आपको परिणाम की सूचना ईमेल के माध्यम से दी जाएगी।,"Füllen Sie die relevanten Informationen aus, um den U-Karte Antrag abzuschließen. Sie werden per E-Mail über das Ergebnis benachrichtigt.",Remplissez les informations pertinentes pour compléter la demande de Carte U. Vous serez notified du résultat par e-mail.,Preencha a informação relevante para completar a candidatura a Cartão U. Será notificado do resultado via email.,Complete la información relevante para finalizar la solicitud de Tarjeta U. Será notified del resultado por correo electrónico.,Compila le informazioni relevanti per completare la candidatura alla Carta U. Sarai notified del risultato via email.,Vul de vereiste gegevens in om de aanvraag van de U-kaart te voltooien. U ontvangt een e-mail met het resultaat.,Fyll inn nødvendige opplysninger for å fullføre søknaden om U-kort. Du vil få svar på e-post.,Fyll i den nödvändiga informationen för att slutföra din U-kortansökan. Du meddelas via e-post.,Completați informațiile necesare pentru a finaliza cererea pentru cardul U. Veți fi notificat prin e-mail.,Vyplňte potřebné údaje k dokončení žádosti o U kartu. Výsledek vám bude zaslán e-mailem.
stepsSummary,Applying for a U Card requires only three steps: fill in the information → upload your ID → submit for review,申请U卡仅需三步：填写信息 → 上传身份证 → 提交审核,申請U卡僅需三步：填寫信息 → 上傳身份證 → 提交審核,Uカードの申込は3ステップのみ：情報入力 → IDアップロード → 審査提出,U 카드 신청은 세 단계만 필요: 정보 입력 → ID 업로드 → 검토 제출,Memohon Kad U hanya memerlukan tiga langkah: isi maklumat → muat naik ID → serah untuk semakan,การสมัครบัตร U ต้องการเพียงสามขั้นตอน: กรอกข้อมูล → อัปโหลดบัตรประจำตัว → ส่งเพื่อตรวจสอบ,Đăng ký Thẻ U chỉ cần ba bước: điền thông tin → tải lên ID → gửi để xem xét,यू कार्ड के लिए आवेदन करने में केवल तीन चरणों की आवश्यकता होती है: जानकारी भरें → अपना आईडी अपलोड करें → समीक्षा के लिए जमा करें,Die Beantragung einer U-Karte erfordert nur drei Schritte: Informationen ausfüllen → ID hochladen → zur Überprüfung einreichen,Demander une Carte U ne nécessite que trois étapes : remplir les informations → télécharger votre ID → soumettre pour examen,Candidatar-se a um Cartão U requer apenas três passos: preencher a informação → carregar o seu ID → submeter para revisão,Solicitar una Tarjeta U requiere solo tres pasos: completar la información → cargar su ID → enviar para revisión,Candidarsi per una Carta U richiede solo tre passi: compila le informazioni → carica il tuo ID → invia per revisione,Slechts drie stappen om een U-kaart aan te vragen: informatie invullen → ID uploaden → indienen voor beoordeling,Kun tre trinn for å søke om U-kort: Fyll inn info → Last opp ID → Send inn,Endast tre steg för att ansöka om U-kort: Fyll i info → Ladda upp ID → Skicka in,Doar trei pași pentru a aplica pentru cardul U: completați informații → încărcați actul de identitate → trimiteți pentru aprobare,Pouhé tři kroky k podání žádosti o U kartu: vyplňte informace → nahrajte doklad totožnosti → odešlete ke kontrole
累计转出,Cumulative Withdrawals,累计转出,累计转出,累計轉出,누적 출금,Pengeluaran Terkumpul,ยอดถอนสะสม,Tổng số đã rút,कुल निकासी,Gesamtauszahlungen,Retraits cumulés,Saques acumulados,Retiros acumulados,,Totaal overgemaakt,Totalt overført,Totalt överfört,Suma totală transferată,Celkem převedeno
transaction_TRANSFER,Transfer,转账,轉帳,送金,이체,Pindahan,โอน,Chuyển,ट्रांसफर,Überweisung,Virement,Transferir,Transferencia,Trasferimento,Transfer,Transfer,Transfer,Transfer,Transfer
uploadIdPhoto,Please upload ID photo,请上传证件照,請上傳證件照,証明写真をアップロードしてください,신분증 사진을 업로드해 주세요,Sila muat naik foto kad pengenalan,กรุณาอัปโหลดรูปถ่ายบัตรประจำตัว,Vui lòng tải lên ảnh chứng minh thư,कृपया पहचान पत्र की फोटो अपलोड करें,Bitte laden Sie ein Ausweisfoto hoch,Veuillez télécharger une photo de pièce d'identité,Por favor carregue foto do documento,Por favor suba una foto de identificación,Si prega di caricare la foto del documento,Upload identiteitsfoto,Last opp ID-bilde,Ladda upp ID-foto,Încărcați o fotografie de identificare,Nahrajte průkazovou fotografii
uploadSelfieWithId,Please upload a selfie holding your ID,请上传手持证件自拍,請上傳手持證件自拍,身分証を持った自撮り写真をアップロードしてください,신분증을 들고 있는 셀카를 업로드해 주세요,Sila muat naik selfie memegang kad pengenalan,กรุณาอัปโหลดรูปเซลฟี่พร้อมบัตรประจำตัว,Vui lòng tải lên ảnh selfie cầm chứng minh thư,कृपया अपना पहचान पत्र पकड़े हुए सेल्फी अपलोड करें,Bitte laden Sie ein Selfie mit Ihrem Ausweis hoch,Veuillez télécharger un selfie avec votre pièce d'identité,Por favor carregue uma selfie a segurar o seu documento,Por favor suba un selfie sosteniendo su identificación,Si prega di caricare un selfie con il documento in mano,Upload selfie met ID in hand,Last opp selfie med ID i hånden,Ladda upp en selfie där du håller ID,Încărcați un selfie ținând actul de identitate,Nahrajte selfie s občankou v ruce
transfer_amount,Amount,数量,數量,数量,수량,Kuantiti,จำนวน,Số lượng,मात्रा,Menge,Quantité,Quantia,Cantidad,Quantità,Amount,Amount,Amount,Amount,Amount
DepositintoSmartYieldWallet,Deposit into Smart Yield Wallet,Smart yield wallet 转入,Smart yield wallet 轉入,Smart Yield Wallet に入金する,Smart Yield Wallet로 입금,Deposit ke Smart Yield Wallet,ฝากเข้า Smart Yield Wallet,Nạp vào Smart Yield Wallet,Smart Yield Wallet में जमा करें,Einzahlung in Smart Yield Wallet,Dépôt dans le Smart Yield Wallet,Depositar no Smart Yield Wallet,Depositar en Smart Yield Wallet,,Invoer naar Smart Yield Wallet,Overføring til Smart Yield Wallet,Insättning till Smart Yield Wallet,Transfer către Smart Yield Wallet,Vklad do Smart Yield Wallet
withdrawFromSmartWallet,Withdraw from Smart Yield Wallet,Smart yield wallet 转出,Smart yield wallet 轉出,Smart Yield Wallet から出金する,Smart Yield Wallet에서 출금,Keluarkan dari Smart Yield Wallet,ถอนออกจาก Smart Yield Wallet,Rút từ Smart Yield Wallet,Smart Yield Wallet से निकासी करें,Auszahlung aus Smart Yield Wallet,Retrait du Smart Yield Wallet Le retrait du Smart Yield Wallet,Retirar do Smart Yield Wallet,Retirar de Smart Yield Wallet,,Uitvoer van Smart Yield Wallet,Uttak fra Smart Yield Wallet,Uttag från Smart Yield Wallet,Retragere din Smart Yield Wallet,Výběr ze Smart Yield Wallet
globalActivityCenter,9M AI Global Activity Center,9M AI 全球活动中心,9M AI 全球活動中心,9M AI グローバル活動センター,9M AI 글로벌 활동 센터,Pusat Aktiviti Global 9M AI,ศูนย์กิจกรรมทั่วโลก 9M AI,Trung tâm Hoạt động Toàn cầu 9M AI,9M AI वैश्विक गतिविधि केंद्र,9M AI Globales Aktivitätszentrum,Centre d'Activité Mondial 9M AI,Centro de Atividade Global 9M AI,Centro de Actividad Global 9M AI,Centro Attività Globale 9M AI,9M AI Wereldwijde Activiteitscentrum,9M AI Globale Aktivitetsenter,9M AI Globala Aktivitetscenter,9M AI Centru Global de Activități,9M AI Globální centrum aktivit
offlineCentersIntro,"To better serve our global users, 9M AI is establishing offline activity centers in multiple cities around the world.",为更好地服务全球用户，9M AI 正在全球多个城市建立线下活动中心。,為更好地服務全球用戶，9M AI 正在全球多個城市建立線下活動中心。,世界中のユーザーにより良くサービスを提供するため、9M AIは世界中の複数の都市にオフライン活動センターを設立しています。,"전 세계 사용자에게 더 나은 서비스를 제공하기 위해, 9M AI는 전 세계 여러 도시에 오프라인 활동 센터를 설립하고 있습니다.","Untuk berkhidmat lebih baik kepada pengguna global, 9M AI menubuhkan pusat aktiviti luar talian di pelbagai bandar di seluruh dunia.",เพื่อบริการผู้ใช้ทั่วโลกได้ดีขึ้น 9M AI กำลังจัดตั้งศูนย์กิจกรรมนอกสายในหลายเมืองทั่วโลก,"Để phục vụ người dùng toàn cầu tốt hơn, 9M AI đang thành lập các trung tâm hoạt động ngoại tuyến tại nhiều thành phố trên thế giới.","वैश्विक उपयोगकर्ताओं को बेहतर सेवा प्रदान करने के लिए, 9M AI दुनिया के कई शहरों में ऑफलाइन गतिविधि केंद्र स्थापित कर रहा है।","Um unseren globalen Nutzern besser zu dienen, richtet 9M AI Offline-Aktivitätszentren in mehreren Städten weltweit ein.","Pour mieux servir nos utilisateurs mondiaux, 9M AI établit des centres d'activité hors ligne dans plusieurs villes à travers le monde.","Para melhor servir os nossos utilizadores globais, a 9M AI está a estabelecer centros de atividade offline em múltiplas cidades à volta do mundo.","Para servir mejor a nuestros usuarios globales, 9M AI está estableciendo centros de actividad offline en múltiples ciudades alrededor del mundo.","Per servire meglio i nostri utenti globali, 9M AI sta istituendo centri di attività offline in più città in tutto il mondo.","Om wereldwijd betere service te bieden, bouwt 9M AI fysieke activiteitscentra in meerdere steden.","For å betjene brukere bedre globalt, etablerer 9M AI fysiske aktivitetssteder i flere byer.",För att bättre betjäna globala användare bygger 9M AI fysiska aktivitetscenter i flera städer.,"Pentru a deservi mai bine utilizatorii globali, 9M AI înființează centre de activități în mai multe orașe.","Aby lépe sloužila globálním uživatelům, buduje 9M AI fyzická centra aktivit v různých městech."
centersPurpose,"These centers are not only our frontier for reaching users and connecting with local communities, but also serve as crucial platforms for education, training, communication, and collaboration.",这些中心不仅是我们触达用户、连接本地社区的前沿，更是开展教育、培训、交流与合作的重要平台。,這些中心不僅是我們觸達用戶、連接本地社區的前沿，更是開展教育、培訓、交流與合作的重要平台。,これらのセンターは、ユーザーにリーチし地域コミュニティと繋がるための最前線であるだけでなく、教育、トレーニング、交流、協力のための重要なプラットフォームとして機能します。,"이 센터들은 사용자에 도달하고 현지 커뮤니티와 연결하기 위한 최전선일 뿐만 아니라, 교육, 훈련, 커뮤니케이션 및 협력을 위한 중요한 플랫폼 역할을 합니다.","Pusat ini bukan sahaja frontier kami untuk mencapai pengguna dan berhubung dengan komuniti tempatan, tetapi juga berfungsi sebagai platform penting untuk pendidikan, latihan, komunikasi, dan kerjasama.",ศูนย์เหล่านี้ไม่เพียงเป็นแนวหน้าสำหรับการเข้าถึงผู้ใช้และการเชื่อมต่อกับชุมชนท้องถิ่น แต่ยังทำหน้าที่เป็นแพลตฟอร์มสำคัญสำหรับการศึกษา การฝึกอบรม การสื่อสาร และการทำงานร่วมกัน,"Các trung tâm này không chỉ là tiền tuyến để chúng tôi tiếp cận người dùng và kết nối với cộng đồng địa phương, mà còn là nền tảng quan trọng cho giáo dục, đào tạo, giao tiếp và hợp tác.","ये केंद्र न केवल उपयोगकर्ताओं तक पहुंचने और स्थानीय समुदायों से जुड़ने के लिए我们的 अग्रिम मोर्चा हैं, बल्कि शिक्षा, प्रशिक्षण, संचार और सहयोग के लिए महत्वपूर्ण प्लेटफॉर्म के रूप में भी कार्य करते हैं।","Diese Zentren sind nicht nur unsere Front zur Erreichung von Nutzern und Verbindung mit lokalen Gemeinschaften, sondern dienen auch als entscheidende Plattformen für Bildung, Training, Kommunikation und Zusammenarbeit.","Ces centres sont non seulement notre frontière pour atteindre les utilisateurs et nous connecter avec les communautés locales, mais servent également de plateformes cruciales pour l'éducation, la formation, la communication et la collaboration.","Estes centros não são apenas a nossa fronteira para alcançar utilizadores e conectar com as comunidades locais, mas também servem como plataformas cruciais para educação, formação, comunicação e colaboração.","Estos centros no solo son nuestra frontera para llegar a los usuarios y conectar con las comunidades locales, sino que también sirven como plataformas cruciales para la educación, formación, comunicación y colaboración.","Questi centri non sono solo la nostra frontiera per raggiungere gli utenti e connetterci con le comunità locali, ma servono anche come piattaforme cruciali per l'educazione, la formazione, la comunicazione e la collaborazione.","Deze centra zijn niet alleen bruggen naar gebruikers en gemeenschappen, maar ook platforms voor educatie en samenwerking.","Disse sentrene er ikke bare broen til brukere og lokalsamfunn, men også plattformer for utdanning og samarbeid.","Dessa center fungerar inte bara som en brygga till användare och samhällen, utan också som plattformar för utbildning och samarbete.","Aceste centre sunt nu doar punți către utilizatori și comunități locale, ci și platforme pentru educație și colaborare.","Tato centra nejsou jen mostem k uživatelům a komunitám, ale také platformou pro vzdělávání a spolupráci."
futureFintechBelief,We firmly believe that the future of fintech lies not only in online spaces but also in the warmth and trust of offline communities.,我们坚信，金融科技的未来不仅存在于线上空间，也存在于线下社区的温暖与信任之中。,我們堅信，金融科技的未來不僅存在於線上空間，也存在於線下社區的溫暖與信任之中。,私たちは、フィンテックの未来がオンライン空間だけにあるのではなく、オフラインコミュニティの温かさと信頼の中にもあると確信しています。,우리는 핀테크의 미래가 온라인 공간에만 있는 것이 아니라 오프라인 커뮤니티의 따뜻함과 신뢰에도 있다고 굳게 믿습니다.,Kami percaya tegas bahawa masa depan fintech bukan hanya terletak di ruang dalam talian tetapi juga dalam kehangatan dan kepercayaan komuniti luar talian.,เราเชื่ออย่างแน่ว่าอนาคตของฟินเทคไม่ได้อยู่เพียงในพื้นที่ออนไลน์ แต่ยังอยู่ในความอบอุ่นและความไว้วางใจของชุมชนออฟไลน์,Chúng tôi tin chắc rằng tương lai của fintech không chỉ nằm ở không gian trực tuyến mà còn ở sự ấm áp và tin cậy của cộng đồng ngoại tuyến.,"हम दृढ़ता से मानते हैं कि फिनटेक का भविष्य न केवल ऑनलाइन स्थानों में निहित है, बल्कि ऑफलाइन समुदायों की गर्मजोशी और विश्वास में भी है।","Wir glauben fest daran, dass die Zukunft von Fintech nicht nur in Online-Räumen liegt, sondern auch in der Wärme und dem Vertrauen von Offline-Gemeinschaften.",Nous croyons fermement que l'avenir de la fintech réside non seulement dans les espaces en ligne mais aussi dans la chaleur et la confiance des communautés hors ligne.,"Acreditamos firmemente que o futuro da fintech reside não apenas em espaços online, mas também no calor e confiança das comunidades offline.",Creemos firmemente que el futuro de la fintech reside no solo en los espacios online sino también en la calidez y confianza de las comunidades offline.,"Crediamo fermamente che il futuro della fintech risieda non solo negli spazi online, ma anche nel calore e nella fiducia delle comunità offline.",Wij geloven dat de toekomst van fintech zowel online als in de warmte en het vertrouwen van fysieke gemeenschappen ligt.,Vi tror at fremtiden for fintech finnes både online og i den varme tilliten i fysiske fellesskap.,Vi tror att fintechs framtid finns både online och i den varma tilliten i fysiska samhällen.,"Credem cu tărie că viitorul fintech-ului există atât online, cât și în căldura și încrederea comunităților offline.","Věříme, že budoucnost fintechu je nejen online, ale také v důvěře a teple offline komunit."
globalStudioDistribution,Global studio distribution,全球工作室分布,全球工作室分佈,グローバルスタジオ分布,글로벌 스튜디오 분포,Pengagihan studio global,การกระจายสตูดิโอทั่วโลก,Phân phối studio toàn cầu,वैश्विक स्टूडियो वितरण,Globale Studioverteilung,Distribution de studio mondial,Distribuição de estúdio global,Distribución de estudio global,Distribuzione studio globale,Wereldwijde studioverdeling,Globalt studiokart,Global studiofördelning,Distribuția globală a studiourilor,Globální rozložení studií
underConstruction,Under Construction,建设中,建設中,建設中,건설 중,Dalam Pembinaan,กำลังก่อสร้าง,Đang Xây dựng,निर्माणाधीन,Im Bau,En Construction,Em Construção,En Construcción,In Costruzione,In aanbouw,Under bygging,Under konstruktion,În construcție,Ve výstavbě
partnershipProgress,We have already established preliminary contacts with several local partners and will gradually start setting up activity centers and launching local projects in the future.,我们已与数家本地伙伴初步建立联系，未来将逐步启动活动中心的建设与本地项目的开展。,我們已與數家本地夥伴初步建立聯繫，未來將逐步啟動活動中心的建設與本地項目的開展。,私たちはすでにいくつかの現地パートナーと予備的な接触を確立しており、今後、活動センターの設置と現地プロジェクトの立ち上げを段階的に開始する予定です。,"우리는 이미 여러 현지 파트너들과 예비 접촉을 수립했으며, 향후 활동 센터 설정과 현지 프로젝트 발족을 점차적으로 시작할 것입니다.",Kami telah menjalinkan hubungan awal dengan beberapa rakan kongsi tempatan dan akan beransur-ansur mula menubuhkan pusat aktiviti dan melancarkan projek tempatan pada masa hadapan.,เราได้สร้างการติดต่อเบื้องต้นกับพันธมิตรท้องถิ่นหลายแห่งและจะเริ่มจัดตั้งศูนย์กิจกรรมและเปิดตัวโครงการท้องถิ่นอย่างค่อยเป็นค่อยไปในอนาคต,Chúng tôi đã thiết lập liên hệ sơ bộ với một số đối tác địa phương và sẽ dần dần bắt đầu thiết lập trung tâm hoạt động và triển khai các dự án địa phương trong tương lai.,हमने पहले ही कई स्थानीय भागीदारों के साथ प्रारंभिक संपर्क स्थापित कर लिए हैं और भविष्य में धीरे-धीरे गतिविधि केंद्र स्थापित करना और स्थानीय परियोजनाएं शुरू करना आरंभ करेंगे।,"Wir haben bereits vorläufige Kontakte mit mehreren lokalen Partnern geknüpft und werden schrittweise damit beginnen, Aktivitätszentren einzurichten und lokale Projekte in der Zukunft zu starten.",Nous avons déjà établi des contacts préliminaires avec plusieurs partenaires locaux et commencerons progressivement à mettre en place des centres d'activité et à lancer des projets locaux à l'avenir.,Já estabelecemos contactos preliminares com vários parceiros locais e iremos gradualmente começar a configurar centros de atividade e lançar projetos locais no futuro.,Ya hemos establecido contactos preliminares con varios socios locales y comenzaremos gradualmente a establecer centros de actividad y lanzar proyectos locales en el futuro.,Abbiamo già stabilito contatti preliminari con diversi partner locali e inizieremo gradualmente a impostare centri di attività e lanciare progetti locali in futuro.,We hebben al contact gelegd met lokale partners en zullen geleidelijk starten met de bouw en uitvoering van projecten.,Vi har allerede kontaktet lokale partnere og vil gradvis starte bygging og prosjekter.,Vi har redan etablerat kontakt med lokala partners och kommer gradvis att inleda byggnation och projekt.,Am stabilit deja contacte cu parteneri locali și vom începe treptat construcția și proiectele locale.,Již jsme navázali kontakt s místními partnery a postupně zahájíme výstavbu a místní projekty.
signUpForEvent,Sign up for an event,报名活动,報名活動,イベントに申し込む,이벤트 신청,Daftar untuk acara,ลงทะเบียนเข้าร่วมกิจกรรม,Đăng ký sự kiện,किसी इवेंट के लिए साइन अप करें,Für eine Veranstaltung anmelden,S'inscrire à un événement,Inscrever-se num evento,Inscribirse para un evento,Iscriviti per un evento,Meld je aan voor activiteiten,Meld deg på arrangementer,Registrera dig för aktiviteter,Înscrie-te la activități,Zaregistrujte se na aktivity
meetingMinutes,Meeting minutes,会议纪要,會議紀要,会議議事録,회의록,Minit mesyuarat,รายงานการประชุม,Biên bản cuộc họp,बैठक के मिनट,Sitzungsprotokoll,Procès-verbal de réunion,Acta da reunião,Acta de la reunión,Verbale della riunione,Notulen,Møtereferat,Mötesprotokoll,Proces-verbal al întâlnirii,Zápis ze schůzky
establishmentTime,Establishment Time,成立时间,成立時間,設立時間,설립 시간,Masa Penubuhan,เวลาก่อตั้ง,Thời gian Thành lập,स्थापना समय,Gründungszeit,Date de Création,Tempo de Estabelecimento,Tiempo de Establecimiento,Tempo di Istituzione,Oprichtingsdatum,Etableringsdato,Grundandedatum,Data înființării,Datum založení
meeting,Meeting,会议,會議,会議,회의,Mesyuarat,การประชุม,Cuộc họp,बैठक,Sitzung,Réunion,Reunião,Reunión,Riunione,Vergadering,Møte,Möte,Întâlnire,Schůze
liveVideo,Live video,现场视频,現場影片,ライブ動画,라이브 영상,Video langsung,วิดีโอถ่ายทอดสด,Video trực tiếp,लाइव वीडियो,Live-Video,Vidéo en direct,Vídeo em direto,Video en vivo,Video live,Live video,Livevideo,Livevideo,Video live,Živé video
onSitePhotos,On-site photos,现场照片,現場照片,現場写真,현장 사진,Gambar di tapak,รูปภาพหน้างาน,Ảnh tại hiện trường,साइट की तस्वीरें,Fotos vor Ort,Photos sur site,Fotos no local,Fotos en el sitio,Foto sul posto,Live foto’s,Live bilder,Livefoton,Fotografii live,Fotografie z místa
seeMore,See more,查看更多,查看更多,もっと見る,더보기,Lihat lagi,ดูเพิ่มเติม,Xem thêm,और देखें,Mehr anzeigen,Voir plus,Ver mais,Ver más,Vedi altro,See more,See more,See more,See more,See more
journey,9M journey,9M旅程,9M旅程,9Mの旅,9M 여정,Perjalanan 9M,การเดินทางของ 9M,Hành trình 9M,9M की यात्रा,9M Reise,Parcours 9M,Jornada 9M,Viaje 9M,Viaggio 9M,9M journey,9M journey,9M journey,9M journey,9M journey
mainHeading,"Global Wisdom, AI-Driven — 9M AI Conquers New Heights in Global Finance",全球智慧，AI驱动——9M AI征服全球金融新高度,全球智慧，AI驅動——9M AI征服全球金融新高度,グローバルな知恵、AI駆動 — 9M AIが世界金融の新たな高みを征服,"글로벌 지혜, AI 주도 — 9M AI, 글로벌 금융의 새로운 높이를 정복하다","Kebijaksanaan Global, Didorong AI — 9M AI Menakluki Pencapaian Baru dalam Kewangan Global",ปัญญาระดับโลก ขับเคลื่อนด้วย AI — 9M AI พิชิตความสูงใหม่ในวงการการเงินโลก,"Trí tuệ Toàn cầu, AI Dẫn dắt — 9M AI Chinh phục Tầm cao Mới trong Tài chính Toàn cầu","वैश्विक ज्ञान, एआई-संचालित — 9M AI वैश्विक वित्त में नई ऊंचाइयों को फतह करता है","Globale Weisheit, KI-gesteuert — 9M AI erobert neue Höhen in der globalen Finanzwelt","Sagesse Mondiale, Pilotée par l'IA — 9M AI Conquiert de Nouveaux Sommets dans la Finance Mondiale","Sabedoria Global, Orientada por IA — 9M AI Conquista Novos Patamares nas Finanças Globais","Sabiduría Global, Impulsada por IA — 9M AI Conquista Nuevas Alturas en las Finanzas Globales","Saggezza Globale, Guidata dall'IA — 9M AI Conquista Nuove Vette nella Finanza Globale","Global Wisdom, AI-Driven — 9M AI Conquers New Heights in Global Finance","Global Wisdom, AI-Driven — 9M AI Conquers New Heights in Global Finance","Global Wisdom, AI-Driven — 9M AI Conquers New Heights in Global Finance","Global Wisdom, AI-Driven — 9M AI Conquers New Heights in Global Finance","Global Wisdom, AI-Driven — 9M AI Conquers New Heights in Global Finance"
mainDescription,"Starting from New York, crossing the core of Asian finance, and advancing toward the center of the European market, 9M AI is reshaping the global capital landscape with the power of AI-driven finance. Every step forward witnesses the continuous growth of technological strength, ecosystem scale, and global influence.",从纽约出发，跨越亚洲金融核心，向欧洲市场中心迈进，9M AI正以AI驱动的金融力量重塑全球资本格局。每一步前进都见证着技术实力、生态系统规模和全球影响力的持续增长。,從紐約出發，跨越亞洲金融核心，向歐洲市場中心邁進，9M AI正以AI驅動的金融力量重塑全球資本格局。每一步前進都見證著技術實力、生態系統規模和全球影響力的持續增長。,ニューヨークから始まり、アジア金融の核心を横断し、ヨーロッパ市場の中心へ前進する中、9M AIはAI駆動の金融の力で世界の資本の景観を再構築しています。前進する一歩一歩が、技術力、エコシステムの規模、世界的影響力の継続的な成長を証明しています。,"뉴욕에서 시작하여 아시아 금융의 핵심을 가로지르고 유럽 시장의 중심을 향해 나아가는 9M AI는 AI 기반 금융의 힘으로 글로벌 자본 환경을 재형성하고 있습니다. 전진하는 매 걸음은 기술력, 생태계 규모, 글로벌 영향력의 지속적인 성장을 목격합니다.","Bermula dari New York, melintasi teras kewangan Asia, dan mara ke pusat pasaran Eropah, 9M AI membentuk semula landskap modal global dengan kuasa kewangan didorong AI. Setiap langkah ke hadapan menyaksikan pertumbuhan berterusan kekuatan teknologi, skala ekosistem, dan pengaruh global.",เริ่มต้นจากนิวยอร์ก ข้ามผ่านหัวใจทางการเงินของเอเชีย และก้าวไปสู่ศูนย์กลางของตลาดยุโรป 9M AI กำลังปรับโฉมภูมิทัศน์ทุนโลกด้วยพลังของการเงินที่ขับเคลื่อนโดย AI ทุกก้าวเดินล้วนเป็นพยานถึงการเติบโตอย่างต่อเนื่องของความแข็งแกร่งทางเทคโนโลยี ขนาดของระบบนิเวศ และอิทธิพลระดับโลก,"Bắt đầu từ New York, vượt qua trung tâm tài chính Châu Á và tiến về trung tâm thị trường Châu Âu, 9M AI đang định hình lại bức tranh vốn toàn cầu với sức mạnh của tài chính được dẫn dắt bởi AI. Mỗi bước tiến đều chứng kiến sự tăng trưởng liên tục về sức mạnh công nghệ, quy mô hệ sinh thái và ảnh hưởng toàn cầu.","न्यूयॉर्क से शुरू होकर, एशियाई वित्त के मूल को पार करते हुए, और यूरोपीय बाजार के केंद्र की ओर बढ़ते हुए, 9M AI एआई-संचालित वित्त की शक्ति से वैश्विक पूंजी परिदृश्य को फिर से आकार दे रहा है। हर कदम आगे तकनीकी शक्ति, पारिस्थितिकी तंत्र के पैमाने और वैश्विक प्रभाव की निरंतर वृद्धि का गवाह है।","Ausgehend von New York, quer durch das Herzstück des asiatischen Finanzwesens und vorrückend in Richtung des Zentrums des europäischen Marktes gestaltet 9M AI mit der Kraft der KI-gesteuerten Finanzen die globale Kapitallandschaft neu. Jeder Schritt nach vorne bezeugt das kontinuierliche Wachstum der technologischen Stärke, der Ökosystemskala und des globalen Einflusses.","Partant de New York, traversant le cœur de la finance asiatique et avançant vers le centre du marché européen, 9M AI remodelle le paysage du capital mondial avec la puissance de la finance pilotée par l'IA. Chaque pas en avant témoigne de la croissance continue de la force technologique, de l'échelle de l'écosystème et de l'influence mondiale.","Começando em Nova York, cruzando o núcleo das finanças asiáticas e avançando para o centro do mercado europeu, a 9M AI está a remodelar a paisagem de capital global com o poder das finanças orientadas por IA. Cada passo em frente testemunha o crescimento contínuo da força tecnológica, escala do ecossistema e influência global.","Comenzando desde Nueva York, cruzando el núcleo de las finanzas asiáticas y avanzando hacia el centro del mercado europeo, 9M AI está remodelando el panorama del capital global con el poder de las finanzas impulsadas por IA. Cada paso adelante es testigo del crecimiento continuo de la fuerza tecnológica, la escala del ecosistema y la influencia global.","Partendo da New York, attraversando il cuore della finanza asiatica e avanzando verso il centro del mercato europeo, 9M AI sta rimodellando il panorama del capitale globale con il potere della finanza guidata dall'IA. Ogni passo in avanti testimonia la crescita continua della forza tecnologica, della scala dell'ecosistema e dell'influenza globale.","Starting from New York, crossing the core of Asian finance, and advancing toward the center of the European market, 9M AI is reshaping the global capital landscape with the power of AI-driven finance. Every step forward witnesses the continuous growth of technological strength, ecosystem scale, and global influence.","Starting from New York, crossing the core of Asian finance, and advancing toward the center of the European market, 9M AI is reshaping the global capital landscape with the power of AI-driven finance. Every step forward witnesses the continuous growth of technological strength, ecosystem scale, and global influence.","Starting from New York, crossing the core of Asian finance, and advancing toward the center of the European market, 9M AI is reshaping the global capital landscape with the power of AI-driven finance. Every step forward witnesses the continuous growth of technological strength, ecosystem scale, and global influence.","Starting from New York, crossing the core of Asian finance, and advancing toward the center of the European market, 9M AI is reshaping the global capital landscape with the power of AI-driven finance. Every step forward witnesses the continuous growth of technological strength, ecosystem scale, and global influence.","Starting from New York, crossing the core of Asian finance, and advancing toward the center of the European market, 9M AI is reshaping the global capital landscape with the power of AI-driven finance. Every step forward witnesses the continuous growth of technological strength, ecosystem scale, and global influence."
learnMore,Learn more,了解更多,了解更多,詳細を見る,자세히 알아보기,Ketahui lebih lanjut,เรียนรู้เพิ่มเติม,Tìm hiểu thêm,और जानें,Mehr erfahren,En savoir plus,Saiba mais,Saber más,Scopri di più,Learn more,Learn more,Learn more,Learn more,Learn more
registerEvent,Register for the event,报名活动,報名活動,イベントに登録,이벤트 등록,Daftar untuk acara,ลงทะเบียนเข้าร่วมกิจกรรม,Đăng ký sự kiện,इवेंट के लिए पंजीकरण करें,Für Veranstaltung anmelden,S'inscrire à l'événement,Registar no evento,Registrarse para el evento,Registrati all'evento,Register for the event,Register for the event,Register for the event,Register for the event,Register for the event
previousHighlights,Previous highlights,往期精彩,往期精彩,過去のハイライト,지난 하이라이트,Sorotan sebelumnya,ไฮไลท์ที่ผ่านมา,Điểm nổi bật trước đây,पिछले हाइलाइट्स,Frühere Highlights,Faits marquants précédents,Destaques anteriores,Destacados anteriores,Eventi precedenti,Previous highlights,Previous highlights,Previous highlights,Previous highlights,Previous highlights
businessSchoolDesc1,"To better serve our global users, 9M AI is establishing offline activity centers in multiple cities around the world.",为了更好地服务全球用户，9M AI正在全球多个城市建立线下活动中心。,為了更好地服務全球用戶，9M AI正在全球多個城市建立線下活動中心。,世界中のユーザーにより良いサービスを提供するため、9M AIは世界中の複数の都市にオフライン活動センターを設立しています。,글로벌 사용자에게 더 나은 서비스를 제공하기 위해 9M AI는 전 세계 여러 도시에 오프라인 활동 센터를 설립하고 있습니다.,"Untuk berkhidmat lebih baik kepada pengguna global kami, 9M AI menubuhkan pusat aktiviti luar talian di beberapa bandar di seluruh dunia.",เพื่อบริการผู้ใช้งานทั่วโลกได้ดียิ่งขึ้น 9M AI กำลังจัดตั้งศูนย์กิจกรรมออฟไลน์ในหลายเมืองทั่วโลก,"Để phục vụ người dùng toàn cầu tốt hơn, 9M AI đang thiết lập các trung tâm hoạt động ngoại tuyến tại nhiều thành phố trên thế giới.","हमारे वैश्विक उपयोगकर्ताओं को बेहतर सेवा प्रदान करने के लिए, 9M AI दुनिया के कई शहरों में ऑफलाइन गतिविधि केंद्र स्थापित कर रहा है।","Um unseren globalen Nutzern besser zu dienen, richtet 9M AI in mehreren Städten weltweit Offline-Aktivitätszentren ein.","Pour mieux servir nos utilisateurs mondiaux, 9M AI établit des centres d'activités hors ligne dans plusieurs villes à travers le monde.","Para melhor servir os nossos utilizadores globais, a 9M AI está a estabelecer centros de atividades offline em várias cidades ao redor do mundo.","Para servir mejor a nuestros usuarios globales, 9M AI está estableciendo centros de actividades fuera de línea en múltiples ciudades alrededor del mundo.","Per servire meglio i nostri utenti globali, 9M AI sta istituendo centri di attività offline in diverse città in tutto il mondo.","To better serve our global users, 9M AI is establishing offline activity centers in multiple cities around the world.","To better serve our global users, 9M AI is establishing offline activity centers in multiple cities around the world.","To better serve our global users, 9M AI is establishing offline activity centers in multiple cities around the world.","To better serve our global users, 9M AI is establishing offline activity centers in multiple cities around the world.","To better serve our global users, 9M AI is establishing offline activity centers in multiple cities around the world."
businessSchoolDesc2,"These centers are not only our frontier for reaching users and connecting with local communities, but also serve as crucial platforms for education, training, communication, and collaboration.",这些中心不仅是我们触达用户、连接本地社区的前沿阵地，更是教育、培训、交流与合作的重要平台。,這些中心不僅是我們觸達用戶、連接本地社區的前沿陣地，更是教育、培訓、交流與合作的重要平台。,これらのセンターは、ユーザーに到達し地域コミュニティとつながるための最前線であるだけでなく、教育、トレーニング、コミュニケーション、協力のための重要なプラットフォームとしても機能します。,"이 센터들은 사용자에게 도달하고 지역 사회와 연결하는 최전선일 뿐만 아니라 교육, 훈련, 커뮤니케이션 및 협력을 위한 중요한 플랫폼 역할도 합니다.","Pusat-pusat ini bukan sahaja frontier kami untuk mencapai pengguna dan berhubung dengan komuniti tempatan, tetapi juga berfungsi sebagai platform penting untuk pendidikan, latihan, komunikasi, dan kerjasama.",ศูนย์เหล่านี้ไม่เพียงเป็นแนวหน้าในการเข้าถึงผู้ใช้และเชื่อมต่อกับชุมชนท้องถิ่นเท่านั้น แต่ยังทำหน้าที่เป็นแพลตฟอร์มสำคัญสำหรับการศึกษา การฝึกอบรม การสื่อสาร และการทำงานร่วมกัน,"Những trung tâm này không chỉ là tiền tuyến để chúng tôi tiếp cận người dùng và kết nối với cộng đồng địa phương, mà còn là nền tảng quan trọng cho giáo dục, đào tạo, giao tiếp và hợp tác.","ये केंद्र न केवल उपयोगकर्ताओं तक पहुंचने और स्थानीय समुदायों से जुड़ने के लिए हमारा मोर्चा हैं, बल्कि शिक्षा, प्रशिक्षण, संचार और सहयोग के लिए महत्वपूर्ण प्लेटफॉर्म के रूप में भी कार्य करते हैं।","Diese Zentren sind nicht nur unsere Front, um Nutzer zu erreichen und sich mit lokalen Gemeinschaften zu verbinden, sondern dienen auch als cruciale Plattformen für Bildung, Training, Kommunikation und Zusammenarbeit.","Ces centres sont non seulement notre frontière pour atteindre les utilisateurs et nous connecter avec les communautés locales, mais ils servent également de plateformes cruciales pour l'éducation, la formation, la communication et la collaboration.","Estes centros não são apenas a nossa fronteira para alcançar utilizadores e conectar com as comunidades locais, mas também servem como plataformas cruciais para educação, formação, comunicação e colaboração.","Estos centros no solo son nuestra frontera para llegar a los usuarios y conectarse con las comunidades locales, sino que también sirven como plataformas cruciales para la educación, capacitación, comunicación y colaboración.","Questi centri non sono solo la nostra frontiera per raggiungere gli utenti e connettersi con le comunità locali, ma servono anche come piattaforme cruciali per l'educazione, la formazione, la comunicazione e la collaborazione.","These centers are not only our frontier for reaching users and connecting with local communities, but also serve as crucial platforms for education, training, communication, and collaboration.","These centers are not only our frontier for reaching users and connecting with local communities, but also serve as crucial platforms for education, training, communication, and collaboration.","These centers are not only our frontier for reaching users and connecting with local communities, but also serve as crucial platforms for education, training, communication, and collaboration.","These centers are not only our frontier for reaching users and connecting with local communities, but also serve as crucial platforms for education, training, communication, and collaboration.","These centers are not only our frontier for reaching users and connecting with local communities, but also serve as crucial platforms for education, training, communication, and collaboration."
businessSchoolDesc3,We firmly believe that the future of fintech lies not only in online spaces but also in the warmth and trust of offline communities.,我们坚信，金融科技的未来不仅存在于线上空间，更在于线下社区的温暖与信任。,我們堅信，金融科技的未來不僅存在於線上空間，更在於線下社區的溫暖與信任。,私たちは、フィンテックの未来がオンライン空間だけにあるのではなく、オフラインコミュニティの温かさと信頼にもあると固く信じています。,우리는 핀테크의 미래가 온라인 공간에만 있는 것이 아니라 오프라인 커뮤니티의 따뜻함과 신뢰에도 있다고 굳게 믿습니다.,Kami percaya dengan tegas bahawa masa depan fintech terletak bukan hanya dalam ruang dalam talian tetapi juga dalam kehangatan dan kepercayaan komuniti luar talian.,เราเชื่อมั่นอย่างแน่วแน่ว่าอนาคตของฟินเทคไม่ได้อยู่เพียงในพื้นที่ออนไลน์เท่านั้น แต่ยังอยู่ที่ความอบอุ่นและความไว้วางใจของชุมชนออฟไลน์,Chúng tôi tin chắc rằng tương lai của fintech không chỉ nằm ở không gian trực tuyến mà còn ở sự ấm áp và tin cậy của cộng đồng ngoại tuyến.,"हम दृढ़ता से मानते हैं कि फिनटेक का भविष्य न केवल ऑनलाइन स्पेस में निहित है, बल्कि ऑफलाइन समुदायों की गर्मजोशी और विश्वास में भी है।","Wir sind fest davon überzeugt, dass die Zukunft von FinTech nicht nur in Online-Räumen liegt, sondern auch in der Wärme und dem Vertrauen von Offline-Gemeinschaften.",Nous croyons fermement que l'avenir de la fintech réside non seulement dans les espaces en ligne mais aussi dans la chaleur et la confiance des communautés hors ligne.,"Acreditamos firmemente que o futuro do fintech reside não apenas em espaços online, mas também no calor e confiança das comunidades offline.",Creemos firmemente que el futuro de las fintech reside no solo en los espacios en línea sino también en la calidez y confianza de las comunidades fuera de línea.,Crediamo fermamente che il futuro del fintech risieda non solo negli spazi online ma anche nel calore e nella fiducia delle comunità offline.,We firmly believe that the future of fintech lies not only in online spaces but also in the warmth and trust of offline communities.,We firmly believe that the future of fintech lies not only in online spaces but also in the warmth and trust of offline communities.,We firmly believe that the future of fintech lies not only in online spaces but also in the warmth and trust of offline communities.,We firmly believe that the future of fintech lies not only in online spaces but also in the warmth and trust of offline communities.,We firmly believe that the future of fintech lies not only in online spaces but also in the warmth and trust of offline communities.
mainDescription1,"Every step forward witnesses the continuous growth of technological strength, ecosystem scale, and global influence.",每一步前进都见证着技术实力、生态系统规模和全球影响力的持续增长。,每一步前進都見證著技術實力、生態系統規模和全球影響力的持續增長。,前進する一歩一歩が、技術力、エコシステムの規模、世界的影響力の継続的な成長を証明しています。,"전진하는 매 걸음은 기술력, 생태계 규모, 글로벌 영향력의 지속적인 성장을 목격합니다.","Setiap langkah ke hadapan menyaksikan pertumbuhan berterusan kekuatan teknologi, skala ekosistem, dan pengaruh global.",ทุกก้าวเดินล้วนเป็นพยานถึงการเติบโตอย่างต่อเนื่องของความแข็งแกร่งทางเทคโนโลยี ขนาดของระบบนิเวศ และอิทธิพลระดับโลก,"Mỗi bước tiến đều chứng kiến sự tăng trưởng liên tục về sức mạnh công nghệ, quy mô hệ sinh thái và ảnh hưởng toàn cầu.","हर कदम आगे तकनीकी शक्ति, पारिस्थितिकी तंत्र के पैमाने और वैश्विक प्रभाव की निरंतर वृद्धि का गवाह है।","Jeder Schritt nach vorne bezeugt das kontinuierliche Wachstum der technologischen Stärke, der Ökosystemskala und des globalen Einflusses.","Chaque pas en avant témoigne de la croissance continue de la force technologique, de l'échelle de l'écosystème et de l'influence mondiale.","Cada passo em frente testemunha o crescimento contínuo da força tecnológica, escala do ecossistema e influência global.","Cada paso adelante es testigo del crecimiento continuo de la fuerza tecnológica, la escala del ecosistema y la influencia global.","Ogni passo in avanti testimonia la crescita continua della forza tecnologica, della scala dell'ecosistema e dell'influenza globale.","Every step forward witnesses the continuous growth of technological strength, ecosystem scale, and global influence.","Every step forward witnesses the continuous growth of technological strength, ecosystem scale, and global influence.","Every step forward witnesses the continuous growth of technological strength, ecosystem scale, and global influence.","Every step forward witnesses the continuous growth of technological strength, ecosystem scale, and global influence.","Every step forward witnesses the continuous growth of technological strength, ecosystem scale, and global influence."
fullMeetName1,Lecturer Training Camp,讲师训练营,講師訓練營,講師トレーニングキャンプ,강사 트레이닝 캠프,Kem Latihan Pensyarah,ค่ายฝึกอบรมผู้สอน,Trại Đào tạo Giảng viên,प्रशिक्षक प्रशिक्षण शिविर,Dozenten-Schulungslager,Camp d'Entraînement pour Formateurs,Campo de Treinamento de Instrutores,Campamento de Entrenamiento para Instructores,Campo di Addestramento per Istruttori,Lecturer Training Camp,Lecturer Training Camp,Lecturer Training Camp,Lecturer Training Camp,Lecturer Training Camp
fullMeetName2,Asset Management Training Camp,资产管理训练营,資產管理訓練營,資産管理トレーニングキャンプ,자산 관리 트레이닝 캠프,Kem Latihan Pengurusan Aset,ค่ายฝึกอบรมการจัดการสินทรัพย์,Trại Đào tạo Quản lý Tài sản,परिसंपत्ति प्रबंधन प्रशिक्षण शिविर,Vermögensverwaltung Schulungslager,Camp d'Entraînement en Gestion d'Actifs,Campo de Treinamento de Gestão de Ativos,Campamento de Entrenamiento en Gestión de Activos,Campo di Addestramento per la Gestione delle Attività,Asset Management Training Camp,Asset Management Training Camp,Asset Management Training Camp,Asset Management Training Camp,Asset Management Training Camp
fullMeetName3,,,,,,,,,,,,,,,,,,,
businessSchool1,Global Events Center,全球活动中心,全球活動中心,グローバルイベントセンター,글로벌 이벤트 센터,Pusat Acara Global,ศูนย์กิจกรรมระดับโลก,Trung tâm Sự kiện Toàn cầu,ग्लोबल इवेंट सेंटर,Globales Veranstaltungszentrum,Centre d'Événements Mondial,Centro de Eventos Global,Centro de Eventos Global,Centro Eventi Globale,Global Events Center,Global Events Center,Global Events Center,Global Events Center,Global Events Center
businessSchool,9M AI Global Activity Center,9M AI全球活动中心,9M AI全球活動中心,9M AIグローバルアクティビティセンター,9M AI 글로벌 액티비티 센터,Pusat Aktiviti Global 9M AI,ศูนย์กิจกรรมระดับโลก 9M AI,Trung tâm Hoạt động Toàn cầu 9M AI,9M AI ग्लोबल एक्टिविटी सेंटर,9M AI Globales Aktivitätszentrum,Centre d'Activités Mondial 9M AI,Centro de Atividades Global 9M AI,Centro de Actividades Global 9M AI,Centro Attività Globale 9M AI,9M AI Global Activity Center,9M AI Global Activity Center,9M AI Global Activity Center,9M AI Global Activity Center,9M AI Global Activity Center
oneClickInvestment,USD9 One-click Investment,USD9一键质押,USD9一鍵質押,USD9ワンクリック投資,USD9 원클릭 투자,Pelaburan Satu Klik USD9,USD9 ลงทุนคลิกเดียว,Đầu tư một chạm USD9,USD9 वन-क्लिक निवेश,USD9 Ein-Klick-Invest,Investissement USD9 Un Clic,Investimento Um Clique USD9,Inversión Un Click USD9,Investimento Un Clic USD9,USD9 One-click Investment,USD9 One-click Investment,Investimento Um Clique USD9,Investimento Um Clique USD9,USD9 One-click Investment
investmentDescription,"No need for manual exchange, complete investment in one step",无需手动兑换，一步完成质押,無需手動兌換，一步完成質押,手動交換不要、1ステップで投資完了,"수동 교환 불필요, 한 단계로 투자 완료","Tukar manual tidak perlu, labur satu langkah",ไม่ต้องแลกเปลี่ยนเอง ลงทุนเสร็จในขั้นตอนเดียว,"Không cần đổi thủ công, hoàn tất đầu tư một bước","मैनुअल एक्सचेंज की आवश्यकता नहीं, एक चरण में निवेश पूरा","Kein manueller Tausch, Investition in einem Schritt","Aucun échange manuel, investissement en une étape","Sem troca manual, investa em um passo","Sin cambio manual, invierte en un paso","Nessuno scambio manuale, investi in un passo","No need for manual exchange, complete investment in one step","No need for manual exchange, complete investment in one step","Sem troca manual, investa em um passo","Sem troca manual, investa em um passo","No need for manual exchange, complete investment in one step"
useUSDTBalance,Use the USDT balance in your account,使用账户中的USDT余额,使用帳戶中的USDT餘額,口座のUSDT残高を使用,계정 내 USDT 잔액 사용,Guna baki USDT dalam akaun,ใช้ยอด USDT ในบัญชี,Dùng số dư USDT trong tài khoản,अकाउंट में USDT बैलेंस का उपयोग करें,USDT-Guthaben nutzen,Utiliser le solde USDT du compte,Usar saldo USDT da conta,Usar saldo USDT de la cuenta,Usa saldo USDT nel conto,Use the USDT balance in your account,Use the USDT balance in your account,Usar saldo USDT da conta,Usar saldo USDT da conta,Use the USDT balance in your account
balancePriority,Check this option to prioritize the use of USDT balance. Any shortfall will be automatically supplemented with USD9.,勾选此项优先使用USDT余额，差额部分将自动用USD9补足,勾選此項優先使用USDT餘額，差額部分將自動用USD9補足,USDT優先利用、不足分はUSD9で自動補充,"USDT 우선 사용 선택, 부족분은 USD9으로 자동 보충","Pilih utamakan USDT, kekurangan akan tambah dengan USD9",เลือกใช้ USDT ก่อน ส่วนต่างจะเติมด้วย USD9 อัตโนมัติ,"Chọn ưu tiên dùng USDT, phần thiếu sẽ bổ sung bằng USD9","USDT को प्राथमिकता दें, कमी USD9 से पूरी होगी","USDT priorisieren, Differenz wird mit USD9 ausgeglichen","Prioriser USDT, le solde est complété avec USD9","Priorize USDT, diferença será suprida com USD9","Priorizar USDT, el faltante se suple con USD9","Priorità USDT, differenza integrata con USD9",Check this option to prioritize the use of USDT balance. Any shortfall will be automatically supplemented with USD9.,Check this option to prioritize the use of USDT balance. Any shortfall will be automatically supplemented with USD9.,"Priorize USDT, diferença será suprida com USD9","Priorize USDT, diferença será suprida com USD9",Check this option to prioritize the use of USDT balance. Any shortfall will be automatically supplemented with USD9.
swapAmount,Swap Amount (USD9),兑换数量 (USD9),兌換數量 (USD9),交換数量 (USD9),교환 수량 (USD9),Jumlah Tukar (USD9),จำนวนที่แลก (USD9),Số lượng (USD9),स्वैप राशि (USD9),Betrag (USD9),Montant (USD9),Valor (USD9),Cantidad (USD9),Importo (USD9),Swap Amount (USD9),Swap Amount (USD9),Valor (USD9),Valor (USD9),Swap Amount (USD9)
usdtAmount,The USDT amount obtained by the system through exchanging USD9.,系统通过兑换USD9获得的USDT数量,系統通過兌換USD9獲得的USDT數量,USD9交換で得られるUSDT数量,USD9 교환으로 얻은 USDT 수량,Jumlah USDT dari pertukaran USD9,จำนวน USDT ที่ระบบได้จากการแลก USD9,Số USDT hệ thống nhận được từ việc đổi USD9,USD9 एक्सचेंज से प्राप्त USDT राशि,Durch USD9-Tausch erhaltener USDT-Betrag,USDT obtenu par l'échange d'USD9,USDT obtido pela troca de USD9,USDT obtenido del cambio de USD9,USDT ottenuto dallo scambio di USD9,The USDT amount obtained by the system through exchanging USD9.,The USDT amount obtained by the system through exchanging USD9.,USDT obtido pela troca de USD9,USDT obtido pela troca de USD9,The USDT amount obtained by the system through exchanging USD9.
total,Total,总计,總計,合計,총계,Jumlah,ทั้งหมด,Tổng,कुल,Gesamt,Total,Total,Total,Totale,Total,Total,Total,Total,Total
searchForTeamMemberAccounts,Search for team member accounts,搜索团队成员账户,搜尋團隊成員帳戶,チームメンバーアカウントを検索,팀 멤버 계정 검색,Cari akaun ahli pasukan,ค้นหาบัญชีสมาชิกทีม,Tìm kiếm tài khoản thành viên nhóm,टीम सदस्य खाते खोजें,Teammitglieder-Konten suchen,Rechercher des comptes de membres de l'équipe,Procurar contas de membros da equipa,Buscar cuentas de miembros del equipo,Cerca account membri del team,Search for team member accounts,Search for team member accounts,Search for team member accounts,Search for team member accounts,Search for team member accounts
myDirectReferrals,My direct referrals,我的直接推荐,我的直接推薦,マイダイレクト紹介,내 직접 추천,Rujukan langsung saya,ผู้ที่ฉันแนะนำโดยตรง,Người được tôi giới thiệu trực tiếp,मेरे प्रत्यक्ष रेफ़रल,Meine direkten Empfehlungen,Mes recommandations directes,As minhas referências diretas,Mis referidos directos,I miei referral diretti,My direct referrals,My direct referrals,My direct referrals,My direct referrals,My direct referrals
highestLevelUser,Highest level user,最高等级用户,最高等級用戶,最高レベルユーザー,최고 레벨 사용자,Pengguna peringkat tertinggi,ผู้ใช้ระดับสูงสุด,Người dùng cấp cao nhất,उच्चतम स्तर का उपयोगकर्ता,Benutzer mit höchstem Level,Utilisateur de niveau le plus élevé,Utilizador de nível mais alto,Usuario de nivel más alto,Utente di livello più alto,Highest level user,Highest level user,Highest level user,Highest level user,Highest level user
highestPerformingUsers,Highest performing users,最佳表现用户,最佳表現用戶,最高績效ユーザー,최고 실적 사용자,Pengguna berprestasi tertinggi,ผู้ใช้ที่มีผลงานดีที่สุด,Người dùng hiệu suất cao nhất,सर्वोच्च प्रदर्शन करने वाले उपयोगकर्ता,Benutzer mit bester Leistung,Utilisateurs les plus performants,Utilizadores de maior desempenho,Usuarios de mayor rendimiento,Utenti dalle migliori performance,Highest performing users,Highest performing users,Highest performing users,Highest performing users,Highest performing users
totalTeamInvestment,Total Team Investment,团队总投资,團隊總投資,チーム総投資額,팀 총 투자액,Jumlah Pelaburan Pasukan,การลงทุนทั้งหมดของทีม,Tổng đầu tư của nhóm,कुल टीम निवेश,Teaminvestition gesamt,Investissement total de l'équipe,Investimento Total da Equipa,Inversión total del equipo,Investimento Totale del Team,Total Team Investment,Total Team Investment,Total Team Investment,Total Team Investment,Total Team Investment
totalTeamMembers,Total Team Members,团队成员总数,團隊成員總數,チームメンバー総数,팀 멤버 총수,Jumlah Ahli Pasukan,สมาชิกทีมทั้งหมด,Tổng số thành viên nhóm,कुल टीम सदस्य,Teammitglieder gesamt,Total des membres de l'équipe,Total de Membros da Equipa,Total de miembros del equipo,Totale Membri del Team,Total Team Members,Total Team Members,Total Team Members,Total Team Members,Total Team Members
members,Members,成员,成員,メンバー,멤버,Ahli,สมาชิก,Thành viên,सदस्य,Mitglieder,Membres,Membros,Miembros,Membri,Members,Members,Members,Members,Members
registrationDate,Registration date,注册日期,註冊日期,登録日,등록 날짜,Tarikh pendaftaran,วันที่ลงทะเบียน,Ngày đăng ký,पंजीकरण तिथि,Registrierungsdatum,Date d'inscription,Data de registo,Fecha de registro,Data di registrazione,Registration date,Registration date,Registration date,Registration date,Registration date
statisticsByTime,Statistics by time,按时间统计,按時間統計,時間別統計,시간별 통계,Statistik mengikut masa,สถิติตามช่วงเวลา,Thống kê theo thời gian,समय के अनुसार आंकड़े,Statistik nach Zeit,Statistiques par temps,Estatísticas por tempo,Estadísticas por tiempo,Statistiche per tempo,Statistics by time,Statistics by time,Statistics by time,Statistics by time,Statistics by time
reset,Reset,重置,重置,リセット,초기화,Set semula,รีเซ็ต,Đặt lại,रीसेट,Zurücksetzen,Réinitialiser,Repor,Restablecer,Reimposta,Reset,Reset,Reset,Reset,Reset
startTime,Start time,开始时间,開始時間,開始時間,시작 시간,Masa mula,เวลาเริ่มต้น,Thời gian bắt đầu,प्रारंभ समय,Startzeit,Heure de début,Hora de início,Hora de inicio,Ora di inizio,Start time,Start time,Start time,Start time,Start time
endTime,End time,结束时间,結束時間,終了時間,종료 시간,Masa tamat,เวลาสิ้นสุด,Thời gian kết thúc,समाप्ति समय,Endzeit,Heure de fin,Hora de fim,Hora de finalización,Ora di fine,End time,End time,End time,End time,End time
team,Team,团队,團隊,チーム,팀,Pasukan,ทีม,Nhóm,टीम,Team,Équipe,Equipa,Equipo,Team,Team,Team,Team,Team,Team
personal,Personal,个人,個人,個人,개인,Peribadi,ส่วนตัว,Cá nhân,व्यक्तिगत,Persönlich,Personnel,Pessoal,Personal,Personale,Personal,Personal,Personal,Personal,Personal
9mAIStategyFund,9M AI Strategy Fund,9M AI 策略基金,9M AI 策略基金,9M AIストラテジーファンド,9M AI 전략 펀드,Dana Strategi 9M AI,กองทุนกลยุทธ์ 9M AI,Quỹ Chiến lược 9M AI,9M AI स्ट्रैटेजी फंड,9M AI-Strategiefonds,Fonds de stratégie 9M AI,Fundo de Estratégia 9M AI,Fondo de Estrategia 9M AI,Fondo Strategia 9M AI,9M AI Strategy Fund,9M AI Strategy Fund,9M AI Strategy Fund,9M AI Strategy Fund,9M AI Strategy Fund
9mAIStableFund,9M AI Stable Fund,9M AI 稳健基金,9M AI 穩健基金,9M AI安定ファンド,9M AI 안정 펀드,Dana Stabil 9M AI,กองทุนมั่นคง 9M AI,Quỹ Ổn định 9M AI,9M AI स्टेबल फंड,9M AI-Stabilfonds,Fonds stable 9M AI,Fundo Estável 9M AI,Fondo Estable 9M AI,Fondo Stabile 9M AI,9M AI Stable Fund,9M AI Stable Fund,9M AI Stable Fund,9M AI Stable Fund,9M AI Stable Fund
personalInformation,Personal Information,个人信息,個人資訊,個人情報,개인정보,Maklumat Peribadi,ข้อมูลส่วนตัว,Thông Tin Cá Nhân,व्यक्तिगत जानकारी,Persönliche Informationen,Informations Personnelles,Informação Pessoal,Información Personal,Informazioni Personali,Personal Information,Personal Information,Personal Information,Personal Information,Personal Information
addressAddTips,"The withdrawal address needs to be configured for each network. Once bound, it can only be modified by contacting customer service. Please keep the private key of this address safe. Once the private key is leaked, the platform will not be able to recover your assets.",每个网络都需要配置提现地址。绑定后只能通过联系客服修改。请妥善保管该地址的私钥，一旦私钥泄露，平台将无法找回您的资产。,每個網絡都需要配置提現地址。綁定後只能通過聯繫客服修改。請妥善保管該地址的私鑰，一旦私鑰洩露，平台將無法找回您的資產。,出金アドレスはネットワークごとに設定する必要があります。一度紐付けると、カスタマーサポートに連絡しない限り変更できません。このアドレスの秘密鍵を安全に保管してください。秘密鍵が漏洩した場合、資産は回復できません。,출금 주소는 각 네트워크별로 설정해야 합니다. 한번 연동되면 고객센터를 통해서만 수정할 수 있습니다. 해당 주소의 개인 키를 안전하게 보관하십시오. 개인 키가 유출되면 플랫폼은 자산을 복구할 수 없습니다.,"Alamat pengeluaran perlu dikonfigurasikan bagi setiap rangkaian. Setelah diikat, ia hanya boleh diubah dengan menghubungi khidmat pelanggan. Sila simpan kunci peribadi alamat ini dengan selamat. Jika kunci peribadi terdedah, platform tidak dapat memulihkan aset anda.",ที่อยู่สำหรับถอนต้องได้รับการกำหนดค่าสำหรับแต่ละเครือข่าย เมื่อเชื่อมโยงแล้ว สามารถแก้ไขได้โดยการติดต่อฝ่ายบริการลูกค้าเท่านั้น โปรดเก็บคีย์ส่วนตัวของที่อยู่นี้ให้ปลอดภัย หากคีย์รั่วไหล แพลตฟอร์มจะไม่สามารถกู้คืนสินทรัพย์ของคุณได้,"Địa chỉ rút tiền cần được cấu hình cho từng mạng. Sau khi liên kết, chỉ có thể sửa đổi bằng cách liên hệ với bộ phận hỗ trợ. Vui lòng giữ an toàn khóa cá nhân của địa chỉ này. Nếu khóa bị lộ, nền tảng sẽ không thể khôi phục tài sản của bạn.","प्रत्येक नेटवर्क के लिए निकासी पता कॉन्फ़िगर किया जाना चाहिए। एक बार बंध जाने पर, इसे केवल ग्राहक सेवा से संपर्क करके ही संशोधित किया जा सकता है। कृपया इस पते की निजी कुंजी को सुरक्षित रखें। एक बार निजी कुंजी लीक हो जाने पर, प्लेटफ़ॉर्म आपकी संपत्तियों को पुनर्प्राप्त नहीं कर पाएगा।","Die Auszahlungsadresse muss für jedes Netzwerk konfiguriert werden. Nach der Verknüpfung kann sie nur durch Kontaktaufnahme mit dem Kundendienst geändert werden. Bitte bewahren Sie den privaten Schlüssel dieser Adresse sicher auf. Wenn der private Schlüssel offengelegt wird, kann die Plattform Ihre Vermögenswerte nicht wiederherstellen.","L’adresse de retrait doit être configurée pour chaque réseau. Une fois liée, elle ne peut être modifiée qu’en contactant le service client. Veuillez conserver la clé privée de cette adresse en lieu sûr. Si la clé privée est divulguée, la plateforme ne pourra pas récupérer vos actifs.","O endereço de saque precisa ser configurado para cada rede. Uma vez vinculado, só pode ser modificado entrando em contato com o suporte. Guarde a chave privada deste endereço com segurança. Caso a chave privada seja exposta, a plataforma não poderá recuperar seus ativos.","La dirección de retiro debe configurarse para cada red. Una vez vinculada, solo puede modificarse contactando con atención al cliente. Mantén segura la clave privada de esta dirección. Si la clave privada se filtra, la plataforma no podrá recuperar tus activos.","L’indirizzo di prelievo deve essere configurato per ogni rete. Una volta collegato, può essere modificato solo contattando l’assistenza clienti. Conserva la chiave privata di questo indirizzo in modo sicuro. Se la chiave privata viene divulgata, la piattaforma non potrà recuperare i tuoi asset.","Het opnameadres moet voor elk netwerk worden geconfigureerd. Zodra het is gekoppeld, kan het alleen worden gewijzigd door contact op te nemen met de klantenservice. Bewaar de privésleutel van dit adres veilig. Zodra de privésleutel is gelekt, kan het platform uw activa niet herstellen.","Uttaksadressen må konfigureres for hvert nettverk. Når det er bundet, kan det bare endres ved å kontakte kundeservice. Oppbevar den private nøkkelen til denne adressen trygt. Hvis den private nøkkelen lekker, vil plattformen ikke kunne gjenopprette eiendelene dine.",Uttagsadressen måste konfigureras för varje nätverk. När den är bunden kan den endast ändras genom att kontakta kundtjänst. Förvara den privata nyckeln till denna adress säkert. Om den privata nyckeln läcker kan plattformen inte återställa dina tillgångar.,"Adresa de retragere trebuie configurată pentru fiecare rețea. Odată legată, aceasta poate fi modificată doar contactând serviciul clienți. Păstrați cheia privată a acestei adrese în siguranță. Dacă cheia privată este divulgată, platforma nu va putea recupera activele dumneavoastră.","Adresa pro výběr musí být nakonfigurována pro každou síť. Po svázání ji lze změnit pouze kontaktováním zákaznické podpory. Uchovávejte soukromý klíč této adresy v bezpečí. Pokud bude soukromý klíč zveřejněn, platforma nebude moci vaše aktiva obnovit."
bindAddress,Bind Address,绑定地址,綁定地址,出金アドレスを紐付ける,출금 주소 연동,Alamat Pengeluaran,เชื่อมโยงที่อยู่ถอนเงิน,Địa chỉ rút tiền,निकासी पता,Diese Adresse verknüpfen,Lier l’adresse,Endereço de Retirada,Enlazar dirección,Indirizzo di prelievo,Verbindingsadres,Binde adresse,Koppla adressă,Adresă de retragere,Vazba adresy
bindAddressTitle,{network} withdrawal address:,{network} 提现地址：,{network} 提現地址：,{network} 出金アドレス：,{network} 출금 주소:,Alamat pengeluaran {network}:,ที่อยู่ถอน {network}:,Địa chỉ rút tiền {network}:,{network} निकासी पता:,{network} Auszahlungsadresse:,Adresse de retrait {network}:,Endereço de retirada {network}:,Dirección de retiro {network}:,Indirizzo di prelievo {network}:,Opnameadres {network}:,Uttaksadresse {network}:,Uttagsadress {network}:,Adresă de retragere {network}:,Výběrová adresa {network}:
bindAddressTips,"For the safety of your funds, please ensure that your address is correct. Once filled in, it cannot be modified or deleted.",为保障您的资金安全，请确保填写的地址正确。一旦填写，将无法修改或删除。,為保障您的資金安全，請確保填寫的地址正確。一旦填寫，將無法修改或刪除。,資金の安全のため、入力したアドレスが正しいことを確認してください。一度入力すると変更または削除できません。,자금의 안전을 위해 주소를 올바르게 입력했는지 확인하십시오. 입력 후에는 수정하거나 삭제할 수 없습니다.,"Untuk keselamatan dana anda, pastikan alamat yang diisi adalah betul. Setelah diisi, ia tidak dapat diubah atau dipadam.",เพื่อความปลอดภัยของเงินทุน โปรดตรวจสอบให้แน่ใจว่าที่อยู่ที่กรอกถูกต้อง เมื่อกรอกแล้วจะไม่สามารถแก้ไขหรือลบได้,"Vì sự an toàn của tài sản, hãy đảm bảo địa chỉ của bạn chính xác. Sau khi điền, sẽ không thể chỉnh sửa hoặc xóa.","अपने धन की सुरक्षा के लिए, कृपया सुनिश्चित करें कि आपका पता सही है। एक बार भरने के बाद, इसे संशोधित या हटाया नहीं जा सकता।","Stellen Sie zur Sicherheit Ihrer Gelder sicher, dass Ihre Adresse korrekt ist. Nach dem Ausfüllen kann sie nicht mehr geändert oder gelöscht werden.","Pour la sécurité de vos fonds, assurez-vous que votre adresse est correcte. Une fois remplie, elle ne peut pas être modifiée ni supprimée.","Para a segurança dos seus fundos, verifique se o endereço está correto. Depois de preenchido, não poderá ser modificado ou eliminado.","Por la seguridad de tus fondos, asegúrate de que tu dirección sea correcta. Una vez completada, no podrá modificarse ni eliminarse.","Per la sicurezza dei tuoi fondi, assicurati che l’indirizzo inserito sia corretto. Una volta compilato, non potrà essere modificato o eliminato.","Zorg ervoor dat uw adres correct is voor de veiligheid van uw fondsen. Zodra het is ingevuld, kan het niet meer worden gewijzigd of verwijderd.","For sikkerheten til midlene dine, må du sørge for at adressen er riktig. Når den er fylt ut, kan den ikke endres eller slettes.","För säkerheten för dina medel, se till att adressen är korrekt. När den väl har fyllts i kan den inte ändras eller tas bort.","Pentru siguranța fondurilor dvs., asigurați-vă că adresa este corectă. Odată completată, nu mai poate fi modificată sau ștearsă.","Z důvodu bezpečnosti vašich prostředků se ujistěte, že adresa je správná. Po vyplnění ji nelze změnit ani odstranit."
binding,Binding,绑定中,綁定中,バインド中,연동 중,Mengikat,กำลังเชื่อมโยง,Đang liên kết,बंध रहा है,Bindung,Liaison,Vinculando,Vinculando,Collegamento,Koppelen,Binder,Koppling,Legare,Vazba
withdrawalBindTip,Please bind the withdrawal address first,请先绑定提现地址,請先綁定提現地址,最初に出金アドレスを紐付けてください,먼저 출금 주소를 연동하십시오,Sila pautkan alamat pengeluaran terlebih dahulu,กรุณาเชื่อมโยงที่อยู่ถอนเงินก่อน,Vui lòng liên kết địa chỉ rút tiền trước,कृपया पहले निकासी पते को जोड़ें।,Bitte verknüpfen Sie zuerst die Auszahlungsadresse.,Veuillez d’abord lier l’adresse de retrait.,"Por favor, vincule primeiro o endereço de retirada","Por favor, vincula primero la dirección de retiro.",Collega prima l’indirizzo di prelievo,Koppel eerst het opnameadres.,Vennligst bind uttaksadressen først.,Vänligen koppla uttagsadressen först.,Vă rugăm să legați mai întâi adresa de retragere.,Nejprve prosím připojte výběrovou adresu.
transaction_WITHDRAW,Withdraw,提现,提现,出金,출금,Pengeluaran Wang,ถอน,Rút tiền,निकालना,Auszahlung,Retrait,Retirar,Retiro,Preleva,Opnemen,Uttak,Uttag,Retragere,Výběr
bind_address,Bind Address,绑定地址,綁定地址,出金アドレスを紐付ける,출금 주소 연동,Alamat Pengeluaran,เชื่อมโยงที่อยู่ถอนเงิน,Địa chỉ rút tiền,निकासी पता,Diese Adresse verknüpfen,Lier l’adresse,Endereço de Retirada,Enlazar dirección,Indirizzo di prelievo,Verbindingsadres,Binde adresse,Koppla adressen,Adresă de retragere,Výběrová adresa
assets_np_tips,"Issued in the form of {token_name}, released daily at {precent}% according to the release mechanism",以{token_name}形式发放，按照释放机制每日释放{precent}%,以{token_name}形式發放，按照釋放機制每日釋放{precent}%,{token_name}の形で発行され、リリースメカニズムに従って毎日{precent}%がリリースされます,"{token_name} 형태로 발행되며, 릴리스 메커니즘에 따라 매일 {precent}%가 릴리스됩니다","Dikeluarkan dalam bentuk {token_name}, dilepaskan setiap hari pada {precent}% mengikut mekanisme pelepasan",ในรูปแบบ {token_name} ปล่อยรายวันที่ {precent}% ตามกลไกการปล่อย,"Phát hành dưới dạng {token_name}, phát hành hàng ngày với tỷ lệ {precent}% theo cơ chế phát hành","{token_name} के रूप में जारी किया गया, रिलीज़ तंत्र के अनुसार दैनिक {precent}% जारी किया गया","In Form von {token_name} ausgegeben, täglich zu {precent}% gemäß dem Freigabemechanismus freigegeben","Émis sous forme de {token_name}, libéré quotidiennement à {precent}% selon le mécanisme de libération","Emitido na forma de {token_name}, liberado diariamente a {precent}% de acordo com o mecanismo de liberação","Emitido en forma de {token_name}, liberado diariamente al {precent}% según el mecanismo de liberación","Emesso sotto forma di {token_name}, rilasciato quotidianamente al {precent}% secondo il meccanismo di rilascio","Uitgegeven in de vorm van {token_name}, dagelijks vrijgegeven op {precent}% volgens het vrijgavemechanisme","Uitstedt i form av {token_name}, frigjøres daglig på {precent}% i henhold til utgivelsesmekanismen","Utfärdat i form av {token_name}, släpps dagligen på {precent}% enligt frisläppningsmekanismen","Emis în formă de {token_name}, eliberat zilnic la {precent}% conform mecanismului de eliberare","Vydáno ve formě {token_name}, denně uvolňováno na {precent}% podle uvolňovacího mechanismu"
NP_ASSETS_RELEASE,Asset Release,资产释放,資產釋放,資産リリース,자산 공개,Pelepasan Aset,การ ปล่อย สินทรัพย์,Phát hành tài sản,संपत्ति विकास,Asset Freigabe,Libération d’Actifs,Liberar de Activos,Lib­er­a­ción de Activos,Rilascio di Asset,Activum vrijgave,Formue frigivelse,Stillahavande tilldelning,Eliberare de Active,Uvolnění majetku
9MEcosystemGrowthPool,9M Ecosystem Partnership Programme,9M生态系统合作伙伴计划,9M 生態系夥伴合作計畫,9M エコシステム・パートナーシップ・プログラム,9M 생태계 파트너십 프로그램,Program Perkongsian Ekosistem 9M,โครงการความร่วมมือระบบนิเวศ 9M,Chương trình Đối tác Hệ sinh thái 9M,9M इकोसिस्टम साझेदारी कार्यक्रम,9M Ökosystem-Partnerschaftsprogramm,Programme de Partenariat de l’Écosystème 9M,Programa de Parceria do Ecossistema 9M,Programa de Asociación del Ecosistema 9M,Programma di Partnership dell’Ecosistema 9M,9M Ecosysteem Partnerschapsprogramma,9M Økosystem Partnerskapsprogram,9M Ekosystempartnerskapsprogram,Programul de Parteneriat al Ecosistemului 9M,Partnerský program ekosystému 9M
growthClubmembe,Become a Growth Club member and co-create long-term value,成为 Growth Club 成员，共创价值增长,成為 Growth Club 成員，共創價值增長,グロースクラブの一員となり、価値成長を共に創りましょう,Growth Club 회원이 되어 가치 성장을 함께 만들어가세요,Terus jadi ahli Growth Club dan bina nilai bersama,เป็นสมาชิก Growth Club ร่วมสร้างการเติบโตของมูลค่า,Trở thành thành viên Growth Club và cùng tạo giá trị,Growth Club का सदस्य बनें और मूल्य वृद्धि में भागीदार बनें,Werden Sie Mitglied des Growth Club und schaffen gemeinsam Wert,Devenez membre du Growth Club et co-créez la croissance de valeur,Torne-se membro do Growth Club e crie valor em conjunto,Únete al Growth Club y crea valor sostenible,Diventa membro del Growth Club e crea valore insieme,Word lid van de Growth Club en bouw samen waarde,Vær medlem av Growth Club og skap vekst sammen,Bli medlem i Growth Club och skapa värde tillsammans,Devino membru Growth Club și creează valoare împreună,Staňte se členem Growth Club a spoluvytvářejte hodnotu
9MEcosystemGrowthPoolDesc,"Join the “9M Ecosystem Partnership Programme” = Step into the core growth engine of the 9M ecosystem.
Here, the returns come from real business expansion, not short-term volatility.
As an ecosystem co-builder, you will:
Share global payment & trading core revenue
Receive sustainable quarterly dividends
Enjoy long-term growth rewards from 9M’s global expansion
Co-create and share the value of the future financial ecosystem with global users—so growth is more than just numbers.","加入「9M生态系统合作伙伴计划」= 进入 9M 生态的核心增长引擎。
这里的收益来自真实业务增长，而非短期波动。
作为生态共建者，你将：
共享全球支付与交易核心营收
获取可持续周期分红
拥有 9M 全球扩张的长期成长红利
与全球用户一起创造并分享未来金融生态的价值，让增长不止停留在数字上。","加入「9M 生態系夥伴合作計畫」= 進入 9M 生態的核心增長引擎。
這裡的收益來自真實業務增長，而非短期波動。
作為生態共建者，你將：
共享全球支付與交易核心營收
獲取可持續周期分紅
擁有 9M 全球擴張的長期成長紅利
與全球用戶一起創造並分享未來金融生態的價值，讓增長不止停留在數字上。","「9M エコシステム・パートナーシップ・プログラム」に参加する＝9M エコシステムの中核成長エンジンに参入することを意味します。
ここでの収益は短期的な変動ではなく、実際の事業成長から生まれます。
エコシステム共同構築者として、あなたは：
世界の決済・取引の中核収益を共有し
持続可能な周期配当を獲得し
9M のグローバル拡大による長期成長の恩恵を受け
未来の金融エコシステムの価値を世界中のユーザーと共に創造・共有し、成長を数字以上のものにします。","「9M 생태계 파트너십 프로그램」에 참여 = 9M 생태계의 핵심 성장 엔진에 진입하는 것입니다.
여기서의 수익은 단기 변동이 아닌 실제 비즈니스 성장에서 발생합니다.
생태계 공동 구축자로서 당신은:
글로벌 결제 및 거래 핵심 수익을 공유하고
지속 가능한 주기 배당을 받으며
9M 글로벌 확장의 장기 성장 이익을 얻고
전 세계 사용자와 함께 미래 금융 생태계의 가치를 창조하고 공유하여 성장의 의미를 숫자 그 이상으로 확장하게 됩니다.","Menyertai “Program Perkongsian Ekosistem 9M” = memasuki enjin pertumbuhan teras ekosistem 9M.
Keuntungan di sini datang daripada pertumbuhan perniagaan sebenar, bukan turun naik jangka pendek.
Sebagai pembina ekosistem, anda akan:
Berkongsi hasil teras pembayaran & dagangan global
Menerima dividen berkala yang mampan
Menikmati manfaat pertumbuhan jangka panjang daripada pengembangan global 9M
Mencipta dan berkongsi nilai ekosistem kewangan masa depan bersama pengguna global — menjadikan pertumbuhan lebih daripada sekadar angka.","เข้าร่วม “โครงการความร่วมมือระบบนิเวศ 9M” = เข้าสู่เครื่องยนต์การเติบโตหลักของระบบนิเวศ 9M
รายได้ที่นี่มาจากการเติบโตของธุรกิจจริง ไม่ใช่ความผันผวนระยะสั้น
ในฐานะผู้ร่วมสร้างระบบนิเวศ คุณจะ:
แบ่งปันรายได้หลักจากการชำระเงินและการเทรดระดับโลก
รับเงินปันผลแบบยั่งยืน
ได้รับผลประโยชน์การเติบโตระยะยาวจากการขยายตัวทั่วโลกของ 9M
ร่วมสร้างและแบ่งปันคุณค่าของระบบนิเวศการเงินแห่งอนาคตร่วมกับผู้ใช้ทั่วโลก เพื่อให้การเติบโตไม่หยุดอยู่แค่ตัวเลข","Tham gia “Chương trình Đối tác Hệ sinh thái 9M” = bước vào động cơ tăng trưởng cốt lõi của hệ sinh thái 9M.
Lợi nhuận ở đây đến từ sự tăng trưởng kinh doanh thực, không phải biến động ngắn hạn.
Là người đồng xây dựng hệ sinh thái, bạn sẽ:
Chia sẻ doanh thu cốt lõi từ thanh toán & giao dịch toàn cầu
Nhận cổ tức định kỳ bền vững
Hưởng lợi từ tăng trưởng dài hạn của quá trình mở rộng toàn cầu 9M
Cùng người dùng toàn cầu tạo dựng và chia sẻ giá trị hệ sinh thái tài chính tương lai — để tăng trưởng không chỉ là con số.","“9M इकोसिस्टम साझेदारी कार्यक्रम” में शामिल होना = 9M पारिस्थितिकी तंत्र के मुख्य विकास इंजन में प्रवेश करना।
यहाँ का लाभ वास्तविक व्यापार वृद्धि से आता है, न कि अल्पकालिक उतार-चढ़ाव से।
एक पारिस्थितिकी सह-निर्माता के रूप में, आप:
वैश्विक भुगतान और ट्रेडिंग के मुख्य राजस्व को साझा करेंगे
स्थायी आवधिक लाभांश प्राप्त करेंगे
9M के वैश्विक विस्तार से दीर्घकालिक विकास लाभ प्राप्त करेंगे
वैश्विक उपयोगकर्ताओं के साथ मिलकर भविष्य के वित्तीय पारिस्थितिकी का मूल्य बनाएँगे और साझा करेंगे — ताकि विकास केवल संख्याओं तक सीमित न रहे।","Dem “9M Ökosystem-Partnerschaftsprogramm” beitreten = Eintritt in den zentralen Wachstumsmotor des 9M-Ökosystems.
Die Erträge stammen hier aus realem Geschäftswachstum, nicht aus kurzfristigen Schwankungen.
Als Ökosystem-Mitgestalter werden Sie:
Kernumsätze aus globalen Zahlungen & Handel teilen
Nachhaltige periodische Dividenden erhalten
Von langfristigen Wachstumsgewinnen der globalen Expansion von 9M profitieren
Gemeinsam mit globalen Nutzern den Wert des künftigen Finanzökosystems schaffen und teilen – damit Wachstum mehr ist als nur Zahlen.","Rejoindre le “Programme de Partenariat de l’Écosystème 9M” = accéder au moteur de croissance central de l’écosystème 9M.
Ici, les gains proviennent d’une véritable croissance commerciale, et non de fluctuations à court terme.
En tant que co-constructeur de l’écosystème, vous :
Partagez les revenus clés des paiements et transactions mondiaux
Recevez des dividendes périodiques durables
Bénéficiez d’une croissance à long terme grâce à l’expansion mondiale de 9M
Créez et partagez la valeur du futur écosystème financier avec les utilisateurs du monde entier, pour que la croissance aille au-delà des chiffres.","Junte-se ao “Programa de Parceria do Ecossistema 9M” = Entre no motor central de crescimento do ecossistema 9M.
Aqui, os retornos vêm do crescimento real dos negócios, não de volatilidade de curto prazo.
Como co-construtor do ecossistema, você irá:
Partilhar receitas globais de pagamentos e transações
Receber dividendos sustentáveis periódicos
Beneficiar do crescimento de longo prazo da expansão global da 9M
Criar e partilhar valor com utilizadores globais, permitindo que o crescimento vá além dos números.","Unirse al “Programa de Asociación del Ecosistema 9M” = entrar al motor central de crecimiento del ecosistema 9M.
Los beneficios aquí provienen del crecimiento real del negocio, no de la volatilidad a corto plazo.
Como co-constructor del ecosistema, usted:
Compartirá ingresos centrales de pagos y comercio global
Recibirá dividendos periódicos sostenibles
Disfrutará beneficios de crecimiento a largo plazo de la expansión global de 9M
Creará y compartirá valor con usuarios globales para que el crecimiento no se limite solo a números.","Ingresso nel “Programma di Partnership dell’Ecosistema 9M” = accedi al motore di crescita principale dell’ecosistema 9M.
Qui i profitti provengono da una crescita reale del business, non da volatilità di breve termine.
Come co-costruttore dell’ecosistema, potrai:
Condividere i ricavi principali di pagamenti e trading globali
Ricevere dividendi periodici sostenibili
Beneficiare della crescita a lungo termine derivante dall’espansione globale di 9M
Creare e condividere valore con utenti globali, affinché la crescita vada oltre i numeri.","Lid worden van de “9M Ecosysteem Partnerschapsprogramma” = toegang krijgen tot de kern groeimotor van het 9M-ecosysteem.
De opbrengsten komen hier voort uit echte bedrijfs groei, niet uit kortetermijnvolatiliteit.
Als ecosysteem-medebouwer zult u:
Kerninkomsten uit wereldwijde betalingen en handel delen
Duurzame periodieke dividenden ontvangen
Profiteren van langdurige groei via de wereldwijde expansie van 9M
Samen met wereldgebruikers de waarde van het toekomstige financiële ecosysteem creëren en delen — zodat groei meer wordt dan cijfers.","Å bli med i “9M Økosystem Partnerskapsprogram” = å gå inn i kjernemotoren for vekst i 9M-økosystemet.
Avkastningen her kommer fra reell forretningsvekst, ikke kortsiktige svingninger.
Som en medbygger av økosystemet vil du:
Del globale inntekter fra betalinger og handel
Motta bærekraftige periodiske utbytter
Dra nytte av langsiktig vekst fra 9Ms globale ekspansjon
Skape og dele verdien av fremtidens finansøkosystem sammen med globale brukere, slik at vekst blir mer enn bare tall.","Att gå med i “9M Ekosystempartnerskapsprogram” = att kliva in i den centrala tillväxtmotorn i 9M-ekosystemet.
Avkastningen här kommer från verklig affärstillväxt, inte kortsiktig volatilitet.
Som ekosystemmedskapare kommer du att:
Dela kärnintäkter från globala betalningar och handel
Få hållbara periodiska utdelningar
Dra nytta av långsiktig tillväxt från 9M:s globala expansion
Skapa och dela värde i framtidens finansiella ekosystem tillsammans med globala användare så att tillväxt blir mer än bara siffror.","A vă alătura “Programul de Parteneriat al Ecosistemului 9M” = a intra în motorul central de creștere al ecosistemului 9M.
Aici, câștigurile provin din creștere reală a afacerii, nu din volatilitate pe termen scurt.
Ca și co-constructor al ecosistemului, veți:
Împărți veniturile de bază ale plăților și tranzacțiilor globale
Primi dividende periodice durabile
Beneficia de creșterea pe termen lung a expansiunii globale 9M
Crea și împărtăși valoarea ecosistemului financiar al viitorului împreună cu utilizatori din întreaga lume — astfel încât creșterea să nu se limiteze doar la cifre.","Připojení k “Partnerský program ekosystému 9M” = vstup do hlavního růstového motoru ekosystému 9M.
Zde výnosy pocházejí ze skutečného růstu podnikání, nikoli z krátkodobé volatility.
Jako spolutvůrce ekosystému budete:
Sdílet klíčové příjmy z globálních plateb a obchodování
Získávat udržitelné pravidelné dividendy
Těžit z dlouhodobého růstu díky globální expanzi 9M
Spolu s globálními uživateli vytvářet a sdílet hodnotu budoucího finančního ekosystému, aby růst nebyl jen o číslech."
USDMBalance,USD9 Balance,USD9余额,USD9 餘額,USD9 残高,USD9 잔액,Baki USD9,ยอดคงเหลือ USD9,Số dư USD9,USD9 बैलेंस,USD9-Kontostand,Solde USD9,Saldo USD9,Saldo USD9,Saldo USD9,USD9-saldo,USD9-saldo,USD9-saldo,Sold USD9,Zůstatek USD9
9MCBalance,9MT Balance,9MT余额,9MT 餘額,9MT 残高,9MT 잔액,Baki 9MT,ยอดคงเหลือ 9MT,Số dư 9MT,9MT बैलेंस,9MT-Kontostand,Solde 9MT,Saldo 9MT,Saldo 9MT,Saldo 9MT,9MT-saldo,9MT-saldo,9MT-saldo,Sold 9MT,Zůstatek 9MT
Deposit History,Deposit History:,充值记录：,充值記錄：,入金履歴：,입금 기록:,Rekod deposit:,ประวัติการเติมเงิน:,Lịch sử nạp tiền:,जमा रिकॉर्ड:,Einzahlungsverlauf:,Historique des dépôts:,Histórico de Depósitos:,Historial de depósitos:,Storico ricariche:,Stortingsgeschiedenis,Innskuddshistorikk,Insättningshistorik,Istoric depuneri,Historie vkladů
9MEcosystemBuy,Buy,买入,買入,購入,매수,Beli,ซื้อ,Mua,खरीदें,Kaufen,Acheter,Comprar,Comprar,Acquista,Kopen,Kjøp,Köp,Cumpărați,Koupit
topuptoGrowthPool,Top-up to Growth Pool,Growth Pool充值,Growth Pool 充值,Growth Pool へ入金,Growth Pool 충전,Top-up Growth Pool,เติมเงินเข้าสู่ Growth Pool,Nạp Growth Pool,Growth Pool में जमा करें,Growth Pool aufladen,Recharger le Growth Pool,Recarregar Growth Pool,Recargar Growth Pool,Ricarica Growth Pool,Growth Pool opladen,Fylle på Growth Pool,Fylla på Growth Pool,Încărcare Growth Pool,Dobít Growth Pool
selectCurrency,Select Currency,选择币种,選擇幣種,通貨を選択,통화 선택,Select mata wang,เลือกสกุลเงิน,Chọn loại tiền,मुद्रा चुनें,Währung wählen,Choisir la devise,Selecionar Moeda,Seleccionar moneda,Seleziona valuta,Valuta kiezen,Velg valuta,Välj valuta,Alegeți moneda,Zvolte měnu
selectCurrencyDesc,Please enter purchase amount,请输入购买金额,請輸入購買金額,購入金額を入力してください,구매 금액을 입력하세요,Sila masukkan amaun pembelian,กรุณากรอกจำนวนเงินซื้อ,Vui lòng nhập số tiền mua,कृपया खरीद राशि दर्ज करें,Bitte Kaufbetrag eingeben,Veuillez saisir le montant d’achat,Insira o montante da compra,Ingrese el monto de compra,Inserisci l’importo di acquisto,Voer het aankoopbedrag in,Skriv inn kjøpsbeløp,Ange köpbelopp,Introduceți suma achiziției,Zadejte částku nákupu
REGIST,Registration Deposit,报名押金,報名押金,登録デポジット,등록 보증금,Deposit Pendaftaran,เงินมัดจำการลงทะเบียน,Đặt cọc đăng ký,पंजीकरण जमा,Registrierungsanzahlung,Dépôt d’inscription,Depósito de Registro,Depósito de registro,Deposito di registrazione,Registratiedeposito,Registreringsinnskudd,Registreringsdeposition,Depozit de înregistrare,Záloha na registraci
PAYDEPOSIT,Registration Deposit Return,报名押金返还,報名押金返還,登録デポジットの返却,등록 보증금 반환,Pemulangan Deposit Pendaftaran,การคืนเงินมัดจำการลงทะเบียน,Hoàn trả đặt cọc đăng ký,पंजीकरण जमा वापसी,Rückerstattung der Registrierungsanzahlung,Remboursement du dépôt d’inscription,Devolução do Depósito de Registro,Devolución del depósito de registro,Rimborso deposito di registrazione,Teruggave van registratie deposito,Refusjon av registreringsinnskudd,Återbetalning av registreringsdeposition,Returnarea depozitului de înregistrare,Vrácení zálohy na registraci
GP_EXCHANGE,Swap Deposit,闪兑充值,閃兌充值,スワップ入金,스왑 입금,Deposit Pertukaran,ฝากสว็อป,Nạp tiền hoán đổi,स्वैप जमा,Swap-Einzahlung,Dépôt d’échange,Depósito de Swap,Depósito de intercambio,Deposito di swap,Swap-storting,Bytteinnskudd,Swap-inbetalning,Depunere Swap,Výměna vkladu
GP_BUY_IN,Fund Wallet Deposit,基金钱包充值,基金錢包充值,ファンドウォレット入金,펀드 지갑 입금,Pemindahan ke Dompet Dana,การฝากเงินกระเป๋ากองทุน,Nạp ví quỹ,फंड वॉलेट जमा,Einzahlung auf das Fonds-Wallet,Dépôt du portefeuille de fonds,Depósito na Carteira de Fundos,Fondo Wallet Deposit,Deposito nel portafoglio Fondi,Storting op de Fonds-portemonnee,Innskudd til Fond-lommebok,Insättning till Fond-plånbok,Depunere în portofelul Fondurilor,Nabití peněženky fondového fondu
GP_BUY_OUT,Growth Pool Deposit,Growth Pool充值,Growth Pool充值,Growth Pool入金,Growth Pool 입금,Pemindahan ke Growth Pool,การฝากเงิน Growth Pool,Nạp Growth Pool,Growth Pool जमा,Einzahlung auf das Growth Pool,Dépôt du Growth Pool,Depósito no Growth Pool,Growth Pool Deposit,Deposito nel Growth Pool,Storting op de Growth Pool,Innskudd til Growth Pool,Insättning till Growth Pool,Depunere în Growth Pool,Nabití Growth Pool
GP_SPOT_BUY,Spot Wallet Deposit,现货钱包充值,現貨錢包充值,スポットウォレット入金,스팟 지갑 입금,Pemindahan ke Dompet Spot,การฝากเงินกระเป๋าสปอต,Nạp ví giao ngay,स्पॉट वॉलेट जमा,Einzahlung auf das Spot-Wallet,Dépôt du portefeuille Spot,Depósito na Carteira Spot,Depósito de Spot Wallet,Deposito nel portafoglio Spot,Storting op de Spot-portemonnee,Innskudd til Spot-lommebok,Insättning till Spot-plånbok,Depunere în portofelul Spot,Nabití peněženky spotového fondu
swap_ext_hint,"For your current VIP level, {precent}% of each claimed amount will be automatically allocated to the Growth Pool, which is used for equity acquisition and long-term yield generation.",对于您所在的 VIP 等级：每次领取金额的 {precent}% 将自动分配至增长池，用于参与股权收购并获取对应收益。,對於您所在的 VIP 等級：每次領取金額的 {precent}% 將自動分配至增長池，用於參與股權收購並獲取相應收益。,現在の VIP ランクに基づき、各受取金額の {precent}％ が自動的にグロースプールへ割り当てられ、株式取得および長期収益の獲得に使用されます。,"회원님의 현재 VIP 등급 기준으로, 각 수령 금액의 {precent}%가 자동으로 성장 풀에 배정되며, 이는 지분 취득과 장기 수익 창출에 사용됩니다.","Menurut tahap VIP anda, {precent}% daripada setiap amaun yang diterima akan diperuntukkan secara automatik ke Growth Pool untuk pengambilalihan ekuiti dan penjanaan hasil jangka panjang.",ตามระดับ VIP ของคุณ {precent}% ของจำนวนเงินที่ได้รับจะถูกจัดสรรอัตโนมัติไปยัง Growth Pool เพื่อใช้ในการได้มาซึ่งหุ้นและสร้างผลตอบแทนระยะยาว,"Dựa trên cấp VIP hiện tại của bạn, {precent}% mỗi khoản tiền nhận được sẽ được tự động phân bổ vào Growth Pool để tham gia mua cổ phần và tạo lợi nhuận dài hạn.","आपके वर्तमान VIP स्तर के अनुसार, प्रत्येक प्राप्त राशि का {precent}% स्वचालित रूप से Growth Pool में आवंटित किया जाएगा, जिसका उपयोग इक्विटी अधिग्रहण और दीर्घकालिक रिटर्न उत्पन्न करने के लिए किया जाता है।","Gemäß Ihrem aktuellen VIP-Level werden {precent}% jedes erhaltenen Betrags automatisch dem Growth Pool zugewiesen, um Aktienakquisition und langfristige Ertragsgenerierung zu unterstützen.","Selon votre niveau VIP, {precent}% de chaque montant reçu seront automatiquement alloués au Growth Pool pour l’acquisition d’actions et la génération de revenus à long terme.","Para o seu nível VIP atual, {precent}% de cada valor recebido será automaticamente alocado ao Growth Pool, utilizado para aquisição de ações e geração de rendimentos a longo prazo.","Según su nivel VIP actual, el {precent}% de cada monto recibido se asignará automáticamente al Growth Pool para adquisición de acciones y generación de rendimientos a largo plazo.","In base al tuo livello VIP, il {precent}% di ogni importo ricevuto sarà automaticamente assegnato al Growth Pool per l’acquisizione di equity e la generazione di rendimenti a lungo termine.",Op basis van uw huidige VIP-niveau wordt {precent}% van elk ontvangen bedrag automatisch toegewezen aan de Growth Pool voor aandelenverwerving en langetermijnrendement.,Basert på ditt nåværende VIP-nivå vil {precent}% av hvert mottatt beløp automatisk bli tildelt Growth Pool for aksjeoppkjøp og langsiktig avkastning.,Baserat på din nuvarande VIP-nivå kommer {precent}% av varje mottaget belopp automatiskt att tilldelas Growth Pool för aktieförvärv och långsiktig avkastning.,"Pe baza nivelului dvs. VIP, {precent}% din fiecare sumă primită va fi alocată automat către Growth Pool pentru achiziția de acțiuni și generarea de câștiguri pe termen lung.","Na základě vaší VIP úrovně bude {precent} % z každé přijaté částky automaticky přiděleno do Growth Pool, určeného k získávání akcií a tvorbě dlouhodobých výnosů."
GP_TRANSFER,Growth Pool Consolidation,增长池归集,增長池歸集,成長プールの統合,성장 풀 집합,Penggabungan Kolam Pertumbuhan,การรวมกลุ่มของสระการเติบโต,Hợp nhất bể tăng trưởng,वृद्धि पूल एकत्रीकरण,Wachstumspool-Konsolidierung,Consolidation du Pool de Croissance,Consolidação do Pool de Crescimento,Consolidación del Pool de Crecimiento,Consolidamento del Pool di Crescita,Groei Pool Consolidatie,Vekstbassengets Konsolidering,Konsolidering av Växande Pool,Consolidarea Pool-ului de Creștere,Konsolidace Růstového Poolu
VIP_RACE_REWARD,VIP Registration,VIP报名赛奖金,VIP報名賽獎金,VIP登録ボーナス,VIP 등록 보너스,Bonus Pendaftaran VIP,โบนัสลงทะเบียน VIP,Thưởng đăng ký VIP,वीआईपी पंजीकरण बोनस,VIP-Anmeldebonus,Prime d’inscription VIP,Prémio VIP do Torneio,Bono de Registro VIP,Bonus Iscrizione VIP,VIP-aanmeldbonus,VIP-registreringsbonus,VIP-registreringsbonus,Bonus de înregistrare VIP,VIP registrační bonus
GP_DIRECT_PUSH_REWARD,Growth Pool Direct Referral Reward,增长池直推奖励,增長池直推獎勵,成長プール直接紹介報酬,성장 풀 직접 추천 보상,Ganjaran Rujukan Terus Kolam Pertumbuhan,รางวัลการแนะนำโดยตรงของกองทุนการเติบโต,Phần thưởng giới thiệu trực tiếp của Quỹ Tăng trưởng,ग्रोथ पूल प्रत्यक्ष रेफरल पुरस्कार,Wachstumspool-Direktempfehlungsbelohnung,Récompense de parrainage direct du pool de croissance,Recompensa de indicação direta do Pool de Crescimento,Recompensa por referencia directa del Pool de Crecimiento,Ricompensa di referral diretto del Pool di Crescita,Directe doorverwijzingsbeloning van de Groeipool,Direkte henvisningsbelønning fra vekstpoolen,Direkt hänvisningsbelöning från tillväxtpoolen,Recompensă pentru recomandare directă din Fondul de Creștere,Odměna za přímé doporučení z růstového fondu
GP_INDIRECT_PUSH_REWARD,Growth Pool Indirect Referral Reward,增长池间推奖励,增長池間推獎勵,成長プール間接紹介報酬,성장 풀 간접 추천 보상,Ganjaran Rujukan Tidak Langsung Kolam Pertumbuhan,รางวัลการแนะนำทางอ้อมของกองทุนการเติบโต,Phần thưởng giới thiệu gián tiếp của Quỹ Tăng trưởng,ग्रोथ पूल अप्रत्यक्ष रेफरल पुरस्कार,Wachstumspool-Indirektempfehlungsbelohnung,Récompense de parrainage indirect du pool de croissance,Recompensa de indicação indireta do Pool de Crescimento,Recompensa por referencia indirecta del Pool de Crecimiento,Ricompensa di referral indiretto del Pool di Crescita,Indirecte doorverwijzingsbeloning van de Groeipool,Indirekte henvisningsbelønning fra vekstpoolen,Indirekt hänvisningsbelöning från tillväxtpoolen,Recompensă pentru recomandare indirectă din Fondul de Creștere,Odměna za nepřímé doporučení z růstového fondu
site_message,In-App Message,站内信,站內信,アプリ内メッセージ,앱 내 메시지,Mesej Dalam Aplikasi,ข้อความภายในระบบ,Tin Nhắn Trong Ứng Dụng,इन-ऐप संदेश,Interne Nachricht,Message Interne,Mensagem Interna,Mensaje Interno,Messaggio Interno,Interne Berichtgeving,Intern Melding,Internt Meddelande,Mesaj Intern,Interní Zpráva
direct_referral,Direct Referral,直推,直推,直接紹介,직접 추천,Rujukan Langsung,การแนะนำโดยตรง,Giới thiệu trực tiếp,प्रत्यक्ष रेफ़रल,Direkte Empfehlung,Parrainage Direct,Indicação Direta,Referencia Directa,Riferimento Diretto,Directe Verwijzing,Direkte Henvisning,Direkt Rekommendation,Recomandare Directă,Přímé Doporučení
asset,Asset,资产,資產,資産,자산,Aset,สินทรัพย์,Tài sản,संपत्ति,Vermögenswert,Actif,Ativo,Activo,Bene,Activa,Eiendel,Tillgång,Activum,Aktivum
referral,Referral,推荐,推薦,紹介,추천,Rujukan,การแนะนำ,Giới thiệu,रेफ़रल,Empfehlung,Parrainage,Indicação,Referencia,Riferimento,Verwijzing,Henvisning,Rekommendation,Recomandare,Doporučení
internal_transfer,Internal Transfer,内转,內轉,内部振替,내부 이체,Pemindahan dalaman,โอนภายใน,Chuyển nội bộ,आंतरिक स्थानांतरण,Interne Überweisung,Virement interne,Transferência interna,Transferencia interna,Trasferimento interno,Interne overboeking,Intern overføring,Intern överföring,Transfer intern,"Interní převod
onchain_withdrawal"
onchain_withdrawal,On-chain Withdrawal,链上提现,鏈上提現,オンチェーン出金,온체인 출금,Pengeluaran on-chain,ถอนบนเชน,Rút trên chuỗi,ऑन-चेन निकासी,On-chain Auszahlung,Retrait on-chain,Retirada on-chain,Retiro on-chain,Prelievo on-chain,On-chain opname,On-chain uttak,On-chain uttag,Retragere on-chain,"On-chain výběr
internal_transfer"
static_pool,Static Pool,静态池,靜態池,静的プール,정적 풀,Kolam statik,สระนิ่ง,Hồ tĩnh,स्थिर पूल,Statischer Pool,Pool Statique,Pool Estático,Grupo Estático,Pool Statico,Statische Pool,Statisk Pool,Statisk Pool,Pool Static,Statický Pool
dynamic_pool,Dynamic Pool,动态池,動態池,動的プール,동적 풀,Kolam dinamik,สระแบบไดนามิก,Hồ động,गतिशील पूल,Dynamischer Pool,Pool Dynamique,Pool Dinâmico,Grupo Dinámico,Pool Dinamico,Dynamische Pool,Dynamisk Pool,Dynamisk Pool,Pool Dinamic,Dynamický Pool
total_rewards,Total Rewards,总收益,總收益,合計報酬,총 보상,Jumlah Ganjaran,รางวัลรวม,Tổng phần thưởng,कुल पुरस्कार,Gesamtbelohnungen,Récompenses Totales,Recompensas Totais,Recompensas Totales,Ricompense Totali,Totale Beloningen,Totale Belønninger,Totala Belöningar,Recompense Totale,Celkové Odměny
daily_compound_interest,Daily Compound Interest Earnings,每日复利收益,每日複利收益,日次複利収益,일일 복리 수익,Pendapatan Faedah Kompaun Harian,รายได้ดอกเบี้ยทบต้นรายวัน,Thu nhập lãi kép hàng ngày,दैनिक चक्रवृद्धि ब्याज आय,Tägliche Zinseszins-Erträge,Revenus d'Intérêts Composés Quotidiens,Rendimentos de Juros Compostos Diários,Ingresos por Interés Compuesto Diario,Interessi Composti Giornalieri,Dagelijkse Samengestelde Rente-Inkomen,Daglige Renteinntekter med Renters Rente,Dagliga Sammansatta Ränteintäkter,Venituri Zilnice de Dobândă Compusă,Denní Složené Úrokové Výnosy
static_balance,Static Balance,静态余额,靜態餘額,静的残高,정적 잔액,Baki Statik,ยอดคงเหลือคงที่,Số dư tĩnh,स्थिर शेष,Statisches Guthaben,Solde Statique,Saldo Estático,Saldo Estático,Saldo Statico,Statische Balans,Statisk Saldo,Statisk Saldo,Sold Static,B Statický Zůstatek
dynamic_balance,Dynamic Balance,动态余额,動態餘額,動的残高,동적 잔액,Baki Dinamik,ยอดคงเหลือแบบไดนามิก,Số dư động,गतिशील शेष,Dynamisches Guthaben,Solde Dynamique,Saldo Dinâmico,Saldo Dinámico,Saldo Dinamico,Dynamische Balans,Dynamisk Saldo,Dynamisk Saldo,Sold Dinamic,Dynamický Zůstatek
static_earnings,Static Earnings,静态收益,靜態收益,静的収益,정적 수익,Pendapatan Statik,รายได้คงที่,Thu nhập tĩnh,स्थिर आय,Statische Erträge,Gains Statiques,Ganhos Estáticos,Ganancias Estáticas,Guadagni Statici,Statische Inkomsten,Statisk Inntekt,Statisk Inkomst,Câștiguri Statice,Statické Výnosy
dynamic_earnings,Dynamic Earnings,动态收益,動態收益,動的収益,동적 수익,Pendapatan Dinamik,รายได้แบบไดนามิก,Thu nhập động,गतिशील आय,Dynamische Erträge,Gains Dynamiques,Ganhos Dinâmicos,Ganancias Dinámicas,Guadagni Dinamici,Dynamische Inkomsten,Dynamisk Inntekt,Dynamisk Inkomst,Câștiguri Dinamice,Dynamické Výnosy
withdraw_earnings,Withdraw Earnings,提取收益,提取收益,収益を引き出す,수익 인출,Mengeluarkan Pendapatan,ถอนรายได้,Rút Thu Nhập,आय निकालें,Erträge Abheben,Retirer les Gains,Retirar Ganhos,Retirar Ganancias,Ritira Guadagni,Inkomsten Opnemen,Ta Ut Inntekter,Ta Ut Intäkter,Retrage Câștiguri,Vybrat Výnosy
estimated_arrival,Estimated Arrival,预计到账,預計到賬,到着予想,예상 도착,Anggaran Ketibaan,เวลาถึงโดยประมาณ,Thời Gian Đến Ước Tính,अनुमानित आगमन,Geschätzte Ankunft,Arrivée Estimée,Chegada Estimada,Llegada Estimada,Arrivo Stimato,Geschatte Aankomst,Estimert Ankomst,Uppskattad Ankomst,Sosire Estimat,Odhadovaný Příjezd
earnings_lock_pool,Earnings Lock Pool,收益锁仓池,收益鎖倉池,収益ロックプール,수익 잠금 풀,Kolam Kunci Pendapatan,พูลล็อกรายได้,Hồ khóa thu nhập,आय लॉक पूल,Einkommens-Sperrpool,Piscine de Blocage des Revenus,Piscina de Bloqueio de Rendimentos,Piscina de Bloqueo de Ingresos,Piscina di Blocco dei Ricavi,Inkomsten Vergrendelingspool,Låst Inntektspool,Låst Intäktspool,Blocare Venituri Piscină,Pozamykací Pool Výdělků
build_long_term_win_win_ecosystem,Build a Long-Term Win-Win Ecosystem,打造长期双赢的生态系统,打造長期雙贏的生態系統,長期的ウィンウィンエコシステムを構築する,장기적 상생 생태계 구축,Membina Ekosistem Menang Menang Jangka Panjang,สร้างระบบนิเวศที่ “วิน-วิน” ระยะยาว,Xây dựng hệ sinh thái đôi bên cùng có lợi lâu dài,दीर्घकालिक वन-विन पारिस्थितिकी तंत्र बनाना,Langfristiges Win-Win-Ökosystem aufbauen,Construire un Écosystème Gagnant-Gagnant à Long Terme,Construir um Ecossistema de Ganho-Ganho de Longo Prazo,Construir un Ecosistema Ganar-Ganar a Largo Plazo,Costruire un Ecosistema Win-Win a Lungo Termine,Lange Termijn Win-Win Ecosysteem Bygge Langsiktig Vin-Vin Økosystem,Långsiktigt Win-Win Ekosystem Construiește un Ecosistem Win-Win pe Termen Lung,Vytvořit dlouhodobý ekosystém výhodný pro obě strany,,
key,Build a Long-Term Win-Win Ecosystem,打造长期双赢的生态系统,打造長期雙贏的生態系統,長期的ウィンウィンエコシステムを構築する,장기적 상생 생태계 구축,Membina Ekosistem Menang Menang Jangka Panjang,สร้างระบบนิเวศที่ “วิน-วิน” ระยะยาว,Xây dựng hệ sinh thái đôi bên cùng có lợi lâu dài,दीर्घकालिक वन-विन पारिस्थितिकी तंत्र बनाना,Langfristiges Win-Win-Ökosystem aufbauen,Construire un Écosystème Gagnant-Gagnant à Long Terme,Construir um Ecossistema de Ganho-Ganho de Longo Prazo,Construir un Ecosistema Ganar-Ganar a Largo Plazo,Costruire un Ecosistema Win-Win a Lungo Termine,Lange Termijn Win-Win Ecosysteem Bygge Langsiktig Vin-Vin Økosystem,Långsiktigt Win-Win Ekosystem Construiește un Ecosistem Win-Win pe Termen Lung,Vytvořit dlouhodobý ekosystém výhodný pro obě strany,,
fund_no_1,Fund No. 1,1号基金,1號基金,ファンド1号,1번 펀드,Dana No. 1,กองทุนหมายเลข 1,Quỹ số 1,फंड नंबर 1,Fonds Nr. 1,Fonds n° 1,Fundo Nº 1,Fondo Nº 1,Fondo n. 1,Fonds nr. 1,Fond nr. 1,Fond nr. 1,Fondul nr. 1,Fond č. 1
fund_no_2,Fund No. 2,2号基金,2號基金,ファンド2号,2번 펀드,Dana No. 2,กองทุนหมายเลข 2,Quỹ số 2,फंड नंबर 2,Fonds Nr. 2,Fonds n° 2,Fundo Nº 2,Fondo Nº 2,Fondo n. 2,Fonds nr. 2,Fond nr. 2,Fond nr. 2,Fondul nr. 2,Fond č. 2